match_id,team_1,team_2,winner,margin,ground,match_date
1370353,Titans,Super Kings,Super Kings,5 wickets,Ahmedabad,"May 28, 2023"
1370352,Titans,Mumbai,Titans,62 runs,Ahmedabad,"May 26, 2023"
1370351,Super Giants,Mumbai,Mumbai,81 runs,Chennai,"May 24, 2023"
1370350,Super Kings,Titans,Super Kings,15 runs,Chennai,"May 23, 2023"
1359544,RCB,Titans,Titans,6 wickets,Bengaluru,"May 21, 2023"
1359543,Mumbai,Sunrisers,Mumbai,8 wickets,Wankhede,"May 21, 2023"
1359542,KKR,Super Giants,Super Giants,1 run,Eden Gardens,"May 20, 2023"
1359541,Capitals,Super Kings,Super Kings,77 runs,Delhi,"May 20, 2023"
1359540,Punjab Kings,Royals,Royals,4 wickets,Dharamsala,"May 19, 2023"
1359539,Sunrisers,RCB,RCB,8 wickets,Hyderabad,"May 18, 2023"
1359538,Punjab Kings,Capitals,Capitals,15 runs,Dharamsala,"May 17, 2023"
1359537,Super Giants,Mumbai,Super Giants,5 runs,Lucknow,"May 16, 2023"
1359536,Titans,Sunrisers,Titans,34 runs,Ahmedabad,"May 15, 2023"
1359535,Super Kings,KKR,KKR,6 wickets,Chennai,"May 14, 2023"
1359534,Royals,RCB,RCB,112 runs,Jaipur,"May 14, 2023"
1359533,Capitals,Punjab Kings,Punjab Kings,31 runs,Delhi,"May 13, 2023"
1359532,Sunrisers,Super Giants,Super Giants,7 wickets,Hyderabad,"May 13, 2023"
1359531,Mumbai,Titans,Mumbai,27 runs,Wankhede,"May 12, 2023"
1359530,KKR,Royals,Royals,9 wickets,Eden Gardens,"May 11, 2023"
1359529,Super Kings,Capitals,Super Kings,27 runs,Chennai,"May 10, 2023"
1359528,Mumbai,RCB,Mumbai,6 wickets,Wankhede,"May 9, 2023"
1359527,KKR,Punjab Kings,KKR,5 wickets,Eden Gardens,"May 8, 2023"
1359526,Royals,Sunrisers,Sunrisers,4 wickets,Jaipur,"May 7, 2023"
1359525,Titans,Super Giants,Titans,56 runs,Ahmedabad,"May 7, 2023"
1359524,Capitals,RCB,Capitals,7 wickets,Delhi,"May 6, 2023"
1359523,Super Kings,Mumbai,Super Kings,6 wickets,Chennai,"May 6, 2023"
1359522,Royals,Titans,Titans,9 wickets,Jaipur,"May 5, 2023"
1359521,Sunrisers,KKR,KKR,5 runs,Hyderabad,"May 4, 2023"
1359520,Punjab Kings,Mumbai,Mumbai,6 wickets,Mohali,"May 3, 2023"
1359519,Super Giants,Super Kings,no result,-,Lucknow,"May 3, 2023"
1359518,Titans,Capitals,Capitals,5 runs,Ahmedabad,"May 2, 2023"
1359517,Super Giants,RCB,RCB,18 runs,Lucknow,"May 1, 2023"
1359516,Mumbai,Royals,Mumbai,6 wickets,Wankhede,"Apr 30, 2023"
1359515,Super Kings,Punjab Kings,Punjab Kings,4 wickets,Chennai,"Apr 30, 2023"
1359514,Capitals,Sunrisers,Sunrisers,9 runs,Delhi,"Apr 29, 2023"
1359513,KKR,Titans,Titans,7 wickets,Eden Gardens,"Apr 29, 2023"
1359512,Punjab Kings,Super Giants,Super Giants,56 runs,Mohali,"Apr 28, 2023"
1359511,Royals,Super Kings,Royals,32 runs,Jaipur,"Apr 27, 2023"
1359510,RCB,KKR,KKR,21 runs,Bengaluru,"Apr 26, 2023"
1359509,Titans,Mumbai,Titans,55 runs,Ahmedabad,"Apr 25, 2023"
1359508,Sunrisers,Capitals,Capitals,7 runs,Hyderabad,"Apr 24, 2023"
1359507,KKR,Super Kings,Super Kings,49 runs,Eden Gardens,"Apr 23, 2023"
1359506,RCB,Royals,RCB,7 runs,Bengaluru,"Apr 23, 2023"
1359505,Mumbai,Punjab Kings,Punjab Kings,13 runs,Wankhede,"Apr 22, 2023"
1359504,Super Giants,Titans,Titans,7 runs,Lucknow,"Apr 22, 2023"
1359503,Super Kings,Sunrisers,Super Kings,7 wickets,Chennai,"Apr 21, 2023"
1359502,Capitals,KKR,Capitals,4 wickets,Delhi,"Apr 20, 2023"
1359501,Punjab Kings,RCB,RCB,24 runs,Mohali,"Apr 20, 2023"
1359500,Royals,Super Giants,Super Giants,10 runs,Jaipur,"Apr 19, 2023"
1359499,Sunrisers,Mumbai,Mumbai,14 runs,Hyderabad,"Apr 18, 2023"
1359498,RCB,Super Kings,Super Kings,8 runs,Bengaluru,"Apr 17, 2023"
1359497,Titans,Royals,Royals,3 wickets,Ahmedabad,"Apr 16, 2023"
1359496,Mumbai,KKR,Mumbai,5 wickets,Wankhede,"Apr 16, 2023"
1359495,Super Giants,Punjab Kings,Punjab Kings,2 wickets,Lucknow,"Apr 15, 2023"
1359494,RCB,Capitals,RCB,23 runs,Bengaluru,"Apr 15, 2023"
1359493,KKR,Sunrisers,Sunrisers,23 runs,Eden Gardens,"Apr 14, 2023"
1359492,Punjab Kings,Titans,Titans,6 wickets,Mohali,"Apr 13, 2023"
1359491,Super Kings,Royals,Royals,3 runs,Chennai,"Apr 12, 2023"
1359490,Capitals,Mumbai,Mumbai,6 wickets,Delhi,"Apr 11, 2023"
1359489,RCB,Super Giants,Super Giants,1 wicket,Bengaluru,"Apr 10, 2023"
1359488,Sunrisers,Punjab Kings,Sunrisers,8 wickets,Hyderabad,"Apr 9, 2023"
1359487,Titans,KKR,KKR,3 wickets,Ahmedabad,"Apr 9, 2023"
1359486,Mumbai,Super Kings,Super Kings,7 wickets,Wankhede,"Apr 8, 2023"
1359485,Royals,Capitals,Royals,57 runs,Guwahati,"Apr 8, 2023"
1359484,Super Giants,Sunrisers,Super Giants,5 wickets,Lucknow,"Apr 7, 2023"
1359483,KKR,RCB,KKR,81 runs,Eden Gardens,"Apr 6, 2023"
1359482,Royals,Punjab Kings,Punjab Kings,5 runs,Guwahati,"Apr 5, 2023"
1359481,Capitals,Titans,Titans,6 wickets,Delhi,"Apr 4, 2023"
1359480,Super Kings,Super Giants,Super Kings,12 runs,Chennai,"Apr 3, 2023"
1359479,RCB,Mumbai,RCB,8 wickets,Bengaluru,"Apr 2, 2023"
1359478,Sunrisers,Royals,Royals,72 runs,Hyderabad,"Apr 2, 2023"
1359477,Super Giants,Capitals,Super Giants,50 runs,Lucknow,"Apr 1, 2023"
1359476,Punjab Kings,KKR,Punjab Kings,7 runs,Mohali,"Apr 1, 2023"
1359475,Titans,Super Kings,Titans,5 wickets,Ahmedabad,"Mar 31, 2023"
1312200,Titans,Royals,Titans,7 wickets,Ahmedabad,"May 29, 2022"
1312199,Royals,RCB,Royals,7 wickets,Ahmedabad,"May 27, 2022"
1312198,Super Giants,RCB,RCB,14 runs,Eden Gardens,"May 25, 2022"
1312197,Titans,Royals,Titans,7 wickets,Eden Gardens,"May 24, 2022"
1304116,Sunrisers,Punjab Kings,Punjab Kings,5 wickets,Wankhede,"May 22, 2022"
1304115,Mumbai,Capitals,Mumbai,5 wickets,Wankhede,"May 21, 2022"
1304114,Royals,Super Kings,Royals,5 wickets,Brabourne,"May 20, 2022"
1304113,RCB,Titans,RCB,8 wickets,Wankhede,"May 19, 2022"
1304112,KKR,Super Giants,Super Giants,2 runs,DY Patil,"May 18, 2022"
1304111,Mumbai,Sunrisers,Sunrisers,3 runs,Wankhede,"May 17, 2022"
1304110,Punjab Kings,Capitals,Capitals,17 runs,DY Patil,"May 16, 2022"
1304109,Super Giants,Royals,Royals,24 runs,Brabourne,"May 15, 2022"
1304108,Super Kings,Titans,Titans,7 wickets,Wankhede,"May 15, 2022"
1304107,KKR,Sunrisers,KKR,54 runs,Pune,"May 14, 2022"
1304106,RCB,Punjab Kings,Punjab Kings,54 runs,Brabourne,"May 13, 2022"
1304105,Super Kings,Mumbai,Mumbai,5 wickets,Wankhede,"May 12, 2022"
1304104,Royals,Capitals,Capitals,8 wickets,DY Patil,"May 11, 2022"
1304103,Super Giants,Titans,Titans,62 runs,Pune,"May 10, 2022"
1304102,Mumbai,KKR,KKR,52 runs,DY Patil,"May 9, 2022"
1304101,Super Kings,Capitals,Super Kings,91 runs,DY Patil,"May 8, 2022"
1304100,Sunrisers,RCB,RCB,67 runs,Wankhede,"May 8, 2022"
1304099,Super Giants,KKR,Super Giants,75 runs,Pune,"May 7, 2022"
1304098,Punjab Kings,Royals,Royals,6 wickets,Wankhede,"May 7, 2022"
1304097,Titans,Mumbai,Mumbai,5 runs,Brabourne,"May 6, 2022"
1304096,Capitals,Sunrisers,Capitals,21 runs,Brabourne,"May 5, 2022"
1304095,RCB,Super Kings,RCB,13 runs,Pune,"May 4, 2022"
1304094,Titans,Punjab Kings,Punjab Kings,8 wickets,DY Patil,"May 3, 2022"
1304093,KKR,Royals,KKR,7 wickets,Wankhede,"May 2, 2022"
1304092,Sunrisers,Super Kings,Super Kings,13 runs,Pune,"May 1, 2022"
1304091,Capitals,Super Giants,Super Giants,6 runs,Wankhede,"May 1, 2022"
1304090,Royals,Mumbai,Mumbai,5 wickets,DY Patil,"Apr 30, 2022"
1304089,Titans,RCB,Titans,6 wickets,Brabourne,"Apr 30, 2022"
1304088,Punjab Kings,Super Giants,Super Giants,20 runs,Pune,"Apr 29, 2022"
1304087,Capitals,KKR,Capitals,4 wickets,Wankhede,"Apr 28, 2022"
1304086,Titans,Sunrisers,Titans,5 wickets,Wankhede,"Apr 27, 2022"
1304085,RCB,Royals,Royals,29 runs,Pune,"Apr 26, 2022"
1304084,Punjab Kings,Super Kings,Punjab Kings,11 runs,Wankhede,"Apr 25, 2022"
1304083,Super Giants,Mumbai,Super Giants,36 runs,Wankhede,"Apr 24, 2022"
1304082,RCB,Sunrisers,Sunrisers,9 wickets,Brabourne,"Apr 23, 2022"
1304081,KKR,Titans,Titans,8 runs,DY Patil,"Apr 23, 2022"
1304080,Capitals,Royals,Royals,15 runs,Wankhede,"Apr 22, 2022"
1304079,Mumbai,Super Kings,Super Kings,3 wickets,DY Patil,"Apr 21, 2022"
1304078,Capitals,Punjab Kings,Capitals,9 wickets,Brabourne,"Apr 20, 2022"
1304077,Super Giants,RCB,RCB,18 runs,DY Patil,"Apr 19, 2022"
1304076,Royals,KKR,Royals,7 runs,Brabourne,"Apr 18, 2022"
1304075,Titans,Super Kings,Titans,3 wickets,Pune,"Apr 17, 2022"
1304074,Punjab Kings,Sunrisers,Sunrisers,7 wickets,DY Patil,"Apr 17, 2022"
1304073,Capitals,RCB,RCB,16 runs,Wankhede,"Apr 16, 2022"
1304072,Mumbai,Super Giants,Super Giants,18 runs,Brabourne,"Apr 16, 2022"
1304071,Sunrisers,KKR,Sunrisers,7 wickets,Brabourne,"Apr 15, 2022"
1304070,Royals,Titans,Titans,37 runs,DY Patil,"Apr 14, 2022"
1304069,Mumbai,Punjab Kings,Punjab Kings,12 runs,Pune,"Apr 13, 2022"
1304068,Super Kings,RCB,Super Kings,23 runs,DY Patil,"Apr 12, 2022"
1304067,Sunrisers,Titans,Sunrisers,8 wickets,DY Patil,"Apr 11, 2022"
1304066,Royals,Super Giants,Royals,3 runs,Wankhede,"Apr 10, 2022"
1304065,KKR,Capitals,Capitals,44 runs,Brabourne,"Apr 10, 2022"
1304064,RCB,Mumbai,RCB,7 wickets,Pune,"Apr 9, 2022"
1304063,Super Kings,Sunrisers,Sunrisers,8 wickets,DY Patil,"Apr 9, 2022"
1304062,Punjab Kings,Titans,Titans,6 wickets,Brabourne,"Apr 8, 2022"
1304061,Super Giants,Capitals,Super Giants,6 wickets,DY Patil,"Apr 7, 2022"
1304060,KKR,Mumbai,KKR,5 wickets,Pune,"Apr 6, 2022"
1304059,Royals,RCB,RCB,4 wickets,Wankhede,"Apr 5, 2022"
1304058,Sunrisers,Super Giants,Super Giants,12 runs,DY Patil,"Apr 4, 2022"
1304057,Super Kings,Punjab Kings,Punjab Kings,54 runs,Brabourne,"Apr 3, 2022"
1304056,Titans,Capitals,Titans,14 runs,Pune,"Apr 2, 2022"
1304055,Mumbai,Royals,Royals,23 runs,DY Patil,"Apr 2, 2022"
1304054,KKR,Punjab Kings,KKR,6 wickets,Wankhede,"Apr 1, 2022"
1304053,Super Giants,Super Kings,Super Giants,6 wickets,Brabourne,"Mar 31, 2022"
1304052,RCB,KKR,RCB,3 wickets,DY Patil,"Mar 30, 2022"
1304051,Sunrisers,Royals,Royals,61 runs,Pune,"Mar 29, 2022"
1304050,Titans,Super Giants,Titans,5 wickets,Wankhede,"Mar 28, 2022"
1304049,Punjab Kings,RCB,Punjab Kings,5 wickets,DY Patil,"Mar 27, 2022"
1304048,Capitals,Mumbai,Capitals,4 wickets,Brabourne,"Mar 27, 2022"
1304047,Super Kings,KKR,KKR,6 wickets,Wankhede,"Mar 26, 2022"
1254117,Super Kings,KKR,Super Kings,27 runs,Dubai (DSC),"Oct 15, 2021"
1254116,Capitals,KKR,KKR,3 wickets,Sharjah,"Oct 13, 2021"
1254115,RCB,KKR,KKR,4 wickets,Sharjah,"Oct 11, 2021"
1254114,Capitals,Super Kings,Super Kings,4 wickets,Dubai (DSC),"Oct 10, 2021"
1254101,RCB,Capitals,RCB,7 wickets,Dubai (DSC),"Oct 8, 2021"
1254088,Sunrisers,Mumbai,Mumbai,42 runs,Abu Dhabi,"Oct 8, 2021"
1254106,KKR,Royals,KKR,86 runs,Sharjah,"Oct 7, 2021"
1254094,Super Kings,Punjab Kings,Punjab Kings,6 wickets,Dubai (DSC),"Oct 7, 2021"
1254095,RCB,Sunrisers,Sunrisers,4 runs,Abu Dhabi,"Oct 6, 2021"
1254093,Royals,Mumbai,Mumbai,8 wickets,Sharjah,"Oct 5, 2021"
1254110,Capitals,Super Kings,Capitals,3 wickets,Dubai (DSC),"Oct 4, 2021"
1254109,KKR,Sunrisers,KKR,6 wickets,Dubai (DSC),"Oct 3, 2021"
1254090,RCB,Punjab Kings,RCB,6 runs,Sharjah,"Oct 3, 2021"
1254089,Royals,Super Kings,Royals,7 wickets,Abu Dhabi,"Oct 2, 2021"
1254112,Mumbai,Capitals,Capitals,4 wickets,Sharjah,"Oct 2, 2021"
1254102,KKR,Punjab Kings,Punjab Kings,5 wickets,Dubai (DSC),"Oct 1, 2021"
1254091,Sunrisers,Super Kings,Super Kings,6 wickets,Sharjah,"Sep 30, 2021"
1254103,Royals,RCB,RCB,7 wickets,Dubai (DSC),"Sep 29, 2021"
1254099,Mumbai,Punjab Kings,Mumbai,6 wickets,Abu Dhabi,"Sep 28, 2021"
1254092,KKR,Capitals,KKR,3 wickets,Sharjah,"Sep 28, 2021"
1254100,Sunrisers,Royals,Sunrisers,7 wickets,Dubai (DSC),"Sep 27, 2021"
1254108,RCB,Mumbai,RCB,54 runs,Dubai (DSC),"Sep 26, 2021"
1254098,Super Kings,KKR,Super Kings,2 wickets,Abu Dhabi,"Sep 26, 2021"
1254107,Sunrisers,Punjab Kings,Punjab Kings,5 runs,Sharjah,"Sep 25, 2021"
1254097,Capitals,Royals,Capitals,33 runs,Abu Dhabi,"Sep 25, 2021"
1254113,RCB,Super Kings,Super Kings,6 wickets,Sharjah,"Sep 24, 2021"
1254096,Mumbai,KKR,KKR,7 wickets,Abu Dhabi,"Sep 23, 2021"
1254105,Capitals,Sunrisers,Capitals,8 wickets,Dubai (DSC),"Sep 22, 2021"
1254111,Punjab Kings,Royals,Royals,2 runs,Dubai (DSC),"Sep 21, 2021"
1254087,KKR,RCB,KKR,9 wickets,Abu Dhabi,"Sep 20, 2021"
1254104,Super Kings,Mumbai,Super Kings,20 runs,Dubai (DSC),"Sep 19, 2021"
1254086,Punjab Kings,Capitals,Capitals,7 wickets,Ahmedabad,"May 2, 2021"
1254085,Royals,Sunrisers,Royals,55 runs,Delhi,"May 2, 2021"
1254084,Mumbai,Super Kings,Mumbai,4 wickets,Delhi,"May 1, 2021"
1254083,Punjab Kings,RCB,Punjab Kings,34 runs,Ahmedabad,"Apr 30, 2021"
1254082,Capitals,KKR,Capitals,7 wickets,Ahmedabad,"Apr 29, 2021"
1254081,Mumbai,Royals,Mumbai,7 wickets,Delhi,"Apr 29, 2021"
1254080,Super Kings,Sunrisers,Super Kings,7 wickets,Delhi,"Apr 28, 2021"
1254079,Capitals,RCB,RCB,1 run,Ahmedabad,"Apr 27, 2021"
1254078,Punjab Kings,KKR,KKR,5 wickets,Ahmedabad,"Apr 26, 2021"
1254077,Sunrisers,Capitals,tied,-,Chennai,"Apr 25, 2021"
1254076,Super Kings,RCB,Super Kings,69 runs,Wankhede,"Apr 25, 2021"
1254075,Royals,KKR,Royals,6 wickets,Wankhede,"Apr 24, 2021"
1254074,Punjab Kings,Mumbai,Punjab Kings,9 wickets,Chennai,"Apr 23, 2021"
1254073,RCB,Royals,RCB,10 wickets,Wankhede,"Apr 22, 2021"
1254072,KKR,Super Kings,Super Kings,18 runs,Wankhede,"Apr 21, 2021"
1254071,Punjab Kings,Sunrisers,Sunrisers,9 wickets,Chennai,"Apr 21, 2021"
1254070,Capitals,Mumbai,Capitals,6 wickets,Chennai,"Apr 20, 2021"
1254069,Super Kings,Royals,Super Kings,45 runs,Wankhede,"Apr 19, 2021"
1254068,Capitals,Punjab Kings,Capitals,6 wickets,Wankhede,"Apr 18, 2021"
1254067,RCB,KKR,RCB,38 runs,Chennai,"Apr 18, 2021"
1254066,Mumbai,Sunrisers,Mumbai,13 runs,Chennai,"Apr 17, 2021"
1254065,Punjab Kings,Super Kings,Super Kings,6 wickets,Wankhede,"Apr 16, 2021"
1254064,Royals,Capitals,Royals,3 wickets,Wankhede,"Apr 15, 2021"
1254063,Sunrisers,RCB,RCB,6 runs,Chennai,"Apr 14, 2021"
1254062,KKR,Mumbai,Mumbai,10 runs,Chennai,"Apr 13, 2021"
1254061,Royals,Punjab Kings,Punjab Kings,4 runs,Wankhede,"Apr 12, 2021"
1254060,Sunrisers,KKR,KKR,10 runs,Chennai,"Apr 11, 2021"
1254059,Super Kings,Capitals,Capitals,7 wickets,Wankhede,"Apr 10, 2021"
1254058,Mumbai,RCB,RCB,2 wickets,Chennai,"Apr 9, 2021"
1237181,Capitals,Mumbai,Mumbai,5 wickets,Dubai (DSC),"Nov 10, 2020"
1237180,Capitals,Sunrisers,Capitals,17 runs,Abu Dhabi,"Nov 8, 2020"
1237178,RCB,Sunrisers,Sunrisers,6 wickets,Abu Dhabi,"Nov 6, 2020"
1237177,Capitals,Mumbai,Mumbai,57 runs,Dubai (DSC),"Nov 5, 2020"
1216495,Sunrisers,Mumbai,Sunrisers,10 wickets,Sharjah,"Nov 3, 2020"
1216505,Capitals,RCB,Capitals,6 wickets,Abu Dhabi,"Nov 2, 2020"
1216530,KKR,Royals,KKR,60 runs,Dubai (DSC),"Nov 1, 2020"
1216506,Super Kings,Kings XI,Super Kings,9 wickets,Abu Dhabi,"Nov 1, 2020"
1216502,RCB,Sunrisers,Sunrisers,5 wickets,Sharjah,"Oct 31, 2020"
1216535,Capitals,Mumbai,Mumbai,9 wickets,Dubai (DSC),"Oct 31, 2020"
1216537,Kings XI,Royals,Royals,7 wickets,Abu Dhabi,"Oct 30, 2020"
1216536,Super Kings,KKR,Super Kings,6 wickets,Dubai (DSC),"Oct 29, 2020"
1216499,Mumbai,RCB,Mumbai,5 wickets,Abu Dhabi,"Oct 28, 2020"
1216524,Sunrisers,Capitals,Sunrisers,88 runs,Dubai (DSC),"Oct 27, 2020"
1216520,KKR,Kings XI,Kings XI,8 wickets,Sharjah,"Oct 26, 2020"
1216541,Royals,Mumbai,Royals,8 wickets,Abu Dhabi,"Oct 25, 2020"
1216544,RCB,Super Kings,Super Kings,8 wickets,Dubai (DSC),"Oct 25, 2020"
1216498,Kings XI,Sunrisers,Kings XI,12 runs,Dubai (DSC),"Oct 24, 2020"
1216497,KKR,Capitals,KKR,59 runs,Abu Dhabi,"Oct 24, 2020"
1216521,Super Kings,Mumbai,Mumbai,10 wickets,Sharjah,"Oct 23, 2020"
1216518,Royals,Sunrisers,Sunrisers,8 wickets,Dubai (DSC),"Oct 22, 2020"
1216494,KKR,RCB,RCB,8 wickets,Abu Dhabi,"Oct 21, 2020"
1216546,Kings XI,Capitals,Kings XI,5 wickets,Dubai (DSC),"Oct 20, 2020"
1216533,Super Kings,Royals,Royals,7 wickets,Abu Dhabi,"Oct 19, 2020"
1216517,Mumbai,Kings XI,tied,-,Dubai (DSC),"Oct 18, 2020"
1216512,Sunrisers,KKR,tied,-,Abu Dhabi,"Oct 18, 2020"
1216509,Capitals,Super Kings,Capitals,5 wickets,Sharjah,"Oct 17, 2020"
1216522,Royals,RCB,RCB,7 wickets,Dubai (DSC),"Oct 17, 2020"
1216526,Mumbai,KKR,Mumbai,8 wickets,Abu Dhabi,"Oct 16, 2020"
1216531,RCB,Kings XI,Kings XI,8 wickets,Sharjah,"Oct 15, 2020"
1216543,Capitals,Royals,Capitals,13 runs,Dubai (DSC),"Oct 14, 2020"
1216528,Sunrisers,Super Kings,Super Kings,20 runs,Dubai (DSC),"Oct 13, 2020"
1216540,RCB,KKR,RCB,82 runs,Sharjah,"Oct 12, 2020"
1216529,Mumbai,Capitals,Mumbai,5 wickets,Abu Dhabi,"Oct 11, 2020"
1216507,Sunrisers,Royals,Royals,5 wickets,Dubai (DSC),"Oct 11, 2020"
1216525,Super Kings,RCB,RCB,37 runs,Dubai (DSC),"Oct 10, 2020"
1216523,Kings XI,KKR,KKR,2 runs,Abu Dhabi,"Oct 10, 2020"
1216500,Royals,Capitals,Capitals,46 runs,Sharjah,"Oct 9, 2020"
1216542,Sunrisers,Kings XI,Sunrisers,69 runs,Dubai (DSC),"Oct 8, 2020"
1216501,KKR,Super Kings,KKR,10 runs,Abu Dhabi,"Oct 7, 2020"
1216511,Mumbai,Royals,Mumbai,57 runs,Abu Dhabi,"Oct 6, 2020"
1216519,RCB,Capitals,Capitals,59 runs,Dubai (DSC),"Oct 5, 2020"
1216513,Kings XI,Super Kings,Super Kings,10 wickets,Dubai (DSC),"Oct 4, 2020"
1216538,Mumbai,Sunrisers,Mumbai,34 runs,Sharjah,"Oct 4, 2020"
1216515,Capitals,KKR,Capitals,18 runs,Sharjah,"Oct 3, 2020"
1216514,RCB,Royals,RCB,8 wickets,Abu Dhabi,"Oct 3, 2020"
1216516,Super Kings,Sunrisers,Sunrisers,7 runs,Dubai (DSC),"Oct 2, 2020"
1216503,Kings XI,Mumbai,Mumbai,48 runs,Abu Dhabi,"Oct 1, 2020"
1216504,Royals,KKR,KKR,37 runs,Dubai (DSC),"Sep 30, 2020"
1216532,Capitals,Sunrisers,Sunrisers,15 runs,Abu Dhabi,"Sep 29, 2020"
1216547,RCB,Mumbai,tied,-,Dubai (DSC),"Sep 28, 2020"
1216527,Royals,Kings XI,Royals,4 wickets,Sharjah,"Sep 27, 2020"
1216545,KKR,Sunrisers,KKR,7 wickets,Abu Dhabi,"Sep 26, 2020"
1216539,Super Kings,Capitals,Capitals,44 runs,Dubai (DSC),"Sep 25, 2020"
1216510,Kings XI,RCB,Kings XI,97 runs,Dubai (DSC),"Sep 24, 2020"
1216508,KKR,Mumbai,Mumbai,49 runs,Abu Dhabi,"Sep 23, 2020"
1216496,Royals,Super Kings,Royals,16 runs,Sharjah,"Sep 22, 2020"
1216534,Sunrisers,RCB,RCB,10 runs,Dubai (DSC),"Sep 21, 2020"
1216493,Capitals,Kings XI,tied,-,Dubai (DSC),"Sep 20, 2020"
1216492,Mumbai,Super Kings,Super Kings,5 wickets,Abu Dhabi,"Sep 19, 2020"
1181768,Super Kings,Mumbai,Mumbai,1 run,Hyderabad,"May 12, 2019"
1181767,Super Kings,Capitals,Super Kings,6 wickets,Visakhapatnam,"May 10, 2019"
1181766,Sunrisers,Capitals,Capitals,2 wickets,Visakhapatnam,"May 8, 2019"
1181764,Super Kings,Mumbai,Mumbai,6 wickets,Chennai,"May 7, 2019"
1178431,Mumbai,KKR,Mumbai,9 wickets,Wankhede,"May 5, 2019"
1178430,Kings XI,Super Kings,Kings XI,6 wickets,Mohali,"May 5, 2019"
1178429,RCB,Sunrisers,RCB,4 wickets,Bengaluru,"May 4, 2019"
1178428,Capitals,Royals,Capitals,5 wickets,Delhi,"May 4, 2019"
1178427,Kings XI,KKR,KKR,7 wickets,Mohali,"May 3, 2019"
1178426,Mumbai,Sunrisers,tied,-,Wankhede,"May 2, 2019"
1178425,Super Kings,Capitals,Super Kings,80 runs,Chennai,"May 1, 2019"
1178424,RCB,Royals,no result,-,Bengaluru,"Apr 30, 2019"
1178423,Sunrisers,Kings XI,Sunrisers,45 runs,Hyderabad,"Apr 29, 2019"
1178422,KKR,Mumbai,KKR,34 runs,Eden Gardens,"Apr 28, 2019"
1178421,Capitals,RCB,Capitals,16 runs,Delhi,"Apr 28, 2019"
1178420,Royals,Sunrisers,Royals,7 wickets,Jaipur,"Apr 27, 2019"
1178419,Super Kings,Mumbai,Mumbai,46 runs,Chennai,"Apr 26, 2019"
1178418,KKR,Royals,Royals,3 wickets,Eden Gardens,"Apr 25, 2019"
1178417,RCB,Kings XI,RCB,17 runs,Bengaluru,"Apr 24, 2019"
1178416,Super Kings,Sunrisers,Super Kings,6 wickets,Chennai,"Apr 23, 2019"
1178415,Royals,Capitals,Capitals,6 wickets,Jaipur,"Apr 22, 2019"
1178414,RCB,Super Kings,RCB,1 run,Bengaluru,"Apr 21, 2019"
1178413,Sunrisers,KKR,Sunrisers,9 wickets,Hyderabad,"Apr 21, 2019"
1178412,Capitals,Kings XI,Capitals,5 wickets,Delhi,"Apr 20, 2019"
1178411,Royals,Mumbai,Royals,5 wickets,Jaipur,"Apr 20, 2019"
1178410,KKR,RCB,RCB,10 runs,Eden Gardens,"Apr 19, 2019"
1178409,Capitals,Mumbai,Mumbai,40 runs,Delhi,"Apr 18, 2019"
1178408,Sunrisers,Super Kings,Sunrisers,6 wickets,Hyderabad,"Apr 17, 2019"
1178407,Kings XI,Royals,Kings XI,12 runs,Mohali,"Apr 16, 2019"
1178406,Mumbai,RCB,Mumbai,5 wickets,Wankhede,"Apr 15, 2019"
1178405,Sunrisers,Capitals,Capitals,39 runs,Hyderabad,"Apr 14, 2019"
1178404,KKR,Super Kings,Super Kings,5 wickets,Eden Gardens,"Apr 14, 2019"
1178403,Kings XI,RCB,RCB,8 wickets,Mohali,"Apr 13, 2019"
1178402,Mumbai,Royals,Royals,4 wickets,Wankhede,"Apr 13, 2019"
1178401,KKR,Capitals,Capitals,7 wickets,Eden Gardens,"Apr 12, 2019"
1178400,Royals,Super Kings,Super Kings,4 wickets,Jaipur,"Apr 11, 2019"
1178399,Mumbai,Kings XI,Mumbai,3 wickets,Wankhede,"Apr 10, 2019"
1178398,Super Kings,KKR,Super Kings,7 wickets,Chennai,"Apr 9, 2019"
1178397,Kings XI,Sunrisers,Kings XI,6 wickets,Mohali,"Apr 8, 2019"
1178396,Royals,KKR,KKR,8 wickets,Jaipur,"Apr 7, 2019"
1178395,RCB,Capitals,Capitals,4 wickets,Bengaluru,"Apr 7, 2019"
1178394,Sunrisers,Mumbai,Mumbai,40 runs,Hyderabad,"Apr 6, 2019"
1178393,Super Kings,Kings XI,Super Kings,22 runs,Chennai,"Apr 6, 2019"
1175372,RCB,KKR,KKR,5 wickets,Bengaluru,"Apr 5, 2019"
1175371,Capitals,Sunrisers,Sunrisers,5 wickets,Delhi,"Apr 4, 2019"
1175370,Mumbai,Super Kings,Mumbai,37 runs,Wankhede,"Apr 3, 2019"
1175369,Royals,RCB,Royals,7 wickets,Jaipur,"Apr 2, 2019"
1175368,Kings XI,Capitals,Kings XI,14 runs,Mohali,"Apr 1, 2019"
1175367,Super Kings,Royals,Super Kings,8 runs,Chennai,"Mar 31, 2019"
1175366,Sunrisers,RCB,Sunrisers,118 runs,Hyderabad,"Mar 31, 2019"
1175365,Capitals,KKR,tied,-,Delhi,"Mar 30, 2019"
1175364,Kings XI,Mumbai,Kings XI,8 wickets,Mohali,"Mar 30, 2019"
1175363,Sunrisers,Royals,Sunrisers,5 wickets,Hyderabad,"Mar 29, 2019"
1175362,RCB,Mumbai,Mumbai,6 runs,Bengaluru,"Mar 28, 2019"
1175361,KKR,Kings XI,KKR,28 runs,Eden Gardens,"Mar 27, 2019"
1175360,Capitals,Super Kings,Super Kings,6 wickets,Delhi,"Mar 26, 2019"
1175359,Royals,Kings XI,Kings XI,14 runs,Jaipur,"Mar 25, 2019"
1175358,Mumbai,Capitals,Capitals,37 runs,Wankhede,"Mar 24, 2019"
1175357,KKR,Sunrisers,KKR,6 wickets,Eden Gardens,"Mar 24, 2019"
1175356,Super Kings,RCB,Super Kings,7 wickets,Chennai,"Mar 23, 2019"
1136620,Super Kings,Sunrisers,Super Kings,8 wickets,Wankhede,"May 27, 2018"
1136619,KKR,Sunrisers,Sunrisers,14 runs,Eden Gardens,"May 25, 2018"
1136618,KKR,Royals,KKR,25 runs,Eden Gardens,"May 23, 2018"
1136617,Super Kings,Sunrisers,Super Kings,2 wickets,Wankhede,"May 22, 2018"
1136616,Super Kings,Kings XI,Super Kings,5 wickets,Pune,"May 20, 2018"
1136615,Daredevils,Mumbai,Daredevils,11 runs,Delhi,"May 20, 2018"
1136614,Sunrisers,KKR,KKR,5 wickets,Hyderabad,"May 19, 2018"
1136613,Royals,RCB,Royals,30 runs,Jaipur,"May 19, 2018"
1136612,Daredevils,Super Kings,Daredevils,34 runs,Delhi,"May 18, 2018"
1136611,RCB,Sunrisers,RCB,14 runs,Bengaluru,"May 17, 2018"
1136610,Mumbai,Kings XI,Mumbai,3 runs,Wankhede,"May 16, 2018"
1136609,KKR,Royals,KKR,6 wickets,Eden Gardens,"May 15, 2018"
1136608,Kings XI,RCB,RCB,10 wickets,Indore,"May 14, 2018"
1136607,Mumbai,Royals,Royals,7 wickets,Wankhede,"May 13, 2018"
1136606,Super Kings,Sunrisers,Super Kings,8 wickets,Pune,"May 13, 2018"
1136605,Daredevils,RCB,RCB,5 wickets,Delhi,"May 12, 2018"
1136604,Kings XI,KKR,KKR,31 runs,Indore,"May 12, 2018"
1136603,Royals,Super Kings,Royals,4 wickets,Jaipur,"May 11, 2018"
1136602,Daredevils,Sunrisers,Sunrisers,9 wickets,Delhi,"May 10, 2018"
1136601,KKR,Mumbai,Mumbai,102 runs,Eden Gardens,"May 9, 2018"
1136600,Royals,Kings XI,Royals,15 runs,Jaipur,"May 8, 2018"
1136599,Sunrisers,RCB,Sunrisers,5 runs,Hyderabad,"May 7, 2018"
1136598,Kings XI,Royals,Kings XI,6 wickets,Indore,"May 6, 2018"
1136597,Mumbai,KKR,Mumbai,13 runs,Wankhede,"May 6, 2018"
1136596,Sunrisers,Daredevils,Sunrisers,7 wickets,Hyderabad,"May 5, 2018"
1136595,Super Kings,RCB,Super Kings,6 wickets,Pune,"May 5, 2018"
1136594,Kings XI,Mumbai,Mumbai,6 wickets,Indore,"May 4, 2018"
1136593,KKR,Super Kings,KKR,6 wickets,Eden Gardens,"May 3, 2018"
1136592,Daredevils,Royals,Daredevils,4 runs,Delhi,"May 2, 2018"
1136591,RCB,Mumbai,RCB,14 runs,Bengaluru,"May 1, 2018"
1136590,Super Kings,Daredevils,Super Kings,13 runs,Pune,"Apr 30, 2018"
1136589,RCB,KKR,KKR,6 wickets,Bengaluru,"Apr 29, 2018"
1136588,Royals,Sunrisers,Sunrisers,11 runs,Jaipur,"Apr 29, 2018"
1136587,Super Kings,Mumbai,Mumbai,8 wickets,Pune,"Apr 28, 2018"
1136586,Daredevils,KKR,Daredevils,55 runs,Delhi,"Apr 27, 2018"
1136585,Sunrisers,Kings XI,Sunrisers,13 runs,Hyderabad,"Apr 26, 2018"
1136584,RCB,Super Kings,Super Kings,5 wickets,Bengaluru,"Apr 25, 2018"
1136583,Mumbai,Sunrisers,Sunrisers,31 runs,Wankhede,"Apr 24, 2018"
1136582,Daredevils,Kings XI,Kings XI,4 runs,Delhi,"Apr 23, 2018"
1136581,Royals,Mumbai,Royals,3 wickets,Jaipur,"Apr 22, 2018"
1136580,Sunrisers,Super Kings,Super Kings,4 runs,Hyderabad,"Apr 22, 2018"
1136579,RCB,Daredevils,RCB,6 wickets,Bengaluru,"Apr 21, 2018"
1136578,KKR,Kings XI,Kings XI,9 wickets,Eden Gardens,"Apr 21, 2018"
1136577,Super Kings,Royals,Super Kings,64 runs,Pune,"Apr 20, 2018"
1136576,Kings XI,Sunrisers,Kings XI,15 runs,Mohali,"Apr 19, 2018"
1136575,Royals,KKR,KKR,7 wickets,Jaipur,"Apr 18, 2018"
1136574,Mumbai,RCB,Mumbai,46 runs,Wankhede,"Apr 17, 2018"
1136573,KKR,Daredevils,KKR,71 runs,Eden Gardens,"Apr 16, 2018"
1136572,Kings XI,Super Kings,Kings XI,4 runs,Mohali,"Apr 15, 2018"
1136571,RCB,Royals,Royals,19 runs,Bengaluru,"Apr 15, 2018"
1136570,KKR,Sunrisers,Sunrisers,5 wickets,Eden Gardens,"Apr 14, 2018"
1136569,Mumbai,Daredevils,Daredevils,7 wickets,Wankhede,"Apr 14, 2018"
1136568,RCB,Kings XI,RCB,4 wickets,Bengaluru,"Apr 13, 2018"
1136567,Sunrisers,Mumbai,Sunrisers,1 wicket,Hyderabad,"Apr 12, 2018"
1136566,Royals,Daredevils,Royals,10 runs,Jaipur,"Apr 11, 2018"
1136565,Super Kings,KKR,Super Kings,5 wickets,Chennai,"Apr 10, 2018"
1136564,Sunrisers,Royals,Sunrisers,9 wickets,Hyderabad,"Apr 9, 2018"
1136563,KKR,RCB,KKR,4 wickets,Eden Gardens,"Apr 8, 2018"
1136562,Kings XI,Daredevils,Kings XI,6 wickets,Mohali,"Apr 8, 2018"
1136561,Mumbai,Super Kings,Super Kings,1 wicket,Wankhede,"Apr 7, 2018"
1082650,Mumbai,Supergiant,Mumbai,1 run,Hyderabad,"May 21, 2017"
1082649,KKR,Mumbai,Mumbai,6 wickets,Bengaluru,"May 19, 2017"
1082648,KKR,Sunrisers,KKR,7 wickets,Bengaluru,"May 17, 2017"
1082647,Mumbai,Supergiant,Supergiant,20 runs,Wankhede,"May 16, 2017"
1082646,Daredevils,RCB,RCB,10 runs,Delhi,"May 14, 2017"
1082645,Supergiant,Kings XI,Supergiant,9 wickets,Pune,"May 14, 2017"
1082644,KKR,Mumbai,Mumbai,9 runs,Eden Gardens,"May 13, 2017"
1082643,Guj Lions,Sunrisers,Sunrisers,8 wickets,Kanpur,"May 13, 2017"
1082642,Daredevils,Supergiant,Daredevils,7 runs,Delhi,"May 12, 2017"
1082641,Mumbai,Kings XI,Kings XI,7 runs,Wankhede,"May 11, 2017"
1082640,Guj Lions,Daredevils,Daredevils,2 wickets,Kanpur,"May 10, 2017"
1082639,Kings XI,KKR,Kings XI,14 runs,Mohali,"May 9, 2017"
1082638,Sunrisers,Mumbai,Sunrisers,7 wickets,Hyderabad,"May 8, 2017"
1082637,Kings XI,Guj Lions,Guj Lions,6 wickets,Mohali,"May 7, 2017"
1082636,RCB,KKR,KKR,6 wickets,Bengaluru,"May 7, 2017"
1082635,Daredevils,Mumbai,Mumbai,146 runs,Delhi,"May 6, 2017"
1082634,Sunrisers,Supergiant,Supergiant,12 runs,Hyderabad,"May 6, 2017"
1082633,RCB,Kings XI,Kings XI,19 runs,Bengaluru,"May 5, 2017"
1082632,Daredevils,Guj Lions,Daredevils,7 wickets,Delhi,"May 4, 2017"
1082631,KKR,Supergiant,Supergiant,4 wickets,Eden Gardens,"May 3, 2017"
1082630,Daredevils,Sunrisers,Daredevils,6 wickets,Delhi,"May 2, 2017"
1082629,Supergiant,Guj Lions,Supergiant,5 wickets,Pune,"May 1, 2017"
1082628,Mumbai,RCB,Mumbai,5 wickets,Wankhede,"May 1, 2017"
1082627,Sunrisers,KKR,Sunrisers,48 runs,Hyderabad,"Apr 30, 2017"
1082626,Kings XI,Daredevils,Kings XI,10 wickets,Mohali,"Apr 30, 2017"
1082625,Guj Lions,Mumbai,tied,-,Rajkot,"Apr 29, 2017"
1082624,Supergiant,RCB,Supergiant,61 runs,Pune,"Apr 29, 2017"
1082623,Kings XI,Sunrisers,Sunrisers,26 runs,Mohali,"Apr 28, 2017"
1082622,KKR,Daredevils,KKR,7 wickets,Eden Gardens,"Apr 28, 2017"
1082621,RCB,Guj Lions,Guj Lions,7 wickets,Bengaluru,"Apr 27, 2017"
1082620,Supergiant,KKR,KKR,7 wickets,Pune,"Apr 26, 2017"
1082618,Mumbai,Supergiant,Supergiant,3 runs,Wankhede,"Apr 24, 2017"
1082617,KKR,RCB,KKR,82 runs,Eden Gardens,"Apr 23, 2017"
1082616,Guj Lions,Kings XI,Kings XI,26 runs,Rajkot,"Apr 23, 2017"
1082614,Mumbai,Daredevils,Mumbai,14 runs,Wankhede,"Apr 22, 2017"
1082615,Supergiant,Sunrisers,Supergiant,6 wickets,Pune,"Apr 22, 2017"
1082613,KKR,Guj Lions,Guj Lions,4 wickets,Eden Gardens,"Apr 21, 2017"
1082612,Kings XI,Mumbai,Mumbai,8 wickets,Indore,"Apr 20, 2017"
1082611,Sunrisers,Daredevils,Sunrisers,15 runs,Hyderabad,"Apr 19, 2017"
1082610,Guj Lions,RCB,RCB,21 runs,Rajkot,"Apr 18, 2017"
1082609,Sunrisers,Kings XI,Sunrisers,5 runs,Hyderabad,"Apr 17, 2017"
1082608,Daredevils,KKR,KKR,4 wickets,Delhi,"Apr 17, 2017"
1082607,RCB,Supergiant,Supergiant,27 runs,Bengaluru,"Apr 16, 2017"
1082606,Mumbai,Guj Lions,Mumbai,6 wickets,Wankhede,"Apr 16, 2017"
1082605,Daredevils,Kings XI,Daredevils,51 runs,Delhi,"Apr 15, 2017"
1082604,KKR,Sunrisers,KKR,17 runs,Eden Gardens,"Apr 15, 2017"
1082603,Guj Lions,Supergiant,Guj Lions,7 wickets,Rajkot,"Apr 14, 2017"
1082602,RCB,Mumbai,Mumbai,4 wickets,Bengaluru,"Apr 14, 2017"
1082601,KKR,Kings XI,KKR,8 wickets,Eden Gardens,"Apr 13, 2017"
1082600,Mumbai,Sunrisers,Mumbai,4 wickets,Wankhede,"Apr 12, 2017"
1082599,Supergiant,Daredevils,Daredevils,97 runs,Pune,"Apr 11, 2017"
1082598,Kings XI,RCB,Kings XI,8 wickets,Indore,"Apr 10, 2017"
1082597,Mumbai,KKR,Mumbai,4 wickets,Wankhede,"Apr 9, 2017"
1082596,Sunrisers,Guj Lions,Sunrisers,9 wickets,Hyderabad,"Apr 9, 2017"
1082595,RCB,Daredevils,RCB,15 runs,Bengaluru,"Apr 8, 2017"
1082594,Kings XI,Supergiant,Kings XI,6 wickets,Indore,"Apr 8, 2017"
1082593,Guj Lions,KKR,KKR,10 wickets,Rajkot,"Apr 7, 2017"
1082592,Supergiant,Mumbai,Supergiant,7 wickets,Pune,"Apr 6, 2017"
1082591,Sunrisers,RCB,Sunrisers,35 runs,Hyderabad,"Apr 5, 2017"
981019,RCB,Sunrisers,Sunrisers,8 runs,Bengaluru,"May 29, 2016"
981017,Guj Lions,Sunrisers,Sunrisers,4 wickets,Delhi,"May 27, 2016"
981015,KKR,Sunrisers,Sunrisers,22 runs,Delhi,"May 25, 2016"
981013,RCB,Guj Lions,RCB,4 wickets,Bengaluru,"May 24, 2016"
981011,Daredevils,RCB,RCB,6 wickets,Raipur,"May 22, 2016"
981009,KKR,Sunrisers,KKR,22 runs,Eden Gardens,"May 22, 2016"
981007,Guj Lions,Mumbai,Guj Lions,6 wickets,Kanpur,"May 21, 2016"
981005,Supergiants,Kings XI,Supergiants,4 wickets,Visakhapatnam,"May 21, 2016"
981003,Daredevils,Sunrisers,Daredevils,6 wickets,Raipur,"May 20, 2016"
981001,Guj Lions,KKR,Guj Lions,6 wickets,Kanpur,"May 19, 2016"
980999,RCB,Kings XI,RCB,82 runs,Bengaluru,"May 18, 2016"
980997,Supergiants,Daredevils,Supergiants,19 runs,Visakhapatnam,"May 17, 2016"
980995,KKR,RCB,RCB,9 wickets,Eden Gardens,"May 16, 2016"
980993,Mumbai,Daredevils,Mumbai,80 runs,Visakhapatnam,"May 15, 2016"
980991,Kings XI,Sunrisers,Sunrisers,7 wickets,Mohali,"May 15, 2016"
980989,KKR,Supergiants,KKR,8 wickets,Eden Gardens,"May 14, 2016"
980987,RCB,Guj Lions,RCB,144 runs,Bengaluru,"May 14, 2016"
980985,Mumbai,Kings XI,Kings XI,7 wickets,Visakhapatnam,"May 13, 2016"
980983,Sunrisers,Daredevils,Daredevils,7 wickets,Hyderabad,"May 12, 2016"
980981,RCB,Mumbai,Mumbai,6 wickets,Bengaluru,"May 11, 2016"
980979,Supergiants,Sunrisers,Sunrisers,4 runs,Visakhapatnam,"May 10, 2016"
980977,Kings XI,RCB,RCB,1 run,Mohali,"May 9, 2016"
980975,KKR,Guj Lions,Guj Lions,5 wickets,Eden Gardens,"May 8, 2016"
980973,Mumbai,Sunrisers,Sunrisers,85 runs,Visakhapatnam,"May 8, 2016"
980971,Kings XI,Daredevils,Kings XI,9 runs,Mohali,"May 7, 2016"
980969,RCB,Supergiants,RCB,7 wickets,Bengaluru,"May 7, 2016"
980967,Sunrisers,Guj Lions,Sunrisers,5 wickets,Hyderabad,"May 6, 2016"
980965,Daredevils,Supergiants,Supergiants,7 wickets,Delhi,"May 5, 2016"
980963,KKR,Kings XI,KKR,7 runs,Eden Gardens,"May 4, 2016"
980961,Guj Lions,Daredevils,Daredevils,8 wickets,Rajkot,"May 3, 2016"
980959,RCB,KKR,KKR,5 wickets,Bengaluru,"May 2, 2016"
980957,Supergiants,Mumbai,Mumbai,8 wickets,Pune,"May 1, 2016"
980955,Guj Lions,Kings XI,Kings XI,23 runs,Rajkot,"May 1, 2016"
980953,Sunrisers,RCB,Sunrisers,15 runs,Hyderabad,"Apr 30, 2016"
980951,Daredevils,KKR,Daredevils,27 runs,Delhi,"Apr 30, 2016"
980949,Supergiants,Guj Lions,Guj Lions,3 wickets,Pune,"Apr 29, 2016"
980947,Mumbai,KKR,Mumbai,6 wickets,Wankhede,"Apr 28, 2016"
980945,Daredevils,Guj Lions,Guj Lions,1 run,Delhi,"Apr 27, 2016"
980943,Sunrisers,Supergiants,Supergiants,34 runs,Hyderabad,"Apr 26, 2016"
980941,Kings XI,Mumbai,Mumbai,25 runs,Mohali,"Apr 25, 2016"
980939,Supergiants,KKR,KKR,2 wickets,Pune,"Apr 24, 2016"
980937,Guj Lions,RCB,Guj Lions,6 wickets,Rajkot,"Apr 24, 2016"
980935,Sunrisers,Kings XI,Sunrisers,5 wickets,Hyderabad,"Apr 23, 2016"
980933,Daredevils,Mumbai,Daredevils,10 runs,Delhi,"Apr 23, 2016"
980931,Supergiants,RCB,RCB,13 runs,Pune,"Apr 22, 2016"
980929,Guj Lions,Sunrisers,Sunrisers,10 wickets,Rajkot,"Apr 21, 2016"
980927,Mumbai,RCB,Mumbai,6 wickets,Wankhede,"Apr 20, 2016"
980925,Kings XI,KKR,KKR,6 wickets,Mohali,"Apr 19, 2016"
980923,Sunrisers,Mumbai,Sunrisers,7 wickets,Hyderabad,"Apr 18, 2016"
980921,RCB,Daredevils,Daredevils,7 wickets,Bengaluru,"Apr 17, 2016"
980919,Kings XI,Supergiants,Kings XI,6 wickets,Mohali,"Apr 17, 2016"
980917,Mumbai,Guj Lions,Guj Lions,3 wickets,Wankhede,"Apr 16, 2016"
980915,Sunrisers,KKR,KKR,8 wickets,Hyderabad,"Apr 16, 2016"
980913,Daredevils,Kings XI,Daredevils,8 wickets,Delhi,"Apr 15, 2016"
980911,Guj Lions,Supergiants,Guj Lions,7 wickets,Rajkot,"Apr 14, 2016"
980909,KKR,Mumbai,Mumbai,6 wickets,Eden Gardens,"Apr 13, 2016"
980907,RCB,Sunrisers,RCB,45 runs,Bengaluru,"Apr 12, 2016"
980905,Kings XI,Guj Lions,Guj Lions,5 wickets,Mohali,"Apr 11, 2016"
980903,KKR,Daredevils,KKR,9 wickets,Eden Gardens,"Apr 10, 2016"
980901,Mumbai,Supergiants,Supergiants,9 wickets,Wankhede,"Apr 9, 2016"
829823,Super Kings,Mumbai,Mumbai,41 runs,Eden Gardens,"May 24, 2015"
829821,Super Kings,RCB,Super Kings,3 wickets,Ranchi,"May 22, 2015"
829819,Royals,RCB,RCB,71 runs,Pune,"May 20, 2015"
829817,Super Kings,Mumbai,Mumbai,25 runs,Wankhede,"May 19, 2015"
829815,Sunrisers,Mumbai,Mumbai,9 wickets,Hyderabad,"May 17, 2015"
829813,RCB,Daredevils,no result,-,Bengaluru,"May 17, 2015"
829811,Royals,KKR,Royals,9 runs,Brabourne,"May 16, 2015"
829809,Kings XI,Super Kings,Super Kings,7 wickets,Mohali,"May 16, 2015"
829807,Sunrisers,RCB,RCB,6 wickets,Hyderabad,"May 15, 2015"
829805,Mumbai,KKR,Mumbai,5 runs,Wankhede,"May 14, 2015"
829803,Kings XI,RCB,Kings XI,22 runs,Mohali,"May 13, 2015"
829801,Daredevils,Super Kings,Daredevils,6 wickets,Raipur,"May 12, 2015"
829799,Sunrisers,Kings XI,Sunrisers,5 runs,Hyderabad,"May 11, 2015"
829797,Super Kings,Royals,Super Kings,12 runs,Chennai,"May 10, 2015"
829795,Mumbai,RCB,RCB,39 runs,Wankhede,"May 10, 2015"
829793,Daredevils,Sunrisers,Sunrisers,6 runs,Raipur,"May 9, 2015"
829791,KKR,Kings XI,KKR,1 wicket,Eden Gardens,"May 9, 2015"
829789,Super Kings,Mumbai,Mumbai,6 wickets,Chennai,"May 8, 2015"
829761,KKR,Daredevils,KKR,13 runs,Eden Gardens,"May 7, 2015"
829787,Royals,Sunrisers,Sunrisers,7 runs,Brabourne,"May 7, 2015"
829785,RCB,Kings XI,RCB,138 runs,Bengaluru,"May 6, 2015"
829783,Mumbai,Daredevils,Mumbai,5 wickets,Wankhede,"May 5, 2015"
829781,KKR,Sunrisers,KKR,35 runs,Eden Gardens,"May 4, 2015"
829779,Super Kings,RCB,Super Kings,24 runs,Chennai,"May 4, 2015"
829777,Royals,Daredevils,Royals,14 runs,Brabourne,"May 3, 2015"
829775,Kings XI,Mumbai,Mumbai,23 runs,Mohali,"May 3, 2015"
829773,Sunrisers,Super Kings,Sunrisers,22 runs,Hyderabad,"May 2, 2015"
829771,RCB,KKR,RCB,7 wickets,Bengaluru,"May 2, 2015"
829769,Mumbai,Royals,Mumbai,8 runs,Wankhede,"May 1, 2015"
829767,Daredevils,Kings XI,Daredevils,9 wickets,Delhi,"May 1, 2015"
829723,KKR,Super Kings,KKR,7 wickets,Eden Gardens,"Apr 30, 2015"
829763,RCB,Royals,no result,-,Bengaluru,"Apr 29, 2015"
829765,Super Kings,KKR,Super Kings,2 runs,Chennai,"Apr 28, 2015"
829759,Kings XI,Sunrisers,Sunrisers,20 runs,Mohali,"Apr 27, 2015"
829757,Daredevils,RCB,RCB,10 wickets,Delhi,"Apr 26, 2015"
829753,Super Kings,Kings XI,Super Kings,97 runs,Chennai,"Apr 25, 2015"
829751,Mumbai,Sunrisers,Mumbai,20 runs,Wankhede,"Apr 25, 2015"
829749,Royals,RCB,RCB,9 wickets,Ahmedabad,"Apr 24, 2015"
829747,Daredevils,Mumbai,Daredevils,37 runs,Delhi,"Apr 23, 2015"
829745,RCB,Super Kings,Super Kings,27 runs,Bengaluru,"Apr 22, 2015"
829743,Sunrisers,KKR,Sunrisers,16 runs,Visakhapatnam,"Apr 22, 2015"
829741,Royals,Kings XI,tied,-,Ahmedabad,"Apr 21, 2015"
829739,Daredevils,KKR,KKR,6 wickets,Delhi,"Apr 20, 2015"
829737,RCB,Mumbai,Mumbai,18 runs,Bengaluru,"Apr 19, 2015"
829735,Royals,Super Kings,Royals,8 wickets,Ahmedabad,"Apr 19, 2015"
829733,Kings XI,KKR,KKR,4 wickets,Pune,"Apr 18, 2015"
829731,Sunrisers,Daredevils,Daredevils,4 runs,Visakhapatnam,"Apr 18, 2015"
829729,Mumbai,Super Kings,Super Kings,6 wickets,Wankhede,"Apr 17, 2015"
829727,Sunrisers,Royals,Royals,6 wickets,Visakhapatnam,"Apr 16, 2015"
829725,Kings XI,Daredevils,Daredevils,5 wickets,Pune,"Apr 15, 2015"
829721,Royals,Mumbai,Royals,7 wickets,Ahmedabad,"Apr 14, 2015"
829719,RCB,Sunrisers,Sunrisers,8 wickets,Bengaluru,"Apr 13, 2015"
829717,Mumbai,Kings XI,Kings XI,18 runs,Wankhede,"Apr 12, 2015"
829715,Daredevils,Royals,Royals,3 wickets,Delhi,"Apr 12, 2015"
829713,KKR,RCB,RCB,3 wickets,Eden Gardens,"Apr 11, 2015"
829711,Super Kings,Sunrisers,Super Kings,45 runs,Chennai,"Apr 11, 2015"
829709,Kings XI,Royals,Royals,26 runs,Pune,"Apr 10, 2015"
829707,Super Kings,Daredevils,Super Kings,1 run,Chennai,"Apr 9, 2015"
829705,KKR,Mumbai,KKR,7 wickets,Eden Gardens,"Apr 8, 2015"
734049,Kings XI,KKR,KKR,3 wickets,Bengaluru,"Jun 1, 2014"
734047,Super Kings,Kings XI,Kings XI,24 runs,Wankhede,"May 30, 2014"
734045,Mumbai,Super Kings,Super Kings,7 wickets,Brabourne,"May 28, 2014"
734043,KKR,Kings XI,KKR,28 runs,Eden Gardens,"May 27, 2014"
734041,Mumbai,Royals,Mumbai,5 wickets,Wankhede,"May 25, 2014"
734039,Kings XI,Daredevils,Kings XI,7 wickets,Mohali,"May 25, 2014"
734037,KKR,Sunrisers,KKR,4 wickets,Eden Gardens,"May 24, 2014"
734035,RCB,Super Kings,Super Kings,8 wickets,Bengaluru,"May 24, 2014"
734033,Kings XI,Royals,Kings XI,16 runs,Mohali,"May 23, 2014"
734031,Mumbai,Daredevils,Mumbai,15 runs,Wankhede,"May 23, 2014"
734029,Super Kings,Sunrisers,Sunrisers,6 wickets,Ranchi,"May 22, 2014"
734027,KKR,RCB,KKR,30 runs,Eden Gardens,"May 22, 2014"
734025,Kings XI,Mumbai,Mumbai,7 wickets,Mohali,"May 21, 2014"
734023,KKR,Super Kings,KKR,8 wickets,Eden Gardens,"May 20, 2014"
734021,Sunrisers,RCB,Sunrisers,7 wickets,Hyderabad,"May 20, 2014"
734019,Daredevils,Kings XI,Kings XI,4 wickets,Delhi,"May 19, 2014"
734017,Royals,Mumbai,Mumbai,25 runs,Ahmedabad,"May 19, 2014"
734015,Sunrisers,KKR,KKR,7 wickets,Hyderabad,"May 18, 2014"
734013,Super Kings,RCB,RCB,5 wickets,Ranchi,"May 18, 2014"
734011,Royals,Daredevils,Royals,62 runs,Ahmedabad,"May 15, 2014"
734009,KKR,Mumbai,KKR,6 wickets,Cuttack,"May 14, 2014"
734007,Sunrisers,Kings XI,Kings XI,6 wickets,Hyderabad,"May 14, 2014"
734005,RCB,Daredevils,RCB,16 runs,Bengaluru,"May 13, 2014"
734003,Super Kings,Royals,Super Kings,5 wickets,Ranchi,"May 13, 2014"
734001,Sunrisers,Mumbai,Mumbai,7 wickets,Hyderabad,"May 12, 2014"
733999,RCB,Royals,Royals,5 wickets,Bengaluru,"May 11, 2014"
733997,Kings XI,KKR,KKR,9 wickets,Cuttack,"May 11, 2014"
733995,Mumbai,Super Kings,Super Kings,4 wickets,Wankhede,"May 10, 2014"
733993,Daredevils,Sunrisers,Sunrisers,8 wickets,Delhi,"May 10, 2014"
733991,RCB,Kings XI,Kings XI,32 runs,Bengaluru,"May 9, 2014"
733989,Royals,Sunrisers,Sunrisers,32 runs,Ahmedabad,"May 8, 2014"
733987,Kings XI,Super Kings,Kings XI,44 runs,Cuttack,"May 7, 2014"
733985,Daredevils,KKR,KKR,8 wickets,Delhi,"May 7, 2014"
733983,Mumbai,RCB,Mumbai,19 runs,Wankhede,"May 6, 2014"
733981,Daredevils,Super Kings,Super Kings,8 wickets,Delhi,"May 5, 2014"
733979,Royals,KKR,Royals,10 runs,Ahmedabad,"May 5, 2014"
733977,RCB,Sunrisers,RCB,4 wickets,Bengaluru,"May 4, 2014"
733975,Daredevils,Royals,Royals,7 wickets,Delhi,"May 3, 2014"
733973,Mumbai,Kings XI,Mumbai,5 wickets,Wankhede,"May 3, 2014"
733971,Super Kings,KKR,Super Kings,34 runs,Ranchi,"May 2, 2014"
729317,Mumbai,Sunrisers,Sunrisers,15 runs,Dubai (DSC),"Apr 30, 2014"
729315,KKR,Royals,tied,-,Abu Dhabi,"Apr 29, 2014"
729313,Kings XI,RCB,Kings XI,5 wickets,Dubai (DSC),"Apr 28, 2014"
729311,Sunrisers,Super Kings,Super Kings,5 wickets,Sharjah,"Apr 27, 2014"
729309,Daredevils,Mumbai,Daredevils,6 wickets,Sharjah,"Apr 27, 2014"
729307,KKR,Kings XI,Kings XI,23 runs,Abu Dhabi,"Apr 26, 2014"
729305,Royals,RCB,Royals,6 wickets,Abu Dhabi,"Apr 26, 2014"
729303,Super Kings,Mumbai,Super Kings,7 wickets,Dubai (DSC),"Apr 25, 2014"
729301,Sunrisers,Daredevils,Sunrisers,4 runs,Dubai (DSC),"Apr 25, 2014"
729299,RCB,KKR,KKR,2 runs,Sharjah,"Apr 24, 2014"
729297,Royals,Super Kings,Super Kings,7 runs,Dubai (DSC),"Apr 23, 2014"
729295,Kings XI,Sunrisers,Kings XI,72 runs,Sharjah,"Apr 22, 2014"
729293,Super Kings,Daredevils,Super Kings,93 runs,Abu Dhabi,"Apr 21, 2014"
729291,Royals,Kings XI,Kings XI,7 wickets,Sharjah,"Apr 20, 2014"
729289,KKR,Daredevils,Daredevils,4 wickets,Dubai (DSC),"Apr 19, 2014"
729287,RCB,Mumbai,RCB,7 wickets,Dubai (DSC),"Apr 19, 2014"
729285,Sunrisers,Royals,Royals,4 wickets,Abu Dhabi,"Apr 18, 2014"
729283,Super Kings,Kings XI,Kings XI,6 wickets,Abu Dhabi,"Apr 18, 2014"
729281,Daredevils,RCB,RCB,8 wickets,Sharjah,"Apr 17, 2014"
729279,Mumbai,KKR,KKR,41 runs,Abu Dhabi,"Apr 16, 2014"
598073,Super Kings,Mumbai,Mumbai,23 runs,Eden Gardens,"May 26, 2013"
598072,Mumbai,Royals,Mumbai,4 wickets,Eden Gardens,"May 24, 2013"
598071,Royals,Sunrisers,Royals,4 wickets,Delhi,"May 22, 2013"
598070,Super Kings,Mumbai,Super Kings,48 runs,Delhi,"May 21, 2013"
598069,Sunrisers,KKR,Sunrisers,5 wickets,Hyderabad,"May 19, 2013"
598067,Warriors,Daredevils,Warriors,38 runs,Pune,"May 19, 2013"
598068,RCB,Super Kings,RCB,24 runs,Bengaluru,"May 18, 2013"
598066,Kings XI,Mumbai,Kings XI,50 runs,Dharamsala,"May 18, 2013"
598065,Sunrisers,Royals,Sunrisers,23 runs,Hyderabad,"May 17, 2013"
598028,Kings XI,Daredevils,Kings XI,7 runs,Dharamsala,"May 16, 2013"
598063,Mumbai,Royals,Mumbai,14 runs,Wankhede,"May 15, 2013"
598061,KKR,Warriors,Warriors,7 runs,Ranchi,"May 15, 2013"
598062,Super Kings,Daredevils,Super Kings,33 runs,Chennai,"May 14, 2013"
598045,RCB,Kings XI,Kings XI,7 wickets,Bengaluru,"May 14, 2013"
598060,Mumbai,Sunrisers,Mumbai,7 wickets,Wankhede,"May 13, 2013"
598058,Royals,Super Kings,Royals,5 wickets,Jaipur,"May 12, 2013"
598057,KKR,RCB,KKR,5 wickets,Ranchi,"May 12, 2013"
598056,Kings XI,Sunrisers,Sunrisers,30 runs,Mohali,"May 11, 2013"
598055,Warriors,Mumbai,Mumbai,5 wickets,Pune,"May 11, 2013"
598054,Daredevils,RCB,RCB,4 runs,Delhi,"May 10, 2013"
598053,Warriors,KKR,KKR,46 runs,Pune,"May 9, 2013"
598052,Kings XI,Royals,Royals,8 wickets,Mohali,"May 9, 2013"
598051,Sunrisers,Super Kings,Super Kings,77 runs,Hyderabad,"May 8, 2013"
598050,Mumbai,KKR,Mumbai,65 runs,Wankhede,"May 7, 2013"
598049,Royals,Daredevils,Royals,9 wickets,Jaipur,"May 7, 2013"
598064,Kings XI,RCB,Kings XI,6 wickets,Mohali,"May 6, 2013"
598047,Royals,Warriors,Royals,5 wickets,Jaipur,"May 5, 2013"
598046,Mumbai,Super Kings,Mumbai,60 runs,Wankhede,"May 5, 2013"
598044,Sunrisers,Daredevils,Sunrisers,6 wickets,Hyderabad,"May 4, 2013"
598043,KKR,Royals,KKR,8 wickets,Eden Gardens,"May 3, 2013"
598042,Warriors,RCB,RCB,17 runs,Pune,"May 2, 2013"
598041,Super Kings,Kings XI,Super Kings,15 runs,Chennai,"May 2, 2013"
598040,Daredevils,KKR,Daredevils,7 wickets,Raipur,"May 1, 2013"
598039,Sunrisers,Mumbai,Sunrisers,7 wickets,Hyderabad,"May 1, 2013"
598038,Warriors,Super Kings,Super Kings,37 runs,Pune,"Apr 30, 2013"
598037,Mumbai,Kings XI,Mumbai,4 runs,Wankhede,"Apr 29, 2013"
598036,Royals,RCB,Royals,4 wickets,Jaipur,"Apr 29, 2013"
598035,Daredevils,Warriors,Daredevils,15 runs,Raipur,"Apr 28, 2013"
598034,Super Kings,KKR,Super Kings,14 runs,Chennai,"Apr 28, 2013"
598033,Mumbai,RCB,Mumbai,58 runs,Wankhede,"Apr 27, 2013"
598032,Royals,Sunrisers,Royals,8 wickets,Jaipur,"Apr 27, 2013"
598031,KKR,Kings XI,KKR,6 wickets,Eden Gardens,"Apr 26, 2013"
598030,Super Kings,Sunrisers,Super Kings,5 wickets,Chennai,"Apr 25, 2013"
598029,KKR,Mumbai,Mumbai,5 wickets,Eden Gardens,"Apr 24, 2013"
598059,Daredevils,Kings XI,Kings XI,5 wickets,Delhi,"Apr 23, 2013"
598027,RCB,Warriors,RCB,130 runs,Bengaluru,"Apr 23, 2013"
598026,Super Kings,Royals,Super Kings,5 wickets,Chennai,"Apr 22, 2013"
598025,Kings XI,Warriors,Kings XI,7 wickets,Mohali,"Apr 21, 2013"
598024,Daredevils,Mumbai,Daredevils,9 wickets,Delhi,"Apr 21, 2013"
598023,RCB,Royals,RCB,7 wickets,Bengaluru,"Apr 20, 2013"
598022,KKR,Super Kings,Super Kings,4 wickets,Eden Gardens,"Apr 20, 2013"
598021,Sunrisers,Kings XI,Sunrisers,5 wickets,Hyderabad,"Apr 19, 2013"
598020,Daredevils,Super Kings,Super Kings,86 runs,Delhi,"Apr 18, 2013"
598019,Royals,Mumbai,Royals,87 runs,Jaipur,"Apr 17, 2013"
598018,Warriors,Sunrisers,Sunrisers,11 runs,Pune,"Apr 17, 2013"
598017,RCB,Daredevils,tied,-,Bengaluru,"Apr 16, 2013"
598016,Kings XI,KKR,Kings XI,4 runs,Mohali,"Apr 16, 2013"
598015,Super Kings,Warriors,Warriors,24 runs,Chennai,"Apr 15, 2013"
598014,Royals,Kings XI,Royals,6 wickets,Jaipur,"Apr 14, 2013"
598013,KKR,Sunrisers,KKR,48 runs,Eden Gardens,"Apr 14, 2013"
598012,Super Kings,RCB,Super Kings,4 wickets,Chennai,"Apr 13, 2013"
598011,Mumbai,Warriors,Mumbai,41 runs,Wankhede,"Apr 13, 2013"
598010,Daredevils,Sunrisers,Sunrisers,3 wickets,Delhi,"Apr 12, 2013"
598009,Warriors,Royals,Warriors,7 wickets,Pune,"Apr 11, 2013"
598008,RCB,KKR,RCB,8 wickets,Bengaluru,"Apr 11, 2013"
598007,Kings XI,Super Kings,Super Kings,10 wickets,Mohali,"Apr 10, 2013"
598006,Mumbai,Daredevils,Mumbai,44 runs,Wankhede,"Apr 9, 2013"
598048,RCB,Sunrisers,RCB,7 wickets,Bengaluru,"Apr 9, 2013"
598005,Royals,KKR,Royals,19 runs,Jaipur,"Apr 8, 2013"
598004,Sunrisers,RCB,tied,-,Hyderabad,"Apr 7, 2013"
598003,Warriors,Kings XI,Kings XI,8 wickets,Pune,"Apr 7, 2013"
598002,Super Kings,Mumbai,Mumbai,9 runs,Chennai,"Apr 6, 2013"
598001,Daredevils,Royals,Royals,5 runs,Delhi,"Apr 6, 2013"
598000,Sunrisers,Warriors,Sunrisers,22 runs,Hyderabad,"Apr 5, 2013"
597999,RCB,Mumbai,RCB,2 runs,Bengaluru,"Apr 4, 2013"
597998,KKR,Daredevils,KKR,6 wickets,Eden Gardens,"Apr 3, 2013"
548381,Super Kings,KKR,KKR,5 wickets,Chennai,"May 27, 2012"
548380,Super Kings,Daredevils,Super Kings,86 runs,Chennai,"May 25, 2012"
548379,Super Kings,Mumbai,Super Kings,38 runs,Bengaluru,"May 23, 2012"
548378,Daredevils,KKR,KKR,18 runs,Pune,"May 22, 2012"
548377,Royals,Mumbai,Mumbai,10 wickets,Jaipur,"May 20, 2012"
548376,Chargers,RCB,Chargers,9 runs,Hyderabad,"May 20, 2012"
548375,Warriors,KKR,KKR,34 runs,Pune,"May 19, 2012"
548374,Kings XI,Daredevils,Daredevils,6 wickets,Dharamsala,"May 19, 2012"
548373,Chargers,Royals,Chargers,5 wickets,Hyderabad,"May 18, 2012"
548372,Daredevils,RCB,RCB,21 runs,Delhi,"May 17, 2012"
548371,Kings XI,Super Kings,Kings XI,6 wickets,Dharamsala,"May 17, 2012"
548370,Mumbai,KKR,KKR,32 runs,Wankhede,"May 16, 2012"
548369,Daredevils,Kings XI,Daredevils,5 wickets,Delhi,"May 15, 2012"
548368,KKR,Super Kings,Super Kings,5 wickets,Eden Gardens,"May 14, 2012"
548367,RCB,Mumbai,Mumbai,5 wickets,Bengaluru,"May 14, 2012"
548366,Kings XI,Chargers,Kings XI,4 wickets,Mohali,"May 13, 2012"
548365,Royals,Warriors,Royals,45 runs,Jaipur,"May 13, 2012"
548364,Super Kings,Daredevils,Super Kings,9 wickets,Chennai,"May 12, 2012"
548363,KKR,Mumbai,Mumbai,27 runs,Eden Gardens,"May 12, 2012"
548362,Warriors,RCB,RCB,35 runs,Pune,"May 11, 2012"
548361,Royals,Super Kings,Super Kings,4 wickets,Jaipur,"May 10, 2012"
548329,Chargers,Daredevils,Daredevils,9 wickets,Hyderabad,"May 10, 2012"
548360,Mumbai,RCB,RCB,9 wickets,Wankhede,"May 9, 2012"
548359,Chargers,Kings XI,Kings XI,25 runs,Hyderabad,"May 8, 2012"
548358,Warriors,Royals,Royals,7 wickets,Pune,"May 8, 2012"
548357,Daredevils,KKR,KKR,6 wickets,Delhi,"May 7, 2012"
548356,RCB,Chargers,RCB,5 wickets,Bengaluru,"May 6, 2012"
548355,Mumbai,Super Kings,Mumbai,2 wickets,Wankhede,"May 6, 2012"
548354,Kings XI,Royals,Royals,43 runs,Mohali,"May 5, 2012"
548353,KKR,Warriors,KKR,7 runs,Eden Gardens,"May 5, 2012"
548352,Super Kings,Chargers,Super Kings,10 runs,Chennai,"May 4, 2012"
548351,Warriors,Mumbai,Mumbai,1 run,Pune,"May 3, 2012"
548350,RCB,Kings XI,Kings XI,4 wickets,Bengaluru,"May 2, 2012"
548349,Royals,Daredevils,Daredevils,6 wickets,Jaipur,"May 1, 2012"
548348,Chargers,Warriors,Chargers,13 runs,Cuttack,"May 1, 2012"
548347,Super Kings,KKR,KKR,5 wickets,Chennai,"Apr 30, 2012"
548346,Mumbai,Chargers,Mumbai,5 wickets,Wankhede,"Apr 29, 2012"
548345,Daredevils,Royals,Daredevils,1 run,Delhi,"Apr 29, 2012"
548344,KKR,RCB,KKR,47 runs,Eden Gardens,"Apr 28, 2012"
548343,Super Kings,Kings XI,Kings XI,7 runs,Chennai,"Apr 28, 2012"
548342,Daredevils,Mumbai,Daredevils,37 runs,Delhi,"Apr 27, 2012"
548341,Warriors,Chargers,Chargers,18 runs,Pune,"Apr 26, 2012"
548340,RCB,Super Kings,no result,-,Bengaluru,"Apr 25, 2012"
548339,Kings XI,Mumbai,Mumbai,4 wickets,Mohali,"Apr 25, 2012"
548337,Warriors,Daredevils,Daredevils,8 wickets,Pune,"Apr 24, 2012"
548336,Royals,RCB,RCB,46 runs,Jaipur,"Apr 23, 2012"
548335,Chargers,KKR,KKR,5 wickets,Cuttack,"Apr 22, 2012"
548334,Mumbai,Kings XI,Kings XI,6 wickets,Wankhede,"Apr 22, 2012"
548333,Daredevils,Warriors,Warriors,20 runs,Delhi,"Apr 21, 2012"
548332,Super Kings,Royals,Super Kings,7 wickets,Chennai,"Apr 21, 2012"
548331,Kings XI,RCB,RCB,5 wickets,Mohali,"Apr 20, 2012"
548330,Super Kings,Warriors,Super Kings,13 runs,Chennai,"Apr 19, 2012"
548321,Daredevils,Chargers,Daredevils,5 wickets,Delhi,"Apr 19, 2012"
548328,Kings XI,KKR,KKR,8 wickets,Mohali,"Apr 18, 2012"
548327,RCB,Warriors,RCB,6 wickets,Bengaluru,"Apr 17, 2012"
548326,Royals,Chargers,Royals,5 wickets,Jaipur,"Apr 17, 2012"
548325,Mumbai,Daredevils,Daredevils,7 wickets,Wankhede,"Apr 16, 2012"
548324,RCB,Royals,Royals,59 runs,Bengaluru,"Apr 15, 2012"
548323,KKR,Kings XI,Kings XI,2 runs,Eden Gardens,"Apr 15, 2012"
548322,Warriors,Super Kings,Warriors,7 wickets,Pune,"Apr 14, 2012"
548320,KKR,Royals,KKR,5 wickets,Eden Gardens,"Apr 13, 2012"
548319,Kings XI,Warriors,Kings XI,7 wickets,Mohali,"Apr 12, 2012"
548318,Super Kings,RCB,Super Kings,5 wickets,Chennai,"Apr 12, 2012"
548317,Mumbai,Royals,Mumbai,27 runs,Wankhede,"Apr 11, 2012"
548316,Daredevils,Super Kings,Daredevils,8 wickets,Delhi,"Apr 10, 2012"
548315,RCB,KKR,KKR,42 runs,Bengaluru,"Apr 10, 2012"
548314,Chargers,Mumbai,Mumbai,5 wickets,Visakhapatnam,"Apr 9, 2012"
548313,Warriors,Kings XI,Warriors,22 runs,Pune,"Apr 8, 2012"
548312,Royals,KKR,Royals,22 runs,Jaipur,"Apr 8, 2012"
548311,Chargers,Super Kings,Super Kings,74 runs,Visakhapatnam,"Apr 7, 2012"
548310,RCB,Daredevils,RCB,20 runs,Bengaluru,"Apr 7, 2012"
548309,Royals,Kings XI,Royals,31 runs,Jaipur,"Apr 6, 2012"
548308,Mumbai,Warriors,Warriors,28 runs,Wankhede,"Apr 6, 2012"
548307,KKR,Daredevils,Daredevils,8 wickets,Eden Gardens,"Apr 5, 2012"
548306,Super Kings,Mumbai,Mumbai,8 wickets,Chennai,"Apr 4, 2012"
501271,Super Kings,RCB,Super Kings,58 runs,Chennai,"May 28, 2011"
501270,Mumbai,RCB,RCB,43 runs,Chennai,"May 27, 2011"
501269,Mumbai,KKR,Mumbai,4 wickets,Wankhede,"May 25, 2011"
501268,Super Kings,RCB,Super Kings,6 wickets,Wankhede,"May 24, 2011"
501267,KKR,Mumbai,Mumbai,5 wickets,Eden Gardens,"May 22, 2011"
501266,RCB,Super Kings,RCB,8 wickets,Bengaluru,"May 22, 2011"
501265,Daredevils,Warriors,no result,-,Delhi,"May 21, 2011"
501264,Kings XI,Chargers,Chargers,82 runs,Dharamsala,"May 21, 2011"
501263,Mumbai,Royals,Royals,10 wickets,Wankhede,"May 20, 2011"
501262,Warriors,KKR,KKR,7 wickets,DY Patil,"May 19, 2011"
501261,Super Kings,Kochi,Super Kings,11 runs,Chennai,"May 18, 2011"
501260,Kings XI,RCB,Kings XI,111 runs,Dharamsala,"May 17, 2011"
501259,Warriors,Chargers,Chargers,6 wickets,DY Patil,"May 16, 2011"
501258,Kochi,Royals,Kochi,8 wickets,Indore,"May 15, 2011"
501257,Kings XI,Daredevils,Kings XI,29 runs,Dharamsala,"May 15, 2011"
501256,Mumbai,Chargers,Chargers,10 runs,Wankhede,"May 14, 2011"
501255,RCB,KKR,RCB,4 wickets,Bengaluru,"May 14, 2011"
501254,Kochi,Kings XI,Kings XI,6 wickets,Indore,"May 13, 2011"
501253,Super Kings,Daredevils,Super Kings,18 runs,Chennai,"May 12, 2011"
501252,Royals,RCB,RCB,9 wickets,Jaipur,"May 11, 2011"
501251,Kings XI,Mumbai,Kings XI,76 runs,Mohali,"May 10, 2011"
501250,Chargers,Warriors,Warriors,6 wickets,Hyderabad,"May 10, 2011"
501249,Royals,Super Kings,Super Kings,63 runs,Jaipur,"May 9, 2011"
501248,Kings XI,Warriors,Warriors,5 wickets,Mohali,"May 8, 2011"
501247,RCB,Kochi,RCB,9 wickets,Bengaluru,"May 8, 2011"
501246,Mumbai,Daredevils,Mumbai,32 runs,Wankhede,"May 7, 2011"
501245,KKR,Super Kings,KKR,10 runs,Eden Gardens,"May 7, 2011"
501244,RCB,Kings XI,RCB,85 runs,Bengaluru,"May 6, 2011"
501243,Chargers,Daredevils,Daredevils,4 wickets,Hyderabad,"May 5, 2011"
501242,Kochi,KKR,Kochi,17 runs,Kochi,"May 5, 2011"
501241,Warriors,Mumbai,Mumbai,21 runs,DY Patil,"May 4, 2011"
501240,Super Kings,Royals,Super Kings,8 wickets,Chennai,"May 4, 2011"
501239,Chargers,KKR,KKR,20 runs,Hyderabad,"May 3, 2011"
501238,Daredevils,Kochi,Kochi,7 wickets,Delhi,"May 2, 2011"
501237,Mumbai,Kings XI,Mumbai,23 runs,Wankhede,"May 2, 2011"
501236,Super Kings,Chargers,Super Kings,19 runs,Chennai,"May 1, 2011"
501235,Royals,Warriors,Royals,6 wickets,Jaipur,"May 1, 2011"
501234,KKR,Kings XI,KKR,8 wickets,Eden Gardens,"Apr 30, 2011"
501233,Kochi,Daredevils,Daredevils,38 runs,Kochi,"Apr 30, 2011"
501232,RCB,Warriors,RCB,26 runs,Bengaluru,"Apr 29, 2011"
501231,Royals,Mumbai,Royals,7 wickets,Jaipur,"Apr 29, 2011"
501230,Daredevils,KKR,KKR,17 runs,Delhi,"Apr 28, 2011"
501229,Kochi,Chargers,Chargers,55 runs,Kochi,"Apr 27, 2011"
501228,Warriors,Super Kings,Super Kings,8 wickets,DY Patil,"Apr 27, 2011"
501227,Daredevils,RCB,RCB,3 wickets,Delhi,"Apr 26, 2011"
501226,Super Kings,Warriors,Super Kings,25 runs,Chennai,"Apr 25, 2011"
501225,Royals,Kochi,Royals,8 wickets,Jaipur,"Apr 24, 2011"
501224,Chargers,Mumbai,Mumbai,37 runs,Hyderabad,"Apr 24, 2011"
501223,Daredevils,Kings XI,Daredevils,29 runs,Delhi,"Apr 23, 2011"
501221,Mumbai,Super Kings,Mumbai,8 runs,Wankhede,"Apr 22, 2011"
501222,KKR,RCB,RCB,9 wickets,Eden Gardens,"Apr 22, 2011"
501220,Kings XI,Royals,Kings XI,48 runs,Mohali,"Apr 21, 2011"
501219,KKR,Kochi,Kochi,6 runs,Eden Gardens,"Apr 20, 2011"
501218,Mumbai,Warriors,Mumbai,7 wickets,Wankhede,"Apr 20, 2011"
501216,Daredevils,Chargers,Chargers,16 runs,Delhi,"Apr 19, 2011"
501215,Kochi,Super Kings,Kochi,7 wickets,Kochi,"Apr 18, 2011"
501214,KKR,Royals,KKR,8 wickets,Eden Gardens,"Apr 17, 2011"
501213,Warriors,Daredevils,Daredevils,3 wickets,DY Patil,"Apr 17, 2011"
501212,Chargers,Kings XI,Kings XI,8 wickets,Hyderabad,"Apr 16, 2011"
501211,Super Kings,RCB,Super Kings,21 runs,Chennai,"Apr 16, 2011"
501210,Mumbai,Kochi,Kochi,8 wickets,Wankhede,"Apr 15, 2011"
501209,Royals,KKR,KKR,9 wickets,Jaipur,"Apr 15, 2011"
501208,Chargers,RCB,Chargers,33 runs,Hyderabad,"Apr 14, 2011"
501207,Warriors,Kochi,Warriors,4 wickets,DY Patil,"Apr 13, 2011"
501206,Kings XI,Super Kings,Kings XI,6 wickets,Mohali,"Apr 13, 2011"
501205,RCB,Mumbai,Mumbai,9 wickets,Bengaluru,"Apr 12, 2011"
501204,Royals,Daredevils,Royals,6 wickets,Jaipur,"Apr 12, 2011"
501203,KKR,Chargers,KKR,9 runs,Eden Gardens,"Apr 11, 2011"
501202,Warriors,Kings XI,Warriors,7 wickets,DY Patil,"Apr 10, 2011"
501201,Daredevils,Mumbai,Mumbai,8 wickets,Delhi,"Apr 10, 2011"
501200,Kochi,RCB,RCB,6 wickets,Kochi,"Apr 9, 2011"
501199,Chargers,Royals,Royals,8 wickets,Hyderabad,"Apr 9, 2011"
501198,Super Kings,KKR,Super Kings,2 runs,Chennai,"Apr 8, 2011"
419165,Mumbai,Super Kings,Super Kings,22 runs,DY Patil,"Apr 25, 2010"
419164,Chargers,RCB,RCB,9 wickets,DY Patil,"Apr 24, 2010"
419163,Super Kings,Chargers,Super Kings,38 runs,DY Patil,"Apr 22, 2010"
419162,Mumbai,RCB,Mumbai,35 runs,DY Patil,"Apr 21, 2010"
419161,KKR,Mumbai,KKR,9 wickets,Eden Gardens,"Apr 19, 2010"
419160,Daredevils,Chargers,Chargers,11 runs,Delhi,"Apr 18, 2010"
419159,Kings XI,Super Kings,Super Kings,6 wickets,Dharamsala,"Apr 18, 2010"
419158,KKR,Royals,KKR,8 wickets,Eden Gardens,"Apr 17, 2010"
419157,RCB,Mumbai,Mumbai,57 runs,Bengaluru,"Apr 17, 2010"
419156,Kings XI,Chargers,Chargers,5 wickets,Dharamsala,"Apr 16, 2010"
419155,Super Kings,Daredevils,Daredevils,6 wickets,Chennai,"Apr 15, 2010"
419154,Royals,RCB,RCB,5 wickets,Jaipur,"Apr 14, 2010"
419153,Super Kings,KKR,Super Kings,9 wickets,Chennai,"Apr 13, 2010"
419152,Mumbai,Daredevils,Mumbai,39 runs,Brabourne,"Apr 13, 2010"
419151,Chargers,RCB,Chargers,13 runs,Nagpur,"Apr 12, 2010"
419150,Royals,Mumbai,Mumbai,37 runs,Jaipur,"Apr 11, 2010"
419149,Daredevils,Kings XI,Kings XI,7 wickets,Delhi,"Apr 11, 2010"
419148,RCB,KKR,RCB,7 wickets,Bengaluru,"Apr 10, 2010"
419147,Chargers,Super Kings,Chargers,6 wickets,Nagpur,"Apr 10, 2010"
419146,Kings XI,Mumbai,Kings XI,6 wickets,Mohali,"Apr 9, 2010"
419145,RCB,Chargers,Chargers,7 wickets,Bengaluru,"Apr 8, 2010"
419144,KKR,Daredevils,KKR,14 runs,Eden Gardens,"Apr 7, 2010"
419143,Royals,Kings XI,Royals,9 wickets,Jaipur,"Apr 7, 2010"
419142,Super Kings,Mumbai,Super Kings,24 runs,Chennai,"Apr 6, 2010"
419141,Chargers,Royals,Royals,2 runs,Nagpur,"Apr 5, 2010"
419140,Daredevils,RCB,Daredevils,37 runs,Delhi,"Apr 4, 2010"
419139,KKR,Kings XI,Kings XI,8 wickets,Eden Gardens,"Apr 4, 2010"
419138,Mumbai,Chargers,Mumbai,63 runs,Brabourne,"Apr 3, 2010"
419137,Super Kings,Royals,Super Kings,23 runs,Chennai,"Apr 3, 2010"
419136,Kings XI,RCB,RCB,6 wickets,Mohali,"Apr 2, 2010"
419135,KKR,Chargers,KKR,24 runs,Eden Gardens,"Apr 1, 2010"
419134,Daredevils,Royals,Daredevils,67 runs,Delhi,"Mar 31, 2010"
419133,Super Kings,RCB,Super Kings,5 wickets,Chennai,"Mar 31, 2010"
419132,Mumbai,Kings XI,Mumbai,4 wickets,Brabourne,"Mar 30, 2010"
419131,Daredevils,KKR,Daredevils,40 runs,Delhi,"Mar 29, 2010"
419130,Chargers,Mumbai,Mumbai,41 runs,DY Patil,"Mar 28, 2010"
419129,Royals,Super Kings,Royals,17 runs,Ahmedabad,"Mar 28, 2010"
419127,Kings XI,KKR,KKR,39 runs,Mohali,"Mar 27, 2010"
419126,Royals,Chargers,Royals,8 wickets,Ahmedabad,"Mar 26, 2010"
419125,Mumbai,Super Kings,Mumbai,5 wickets,Brabourne,"Mar 25, 2010"
419128,RCB,Daredevils,Daredevils,17 runs,Bengaluru,"Mar 25, 2010"
419124,Kings XI,Royals,Royals,31 runs,Mohali,"Mar 24, 2010"
419123,RCB,Super Kings,RCB,36 runs,Bengaluru,"Mar 23, 2010"
419122,Mumbai,KKR,Mumbai,7 wickets,Brabourne,"Mar 22, 2010"
419121,Super Kings,Kings XI,tied,-,Chennai,"Mar 21, 2010"
419120,Chargers,Daredevils,Chargers,10 runs,Cuttack,"Mar 21, 2010"
419119,Mumbai,RCB,RCB,7 wickets,Brabourne,"Mar 20, 2010"
419118,Royals,KKR,Royals,34 runs,Ahmedabad,"Mar 20, 2010"
419117,Chargers,Kings XI,Chargers,6 runs,Cuttack,"Mar 19, 2010"
419116,Daredevils,Super Kings,Super Kings,5 wickets,Delhi,"Mar 19, 2010"
419115,RCB,Royals,RCB,10 wickets,Bengaluru,"Mar 18, 2010"
419114,Daredevils,Mumbai,Mumbai,98 runs,Delhi,"Mar 17, 2010"
419113,KKR,Super Kings,Super Kings,55 runs,Eden Gardens,"Mar 16, 2010"
419112,RCB,Kings XI,RCB,8 wickets,Bengaluru,"Mar 16, 2010"
419111,Royals,Daredevils,Daredevils,6 wickets,Ahmedabad,"Mar 15, 2010"
419110,Super Kings,Chargers,Chargers,31 runs,Chennai,"Mar 14, 2010"
419109,KKR,RCB,KKR,7 wickets,Eden Gardens,"Mar 14, 2010"
419108,Kings XI,Daredevils,Daredevils,5 wickets,Mohali,"Mar 13, 2010"
419107,Mumbai,Royals,Mumbai,4 runs,Brabourne,"Mar 13, 2010"
419106,Chargers,KKR,KKR,11 runs,DY Patil,"Mar 12, 2010"
392239,Chargers,RCB,Chargers,6 runs,Johannesburg,"May 24, 2009"
392238,Super Kings,RCB,RCB,6 wickets,Johannesburg,"May 23, 2009"
392237,Chargers,Daredevils,Chargers,6 wickets,Centurion,"May 22, 2009"
392236,RCB,Chargers,RCB,12 runs,Centurion,"May 21, 2009"
392235,Daredevils,Mumbai,Daredevils,4 wickets,Centurion,"May 21, 2009"
392234,Super Kings,Kings XI,Super Kings,24 runs,Durban,"May 20, 2009"
392233,KKR,Royals,KKR,4 wickets,Durban,"May 20, 2009"
392232,RCB,Daredevils,RCB,7 wickets,Johannesburg,"May 19, 2009"
392231,Super Kings,KKR,KKR,7 wickets,Centurion,"May 18, 2009"
392230,Daredevils,Royals,Daredevils,14 runs,Bloemfontein,"May 17, 2009"
392229,Chargers,Kings XI,Kings XI,1 run,Johannesburg,"May 17, 2009"
392228,Chargers,KKR,Chargers,6 wickets,Johannesburg,"May 16, 2009"
392227,Super Kings,Mumbai,Super Kings,7 wickets,Gqeberha,"May 16, 2009"
392226,Daredevils,Kings XI,Kings XI,6 wickets,Bloemfontein,"May 15, 2009"
392225,Mumbai,Royals,Royals,2 runs,Durban,"May 14, 2009"
392224,RCB,Super Kings,RCB,2 wickets,Durban,"May 14, 2009"
392223,Chargers,Daredevils,Daredevils,12 runs,Durban,"May 13, 2009"
392222,Kings XI,Mumbai,Mumbai,8 wickets,Centurion,"May 12, 2009"
392221,RCB,KKR,RCB,6 wickets,Centurion,"May 12, 2009"
392220,Chargers,Royals,Chargers,53 runs,Kimberley,"May 11, 2009"
392219,Daredevils,KKR,Daredevils,7 wickets,Johannesburg,"May 10, 2009"
392218,RCB,Mumbai,Mumbai,16 runs,Gqeberha,"May 10, 2009"
392217,Super Kings,Royals,Super Kings,7 wickets,Kimberley,"May 9, 2009"
392216,Chargers,Kings XI,Kings XI,3 wickets,Kimberley,"May 9, 2009"
392215,Daredevils,Mumbai,Daredevils,7 wickets,East London,"May 8, 2009"
392214,Super Kings,Kings XI,Super Kings,12 runs,Centurion,"May 7, 2009"
392213,RCB,Royals,Royals,7 wickets,Centurion,"May 7, 2009"
392212,Chargers,Mumbai,Chargers,19 runs,Centurion,"May 6, 2009"
392211,Daredevils,KKR,Daredevils,9 wickets,Durban,"May 5, 2009"
392210,Kings XI,Royals,Royals,78 runs,Durban,"May 5, 2009"
392209,Super Kings,Chargers,Super Kings,78 runs,East London,"May 4, 2009"
392208,RCB,Mumbai,RCB,9 wickets,Johannesburg,"May 3, 2009"
392207,Kings XI,KKR,Kings XI,6 wickets,Gqeberha,"May 3, 2009"
392206,Super Kings,Daredevils,Super Kings,18 runs,Johannesburg,"May 2, 2009"
392205,Chargers,Royals,Royals,3 wickets,Gqeberha,"May 2, 2009"
392204,RCB,Kings XI,RCB,8 runs,Durban,"May 1, 2009"
392203,KKR,Mumbai,Mumbai,9 runs,East London,"May 1, 2009"
392202,Super Kings,Royals,Super Kings,38 runs,Centurion,"Apr 30, 2009"
392201,Chargers,Daredevils,Daredevils,6 wickets,Centurion,"Apr 30, 2009"
392200,Kings XI,Mumbai,Kings XI,3 runs,Durban,"Apr 29, 2009"
392199,RCB,KKR,RCB,5 wickets,Durban,"Apr 29, 2009"
392198,Daredevils,Royals,Royals,5 wickets,Centurion,"Apr 28, 2009"
392197,KKR,Mumbai,Mumbai,92 runs,Gqeberha,"Apr 27, 2009"
392196,Super Kings,Chargers,Chargers,6 wickets,Durban,"Apr 27, 2009"
392195,Kings XI,Royals,Kings XI,27 runs,Cape Town,"Apr 26, 2009"
392194,RCB,Daredevils,Daredevils,6 wickets,Gqeberha,"Apr 26, 2009"
392192,Chargers,Mumbai,Chargers,12 runs,Durban,"Apr 25, 2009"
392191,RCB,Kings XI,Kings XI,7 wickets,Durban,"Apr 24, 2009"
392190,KKR,Royals,tied,-,Cape Town,"Apr 23, 2009"
392189,Super Kings,Daredevils,Daredevils,9 runs,Durban,"Apr 23, 2009"
392188,RCB,Chargers,Chargers,24 runs,Cape Town,"Apr 22, 2009"
392186,Kings XI,KKR,KKR,11 runs,Durban,"Apr 21, 2009"
392185,RCB,Super Kings,Super Kings,92 runs,Gqeberha,"Apr 20, 2009"
392184,Chargers,KKR,Chargers,8 wickets,Cape Town,"Apr 19, 2009"
392183,Daredevils,Kings XI,Daredevils,10 wickets,Cape Town,"Apr 19, 2009"
392182,RCB,Royals,RCB,75 runs,Cape Town,"Apr 18, 2009"
392181,Super Kings,Mumbai,Mumbai,19 runs,Cape Town,"Apr 18, 2009"
336040,Super Kings,Royals,Royals,3 wickets,DY Patil,"Jun 1, 2008"
336039,Super Kings,Kings XI,Super Kings,9 wickets,Wankhede,"May 31, 2008"
336038,Daredevils,Royals,Royals,105 runs,Wankhede,"May 30, 2008"
336019,Kings XI,Royals,Kings XI,41 runs,Mohali,"May 28, 2008"
336012,RCB,Mumbai,Mumbai,9 wickets,Bengaluru,"May 28, 2008"
336037,Chargers,Super Kings,Super Kings,7 wickets,Hyderabad,"May 27, 2008"
336036,Royals,Mumbai,Royals,5 wickets,Jaipur,"May 26, 2008"
336035,KKR,Kings XI,KKR,3 wickets,Eden Gardens,"May 25, 2008"
336002,Chargers,RCB,RCB,5 wickets,Hyderabad,"May 25, 2008"
336032,Daredevils,Mumbai,Daredevils,5 wickets,Delhi,"May 24, 2008"
336033,Super Kings,Royals,Royals,10 runs,Chennai,"May 24, 2008"
336031,Kings XI,Chargers,Kings XI,6 wickets,Mohali,"May 23, 2008"
336029,Super Kings,RCB,RCB,14 runs,Chennai,"May 21, 2008"
336028,Mumbai,Kings XI,Kings XI,1 run,Wankhede,"May 21, 2008"
336027,KKR,Royals,Royals,6 wickets,Eden Gardens,"May 20, 2008"
336026,RCB,Daredevils,Daredevils,5 wickets,Bengaluru,"May 19, 2008"
336024,Chargers,Mumbai,Mumbai,25 runs,Hyderabad,"May 18, 2008"
336025,KKR,Super Kings,Super Kings,3 runs,Eden Gardens,"May 18, 2008"
336022,Daredevils,Kings XI,Kings XI,6 runs,Delhi,"May 17, 2008"
336023,Royals,RCB,Royals,65 runs,Jaipur,"May 17, 2008"
336021,Mumbai,KKR,Mumbai,8 wickets,Wankhede,"May 16, 2008"
336020,Daredevils,Chargers,Daredevils,12 runs,Delhi,"May 15, 2008"
336018,Mumbai,Super Kings,Mumbai,9 wickets,Wankhede,"May 14, 2008"
336017,KKR,Daredevils,KKR,23 runs,Eden Gardens,"May 13, 2008"
336016,Kings XI,RCB,Kings XI,9 wickets,Mohali,"May 12, 2008"
336015,Royals,Daredevils,Royals,3 wickets,Jaipur,"May 11, 2008"
336014,Chargers,KKR,KKR,23 runs,Hyderabad,"May 11, 2008"
336013,Super Kings,Kings XI,Super Kings,18 runs,Chennai,"May 10, 2008"
336011,Royals,Chargers,Royals,8 wickets,Jaipur,"May 9, 2008"
336010,KKR,RCB,KKR,5 runs,Eden Gardens,"May 8, 2008"
336009,Daredevils,Super Kings,Super Kings,4 wickets,Delhi,"May 8, 2008"
336008,Mumbai,Royals,Mumbai,7 wickets,DY Patil,"May 7, 2008"
336007,Super Kings,Chargers,Chargers,7 wickets,Chennai,"May 6, 2008"
336006,RCB,Kings XI,Kings XI,6 wickets,Bengaluru,"May 5, 2008"
336005,Royals,Super Kings,Royals,8 wickets,Jaipur,"May 4, 2008"
336004,Mumbai,Daredevils,Mumbai,29 runs,DY Patil,"May 4, 2008"
336003,Kings XI,KKR,Kings XI,9 runs,Mohali,"May 3, 2008"
336034,RCB,Chargers,RCB,3 runs,Bengaluru,"May 3, 2008"
336001,Super Kings,Daredevils,Daredevils,8 wickets,Chennai,"May 2, 2008"
335999,Chargers,Kings XI,Kings XI,7 wickets,Hyderabad,"May 1, 2008"
336000,Royals,KKR,Royals,45 runs,Jaipur,"May 1, 2008"
335998,Daredevils,RCB,Daredevils,10 runs,Delhi,"Apr 30, 2008"
335997,KKR,Mumbai,Mumbai,7 wickets,Eden Gardens,"Apr 29, 2008"
335996,RCB,Super Kings,Super Kings,13 runs,Bengaluru,"Apr 28, 2008"
335994,Mumbai,Chargers,Chargers,10 wickets,DY Patil,"Apr 27, 2008"
335995,Kings XI,Daredevils,Kings XI,4 wickets,Mohali,"Apr 27, 2008"
335992,RCB,Royals,Royals,7 wickets,Bengaluru,"Apr 26, 2008"
335993,Super Kings,KKR,Super Kings,9 wickets,Chennai,"Apr 26, 2008"
335991,Kings XI,Mumbai,Kings XI,66 runs,Mohali,"Apr 25, 2008"
335990,Chargers,Royals,Royals,3 wickets,Hyderabad,"Apr 24, 2008"
335989,Super Kings,Mumbai,Super Kings,6 runs,Chennai,"Apr 23, 2008"
335988,Chargers,Daredevils,Daredevils,9 wickets,Hyderabad,"Apr 22, 2008"
335987,Royals,Kings XI,Royals,6 wickets,Jaipur,"Apr 21, 2008"
335985,Mumbai,RCB,RCB,5 wickets,Wankhede,"Apr 20, 2008"
335986,KKR,Chargers,KKR,5 wickets,Eden Gardens,"Apr 20, 2008"
335984,Daredevils,Royals,Daredevils,9 wickets,Delhi,"Apr 19, 2008"
335983,Kings XI,Super Kings,Super Kings,33 runs,Mohali,"Apr 19, 2008"
335982,RCB,KKR,KKR,140 runs,Bengaluru,"Apr 18, 2008"
