bowling,over,maiden,run,wickets,economy_rate,0s,4s,6s,wide,no_ball,match_id
Deepak Chahar,4,0,38,1,9.50,5,3,1,0,0,1370353
Tushar Deshpande,4,0,56,0,14.00,4,7,3,0,0,1370353
Maheesh Theekshana,4,0,36,0,9.00,8,3,2,0,0,1370353
Ravindra Jadeja,4,0,38,1,9.50,3,3,1,0,0,1370353
Matheesha Pathirana,4,0,44,2,11.00,7,4,2,2,0,1370353
Jason Behrendorff,4,0,28,0,7.00,8,4,0,0,0,1370352
Cameron Green,3,0,35,0,11.66,4,3,2,0,0,1370352
Akash Madhwal,4,0,52,1,13.00,7,3,4,0,2,1370352
Chris Jordan,4,0,56,0,14.00,6,6,3,4,0,1370352
Piyush Chawla,3,0,45,1,15.00,0,2,3,1,0,1370352
Kumar Kartikeya,2,0,15,0,7.50,2,0,1,0,0,1370352
Krunal Pandya,4,0,38,0,9.50,7,5,1,0,0,1370351
Krishnappa Gowtham,1,0,8,0,8.00,4,2,0,0,0,1370351
Naveen-ul-Haq,4,0,38,4,9.50,10,3,2,3,0,1370351
Yash Thakur,4,0,34,3,8.50,12,3,2,2,0,1370351
Mohsin Khan,3,0,24,1,8.00,9,1,2,0,0,1370351
Ravi Bishnoi,4,0,30,0,7.50,4,1,1,1,0,1370351
Mohammed Shami,4,0,28,2,7.00,10,2,1,0,1,1370350
Darshan Nalkande,4,0,44,1,11.00,9,4,2,0,1,1370350
Rashid Khan,4,0,37,1,9.25,5,2,1,0,0,1370350
Noor Ahmad,4,0,29,1,7.25,6,3,0,0,0,1370350
Mohit Sharma,4,0,31,2,7.75,4,3,0,0,0,1370350
Mohammed Shami,4,0,39,1,9.75,9,7,0,1,0,1359544
Yash Dayal,4,0,39,1,9.75,7,5,1,0,0,1359544
Rashid Khan,4,0,24,1,6.00,5,1,0,0,0,1359544
Noor Ahmad,4,0,39,2,9.75,6,4,1,2,0,1359544
Mohit Sharma,4,0,54,0,13.50,2,8,1,2,0,1359544
Jason Behrendorff,3,0,36,0,12.00,7,4,2,3,0,1359543
Cameron Green,1,0,2,0,2.00,4,0,0,0,0,1359543
Chris Jordan,4,0,42,1,10.50,6,5,1,1,0,1359543
Akash Madhwal,4,0,37,4,9.25,7,4,1,0,1,1359543
Piyush Chawla,4,0,39,0,9.75,4,3,2,0,0,1359543
Kumar Kartikeya,4,0,39,0,9.75,6,4,1,1,0,1359543
Harshit Rana,3,0,21,1,7.00,11,3,1,0,0,1359542
Vaibhav Arora,4,0,30,2,7.50,9,1,1,3,1,1359542
Varun Chakravarthy,4,0,38,1,9.50,10,4,2,0,0,1359542
Nitish Rana,1,0,3,0,3.00,4,0,0,0,0,1359542
Shardul Thakur,2,0,27,2,13.50,3,0,3,1,1,1359542
Sunil Narine,4,0,28,2,7.00,8,2,1,1,0,1359542
Suyash Sharma,1,0,12,0,12.00,2,1,1,0,0,1359542
Andre Russell,1,0,12,0,12.00,2,1,1,0,0,1359542
Khaleel Ahmed,4,0,45,1,11.25,9,4,3,2,1,1359541
Lalit Yadav,2,0,32,0,16.00,1,3,2,2,0,1359541
Axar Patel,3,0,32,0,10.66,3,0,3,0,0,1359541
Anrich Nortje,4,0,43,1,10.75,8,4,3,0,0,1359541
Chetan Sakariya,4,0,36,1,9.00,9,5,0,3,1,1359541
Kuldeep Yadav,3,0,34,0,11.33,2,1,3,0,0,1359541
Trent Boult,4,0,35,1,8.75,12,3,2,1,0,1359540
Sandeep Sharma,4,0,46,0,11.50,6,3,3,2,1,1359540
Navdeep Saini,4,0,40,3,10.00,9,6,1,1,0,1359540
Adam Zampa,4,0,26,1,6.50,6,2,0,0,0,1359540
Yuzvendra Chahal,4,0,40,0,10.00,9,3,3,1,0,1359540
Mohammed Siraj,4,0,17,1,4.25,16,2,0,2,0,1359539
Wayne Parnell,4,0,35,0,8.75,5,3,1,0,0,1359539
Michael Bracewell,2,0,13,2,6.50,5,2,0,0,0,1359539
Shahbaz Ahmed,3,0,38,1,12.66,4,4,2,0,0,1359539
Harshal Patel,4,0,37,1,9.25,4,3,1,1,0,1359539
Karn Sharma,3,0,45,0,15.00,0,1,4,1,0,1359539
Sam Curran,4,0,36,2,9.00,9,4,1,1,0,1359538
Kagiso Rabada,3,0,36,0,12.00,8,2,4,0,0,1359538
Arshdeep Singh,2,0,21,0,10.50,4,2,1,2,0,1359538
Nathan Ellis,4,0,46,0,11.50,6,5,2,0,0,1359538
Rahul Chahar,4,0,35,0,8.75,7,4,1,0,0,1359538
Harpreet Brar,3,0,39,0,13.00,2,3,2,2,0,1359538
Jason Behrendorff,4,0,30,2,7.50,9,0,2,1,0,1359537
Chris Jordan,4,0,50,0,12.50,7,3,4,2,0,1359537
Hrithik Shokeen,3,0,20,0,6.66,9,1,1,0,0,1359537
Piyush Chawla,3,0,26,1,8.66,5,0,2,0,0,1359537
Akash Madhwal,4,0,30,0,7.50,7,1,1,2,0,1359537
Cameron Green,2,0,16,0,8.00,5,1,1,0,0,1359537
Bhuvneshwar Kumar,4,0,30,5,7.50,11,4,0,0,0,1359536
Marco Jansen,4,0,39,1,9.75,11,3,1,4,2,1359536
Fazalhaq Farooqi,3,0,31,1,10.33,3,4,0,1,0,1359536
T Natarajan,4,0,34,1,8.50,4,4,0,0,0,1359536
Aiden Markram,1,0,13,0,13.00,0,2,0,0,0,1359536
Mayank Markande,3,0,27,0,9.00,3,4,0,0,0,1359536
Abhishek Sharma,1,0,13,0,13.00,2,1,1,1,0,1359536
Vaibhav Arora,4,0,30,1,7.50,7,2,0,1,1,1359535
Harshit Rana,2,0,19,0,9.50,5,2,1,0,0,1359535
Varun Chakravarthy,4,0,36,2,9.00,5,2,1,1,0,1359535
Sunil Narine,4,0,15,2,3.75,10,0,0,0,0,1359535
Shardul Thakur,3,0,15,1,5.00,7,1,0,1,0,1359535
Suyash Sharma,3,0,29,0,9.66,6,0,3,0,1,1359535
Sandeep Sharma,4,0,34,1,8.50,4,4,0,1,0,1359534
Adam Zampa,4,0,25,2,6.25,10,2,1,0,0,1359534
Yuzvendra Chahal,4,0,37,0,9.25,4,3,1,1,0,1359534
Ravichandran Ashwin,4,0,33,0,8.25,5,1,2,1,0,1359534
KM Asif,4,0,42,2,10.50,8,2,3,1,0,1359534
Khaleel Ahmed,4,0,36,0,9.00,11,4,1,3,0,1359533
Ishant Sharma,3,0,27,2,9.00,8,4,1,0,0,1359533
Axar Patel,4,0,27,1,6.75,12,1,1,2,0,1359533
Praveen Dubey,3,0,19,1,6.33,8,1,1,1,0,1359533
Kuldeep Yadav,4,0,32,1,8.00,9,2,2,0,0,1359533
Mitchell Marsh,1,0,21,0,21.00,0,1,2,1,0,1359533
Mukesh Kumar,1,0,3,1,3.00,3,0,0,0,0,1359533
Yudhvir Singh,3,0,24,1,8.00,8,4,0,1,0,1359532
Kyle Mayers,1,0,11,0,11.00,3,2,0,0,1,1359532
Krunal Pandya,4,0,24,2,6.00,12,2,1,0,0,1359532
Avesh Khan,2,0,30,1,15.00,2,5,1,0,0,1359532
Yash Thakur,4,0,28,1,7.00,11,1,2,0,0,1359532
Amit Mishra,4,0,40,1,10.00,8,2,3,1,0,1359532
Ravi Bishnoi,2,0,23,0,11.50,1,2,1,0,0,1359532
Mohammed Shami,4,0,53,0,13.25,9,5,4,0,0,1359531
Mohit Sharma,4,0,43,1,10.75,10,6,2,0,0,1359531
Rashid Khan,4,0,30,4,7.50,10,5,0,0,0,1359531
Noor Ahmad,4,0,38,0,9.50,7,4,1,0,0,1359531
Alzarri Joseph,4,0,52,0,13.00,5,2,5,0,0,1359531
Trent Boult,3,0,15,2,5.00,13,2,0,0,0,1359530
Sandeep Sharma,4,0,34,1,8.50,12,2,3,0,0,1359530
Ravichandran Ashwin,4,0,32,0,8.00,6,1,2,0,0,1359530
Joe Root,2,0,14,0,7.00,2,1,0,0,0,1359530
Yuzvendra Chahal,4,0,25,4,6.25,11,2,1,0,0,1359530
KM Asif,3,0,27,1,9.00,4,0,2,1,0,1359530
Khaleel Ahmed,4,0,32,1,8.00,9,1,2,2,0,1359529
Ishant Sharma,2,0,23,0,11.50,4,4,0,2,0,1359529
Lalit Yadav,3,0,34,1,11.33,6,2,3,0,0,1359529
Axar Patel,4,0,27,2,6.75,8,2,1,0,0,1359529
Kuldeep Yadav,4,0,28,1,7.00,6,0,1,3,0,1359529
Mitchell Marsh,3,0,18,3,6.00,7,1,0,3,0,1359529
Jason Behrendorff,4,0,36,3,9.00,9,5,1,0,0,1359528
Piyush Chawla,4,0,41,0,10.25,8,5,2,0,0,1359528
Cameron Green,2,0,15,1,7.50,6,3,0,0,0,1359528
Chris Jordan,4,0,48,1,12.00,7,4,3,1,0,1359528
Kumar Kartikeya,4,0,35,1,8.75,6,3,1,1,0,1359528
Akash Madhwal,2,0,23,0,11.50,1,1,1,0,1,1359528
Vaibhav Arora,3,0,32,0,10.66,8,7,0,1,0,1359527
Harshit Rana,3,0,33,2,11.00,9,4,2,0,1,1359527
Andre Russell,1,0,19,0,19.00,1,4,0,0,1,1359527
Varun Chakravarthy,4,0,26,3,6.50,11,2,1,1,0,1359527
Suyash Sharma,4,0,26,1,6.50,12,1,2,1,0,1359527
Sunil Narine,4,0,29,0,7.25,9,2,1,1,0,1359527
Nitish Rana,1,0,7,1,7.00,3,1,0,0,0,1359527
Bhuvneshwar Kumar,4,0,44,1,11.00,7,6,1,2,0,1359526
Marco Jansen,4,0,44,1,11.00,5,6,1,1,0,1359526
T Natarajan,4,0,36,0,9.00,8,4,1,1,0,1359526
Mayank Markande,4,0,51,0,12.75,7,1,6,0,0,1359526
Abhishek Sharma,2,0,15,0,7.50,5,1,1,0,0,1359526
Vivrant Sharma,2,0,18,0,9.00,4,1,1,1,0,1359526
Mohsin Khan,3,0,42,1,14.00,4,5,2,2,0,1359525
Avesh Khan,4,0,34,1,8.50,8,2,2,0,0,1359525
Krunal Pandya,4,0,38,0,9.50,5,2,2,0,0,1359525
Yash Thakur,4,0,48,0,12.00,4,2,4,1,0,1359525
Ravi Bishnoi,2,0,21,0,10.50,2,0,2,1,0,1359525
Kyle Mayers,1,0,16,0,16.00,1,3,0,0,1,1359525
Swapnil Singh,1,0,7,0,7.00,1,0,0,0,0,1359525
Marcus Stoinis,1,0,20,0,20.00,0,1,2,0,0,1359525
Khaleel Ahmed,4,0,45,1,11.25,7,3,3,1,0,1359524
Axar Patel,3,0,17,0,5.66,7,2,0,0,0,1359524
Ishant Sharma,3,0,29,0,9.66,5,4,0,2,0,1359524
Mukesh Kumar,3,0,30,1,10.00,6,5,0,1,0,1359524
Mitchell Marsh,3,0,21,2,7.00,3,0,1,1,0,1359524
Kuldeep Yadav,4,0,37,0,9.25,5,2,2,0,0,1359524
Deepak Chahar,3,0,18,2,6.00,10,3,0,0,0,1359523
Tushar Deshpande,4,0,26,2,6.50,9,2,0,1,0,1359523
Ravindra Jadeja,4,0,37,1,9.25,5,5,0,1,0,1359523
Moeen Ali,1,0,10,0,10.00,2,2,0,0,0,1359523
Maheesh Theekshana,4,0,28,0,7.00,11,3,1,0,0,1359523
Matheesha Pathirana,4,0,15,3,3.75,12,0,0,0,0,1359523
Mohammed Shami,4,0,27,1,6.75,13,2,1,2,0,1359522
Hardik Pandya,2,0,22,1,11.00,4,3,1,0,0,1359522
Rashid Khan,4,0,14,3,3.50,13,0,0,2,0,1359522
Josh Little,4,0,24,1,6.00,7,2,0,0,0,1359522
Noor Ahmad,3,0,25,2,8.33,7,2,1,3,0,1359522
Mohit Sharma,0.5,0,5,0,6.00,0,0,0,0,0,1359522
Bhuvneshwar Kumar,4,0,33,1,8.25,12,6,0,1,0,1359521
Marco Jansen,3,0,24,2,8.00,7,3,0,0,1,1359521
Kartik Tyagi,2,0,30,1,15.00,5,3,2,2,1,1359521
Aiden Markram,3,0,24,1,8.00,5,2,1,0,0,1359521
T Natarajan,4,0,30,2,7.50,9,1,1,2,0,1359521
Mayank Markande,4,0,29,1,7.25,8,1,2,0,0,1359521
Cameron Green,2,0,15,0,7.50,7,2,0,0,0,1359520
Arshad Khan,4,0,48,1,12.00,9,7,2,1,0,1359520
Jofra Archer,4,0,56,0,14.00,4,4,3,2,1,1359520
Piyush Chawla,4,0,29,2,7.25,7,4,0,0,0,1359520
Kumar Kartikeya,3,0,24,0,8.00,3,0,1,3,0,1359520
Akash Madhwal,3,0,37,0,12.33,1,3,1,0,1,1359520
Mohammed Shami,4,0,11,4,2.75,19,1,0,0,0,1359518
Hardik Pandya,1,0,10,0,10.00,3,2,0,0,1,1359518
Josh Little,3,0,27,0,9.00,6,4,0,0,0,1359518
Rashid Khan,4,0,28,1,7.00,12,0,3,1,0,1359518
Noor Ahmad,4,0,20,0,5.00,11,1,0,2,0,1359518
Mohit Sharma,4,0,33,2,8.25,7,1,2,0,0,1359518
Krunal Pandya,4,0,21,0,5.25,8,1,0,0,0,1359517
Marcus Stoinis,1,0,11,0,11.00,0,1,0,0,0,1359517
Naveen-ul-Haq,4,0,30,3,7.50,8,3,1,0,0,1359517
Ravi Bishnoi,4,0,21,2,5.25,7,0,0,0,0,1359517
Amit Mishra,3,0,21,2,7.00,4,0,1,0,0,1359517
Yash Thakur,2,0,12,0,6.00,6,1,0,2,0,1359517
Krishnappa Gowtham,2,0,10,1,5.00,5,0,0,0,0,1359517
Cameron Green,3,0,31,0,10.33,10,2,2,4,0,1359516
Jofra Archer,4,0,35,1,8.75,16,2,3,3,1,1359516
Riley Meredith,4,0,51,1,12.75,7,9,1,2,0,1359516
Piyush Chawla,4,0,34,2,8.50,11,2,3,0,0,1359516
Kumar Kartikeya,2,0,14,0,7.00,6,1,1,0,0,1359516
Arshad Khan,3,0,39,3,13.00,5,4,2,3,0,1359516
Arshdeep Singh,4,0,37,1,9.25,8,5,0,3,0,1359515
Kagiso Rabada,4,0,34,0,8.50,8,4,1,1,0,1359515
Sam Curran,4,0,46,1,11.50,7,5,2,3,0,1359515
Rahul Chahar,4,0,35,1,8.75,7,2,2,0,0,1359515
Sikandar Raza,3,0,31,1,10.33,6,4,1,0,0,1359515
Liam Livingstone,1,0,16,0,16.00,0,3,0,0,0,1359515
Ishant Sharma,3,0,31,1,10.33,9,7,0,0,0,1359514
Anrich Nortje,4,0,44,0,11.00,4,4,1,2,0,1359514
Mukesh Kumar,2,0,38,0,19.00,2,4,2,2,1,1359514
Mitchell Marsh,4,1,27,4,6.75,12,1,2,2,0,1359514
Kuldeep Yadav,3,0,27,0,9.00,4,1,2,0,0,1359514
Axar Patel,4,0,29,1,7.25,7,0,2,2,0,1359514
Mohammed Shami,4,0,33,3,8.25,12,3,2,0,0,1359513
Hardik Pandya,3,0,34,0,11.33,9,3,3,1,0,1359513
Rashid Khan,4,0,54,0,13.50,3,3,4,1,0,1359513
Josh Little,4,0,25,2,6.25,12,2,1,0,0,1359513
Noor Ahmad,4,0,21,2,5.25,12,1,1,1,0,1359513
Mohit Sharma,1,0,12,0,12.00,1,0,1,0,0,1359513
Gurnoor Brar,3,0,42,0,14.00,7,4,3,1,2,1359512
Arshdeep Singh,4,0,54,1,13.50,4,10,0,2,0,1359512
Kagiso Rabada,4,0,52,2,13.00,12,3,5,2,2,1359512
Sikandar Raza,1,0,17,0,17.00,2,1,2,0,0,1359512
Rahul Chahar,4,0,29,0,7.25,8,2,1,0,0,1359512
Sam Curran,3,0,38,1,12.66,5,4,2,0,0,1359512
Liam Livingstone,1,0,19,1,19.00,1,3,1,0,0,1359512
Akash Singh,2,0,32,0,16.00,3,6,1,0,0,1359511
Tushar Deshpande,4,0,42,2,10.50,10,5,2,0,0,1359511
Maheesh Theekshana,4,0,24,1,6.00,11,3,0,1,0,1359511
Ravindra Jadeja,4,0,32,1,8.00,6,2,1,1,0,1359511
Moeen Ali,2,0,17,0,8.50,2,0,1,0,0,1359511
Matheesha Pathirana,4,0,48,0,12.00,5,5,1,2,0,1359511
Mohammed Siraj,4,0,33,1,8.25,11,5,1,0,0,1359510
David Willey,3,0,31,0,10.33,5,4,1,1,0,1359510
Wanindu Hasaranga,4,0,24,2,6.00,10,3,0,0,0,1359510
Shahbaz Ahmed,1,0,25,0,25.00,1,0,4,0,0,1359510
Vijaykumar Vyshak,4,0,41,2,10.25,3,2,2,3,0,1359510
Harshal Patel,4,0,44,0,11.00,7,2,4,1,0,1359510
Arjun Tendulkar,2,0,9,1,4.50,7,0,0,0,0,1359509
Jason Behrendorff,4,0,37,1,9.25,8,2,2,2,0,1359509
Riley Meredith,4,0,49,1,12.25,6,4,3,2,0,1359509
Cameron Green,2,0,39,0,19.50,0,2,4,0,0,1359509
Piyush Chawla,4,0,34,2,8.50,7,3,1,1,0,1359509
Kumar Kartikeya,4,0,39,1,9.75,7,3,2,0,0,1359509
Bhuvneshwar Kumar,4,0,11,2,2.75,16,1,0,0,0,1359508
Marco Jansen,2,0,27,0,13.50,4,4,1,0,0,1359508
Washington Sundar,4,0,28,3,7.00,10,2,1,0,0,1359508
T Natarajan,3,0,21,1,7.00,3,2,0,0,0,1359508
Mayank Markande,4,0,34,0,8.50,7,4,0,1,0,1359508
Umran Malik,2,0,14,0,7.00,4,2,0,0,0,1359508
Aiden Markram,1,0,7,0,7.00,0,0,0,0,0,1359508
Umesh Yadav,3,0,35,0,11.66,7,3,3,0,0,1359507
David Wiese,3,0,38,0,12.66,3,3,2,0,0,1359507
Varun Chakravarthy,4,0,49,1,12.25,8,2,5,0,0,1359507
Kulwant Khejroliya,3,0,44,2,14.66,5,2,4,0,1,1359507
Sunil Narine,2,0,23,0,11.50,3,1,2,0,0,1359507
Suyash Sharma,4,0,29,1,7.25,8,2,1,0,0,1359507
Andre Russell,1,0,17,0,17.00,0,1,1,2,0,1359507
Trent Boult,4,0,41,2,10.25,8,6,0,1,0,1359506
Sandeep Sharma,4,0,49,2,12.25,9,7,2,1,0,1359506
Ravichandran Ashwin,4,0,36,1,9.00,7,2,2,1,0,1359506
Yuzvendra Chahal,4,0,28,1,7.00,7,0,1,2,0,1359506
Jason Holder,4,0,32,0,8.00,6,3,1,0,0,1359506
Arjun Tendulkar,3,0,48,1,16.00,4,6,2,4,1,1359505
Jason Behrendorff,3,0,41,1,13.66,6,2,4,1,0,1359505
Cameron Green,4,0,41,2,10.25,9,2,4,0,0,1359505
Jofra Archer,4,0,42,1,10.50,8,3,3,1,0,1359505
Piyush Chawla,3,0,15,2,5.00,12,2,0,1,0,1359505
Hrithik Shokeen,3,0,24,0,8.00,7,1,1,0,1,1359505
Naveen-ul-Haq,4,0,19,1,4.75,12,1,0,0,0,1359504
Krunal Pandya,4,0,16,2,4.00,13,1,0,0,0,1359504
Avesh Khan,3,0,21,0,7.00,6,2,0,0,0,1359504
Ravi Bishnoi,4,0,49,0,12.25,4,4,3,0,0,1359504
Marcus Stoinis,3,0,20,2,6.66,7,1,1,0,0,1359504
Amit Mishra,2,0,9,1,4.50,4,0,0,0,0,1359504
Akash Singh,3,0,17,1,5.66,10,1,1,0,0,1359503
Tushar Deshpande,3,0,26,0,8.66,7,4,0,1,0,1359503
Maheesh Theekshana,4,0,27,1,6.75,5,2,0,0,0,1359503
Moeen Ali,2,0,18,0,9.00,2,1,1,0,0,1359503
Ravindra Jadeja,4,0,22,3,5.50,8,1,0,0,0,1359503
Matheesha Pathirana,4,0,22,1,5.50,9,2,0,1,0,1359503
Ishant Sharma,4,0,19,2,4.75,13,2,0,1,0,1359502
Mukesh Kumar,4,0,34,1,8.50,15,2,3,4,0,1359502
Anrich Nortje,4,0,20,2,5.00,16,3,0,2,0,1359502
Axar Patel,3,0,13,2,4.33,12,2,0,0,0,1359502
Mitchell Marsh,2,0,25,0,12.50,2,1,2,2,0,1359502
Kuldeep Yadav,3,0,15,2,5.00,9,0,1,1,0,1359502
Arshdeep Singh,4,0,34,1,8.50,8,5,0,1,0,1359501
Harpreet Brar,3,0,31,2,10.33,7,1,3,0,0,1359501
Nathan Ellis,4,0,41,1,10.25,8,2,3,1,0,1359501
Sam Curran,4,0,27,0,6.75,6,1,0,0,1,1359501
Rahul Chahar,4,0,24,0,6.00,7,2,0,0,0,1359501
Liam Livingstone,1,0,9,0,9.00,0,1,0,0,0,1359501
Trent Boult,4,1,16,1,4.00,18,1,1,0,0,1359500
Sandeep Sharma,4,0,32,1,8.00,8,4,0,0,1,1359500
Ravichandran Ashwin,4,0,23,2,5.75,9,2,0,1,0,1359500
Yuzvendra Chahal,4,0,41,0,10.25,5,3,2,0,0,1359500
Jason Holder,4,0,38,1,9.50,7,3,2,0,0,1359500
Bhuvneshwar Kumar,4,0,31,1,7.75,8,1,2,0,0,1359499
Marco Jansen,4,0,43,2,10.75,11,3,4,1,0,1359499
Washington Sundar,4,0,33,0,8.25,10,4,1,0,0,1359499
T Natarajan,4,0,50,1,12.50,3,7,1,0,0,1359499
Mayank Markande,4,0,35,0,8.75,9,4,1,1,0,1359499
Mohammed Siraj,4,0,30,1,7.50,10,1,2,1,0,1359498
Wayne Parnell,4,0,48,1,12.00,7,3,4,0,0,1359498
Vijaykumar Vyshak,4,0,62,1,15.50,3,5,5,0,0,1359498
Glenn Maxwell,2.4,0,28,1,10.50,4,0,3,1,0,1359498
Wanindu Hasaranga,2,0,21,1,10.50,1,1,1,0,0,1359498
Harshal Patel,3.2,0,36,1,10.80,8,2,2,2,2,1359498
Trent Boult,4,0,46,1,11.50,6,4,2,2,0,1359497
Sandeep Sharma,4,0,25,2,6.25,10,3,0,1,0,1359497
Adam Zampa,4,0,32,1,8.00,9,2,2,0,0,1359497
Ravichandran Ashwin,4,0,37,0,9.25,5,4,1,0,0,1359497
Yuzvendra Chahal,4,0,36,1,9.00,3,0,2,1,0,1359497
Arjun Tendulkar,2,0,17,0,8.50,6,1,1,1,0,1359496
Cameron Green,2,0,20,1,10.00,6,1,1,2,0,1359496
Duan Jansen,4,0,53,1,13.25,6,3,4,4,0,1359496
Piyush Chawla,4,0,19,1,4.75,10,1,0,0,0,1359496
Hrithik Shokeen,4,0,34,2,8.50,7,3,1,1,0,1359496
Riley Meredith,4,0,40,1,10.00,9,3,3,0,0,1359496
Matthew Short,2,0,10,0,5.00,7,0,1,0,0,1359495
Arshdeep Singh,3,0,22,1,7.33,7,3,0,1,0,1359495
Kagiso Rabada,4,0,34,2,8.50,11,2,2,2,0,1359495
Sam Curran,4,0,31,3,7.75,9,2,1,2,0,1359495
Harpreet Brar,2,0,10,1,5.00,6,1,0,0,0,1359495
Sikandar Raza,2,0,19,1,9.50,2,2,0,0,1,1359495
Rahul Chahar,3,0,28,0,9.33,5,1,2,1,0,1359495
Anrich Nortje,4,0,31,0,7.75,9,3,0,2,1,1359494
Axar Patel,3,0,25,1,8.33,9,0,3,0,0,1359494
Mustafizur Rahman,3,0,41,0,13.66,2,5,2,0,0,1359494
Mitchell Marsh,2,0,18,2,9.00,5,2,1,0,0,1359494
Lalit Yadav,4,0,29,1,7.25,7,0,2,1,0,1359494
Kuldeep Yadav,4,1,23,2,5.75,10,3,0,0,0,1359494
Umesh Yadav,3,0,42,0,14.00,3,3,3,1,0,1359493
Lockie Ferguson,2,0,37,0,18.50,4,5,1,1,1,1359493
Sunil Narine,4,0,28,0,7.00,7,1,1,2,0,1359493
Andre Russell,2.1,0,22,3,10.15,4,2,1,2,0,1359493
Varun Chakravarthy,4,0,41,1,10.25,4,3,2,1,0,1359493
Suyash Sharma,4,0,44,0,11.00,8,4,3,0,0,1359493
Shardul Thakur,0.5,0,14,0,16.80,0,3,0,0,0,1359493
Mohammed Shami,4,0,44,1,11.00,9,7,1,1,0,1359492
Josh Little,4,0,31,1,7.75,11,3,1,3,0,1359492
Alzarri Joseph,4,0,32,1,8.00,11,1,2,5,0,1359492
Rashid Khan,4,0,26,1,6.50,13,3,1,0,0,1359492
Mohit Sharma,4,0,18,2,4.50,12,2,0,0,0,1359492
Akash Singh,4,0,40,2,10.00,7,2,3,1,0,1359491
Tushar Deshpande,4,0,37,2,9.25,7,4,1,1,0,1359491
Maheesh Theekshana,4,0,42,0,10.50,4,5,1,0,0,1359491
Ravindra Jadeja,4,0,21,2,5.25,11,0,0,3,0,1359491
Moeen Ali,2,0,21,1,10.50,3,0,2,0,0,1359491
Sisanda Magala,2,0,14,0,7.00,2,0,0,1,0,1359491
Jason Behrendorff,3,0,23,3,7.66,8,1,2,0,0,1359490
Arshad Khan,1,0,12,0,12.00,1,2,0,1,0,1359490
Cameron Green,3,0,30,0,10.00,4,5,0,1,0,1359490
Hrithik Shokeen,4,0,43,1,10.75,10,4,2,1,1,1359490
Riley Meredith,3.4,0,34,2,9.27,10,5,1,0,1,1359490
Piyush Chawla,4,0,22,3,5.50,9,2,0,0,0,1359490
Tilak Varma,1,0,7,0,7.00,3,1,0,1,0,1359490
Jaydev Unadkat,2,0,27,0,13.50,3,2,2,1,0,1359489
Avesh Khan,4,0,53,0,13.25,8,5,4,0,0,1359489
Krunal Pandya,4,0,35,0,8.75,5,2,2,0,0,1359489
Mark Wood,4,1,32,1,8.00,12,1,3,2,0,1359489
Ravi Bishnoi,4,0,39,0,9.75,5,1,3,1,0,1359489
Amit Mishra,2,0,18,1,9.00,2,1,1,0,0,1359489
Bhuvneshwar Kumar,4,0,33,1,8.25,13,6,0,3,0,1359488
Marco Jansen,3,1,16,2,5.33,14,2,1,1,0,1359488
T Natarajan,4,0,40,0,10.00,10,3,3,0,0,1359488
Washington Sundar,1,0,6,0,6.00,3,1,0,0,0,1359488
Mayank Markande,4,0,15,4,3.75,15,2,0,0,0,1359488
Umran Malik,4,0,32,2,8.00,14,3,2,1,0,1359488
Umesh Yadav,3,0,24,0,8.00,7,4,0,1,0,1359487
Shardul Thakur,3,0,40,0,13.33,4,3,3,1,0,1359487
Lockie Ferguson,4,0,40,0,10.00,8,3,2,1,1,1359487
Sunil Narine,4,0,33,3,8.25,8,3,1,1,0,1359487
Varun Chakravarthy,2,0,27,0,13.50,1,2,1,1,0,1359487
Suyash Sharma,4,0,35,1,8.75,6,3,0,1,0,1359487
Deepak Chahar,1,0,10,0,10.00,2,2,0,0,0,1359486
Tushar Deshpande,3,0,31,2,10.33,9,2,3,1,0,1359486
Sisanda Magala,4,0,37,1,9.25,4,5,0,0,0,1359486
Mitchell Santner,4,0,28,2,7.00,6,3,0,0,0,1359486
Ravindra Jadeja,4,0,20,3,5.00,9,0,1,0,0,1359486
Dwaine Pretorius,4,0,28,0,7.00,9,3,0,4,0,1359486
Khaleel Ahmed,2,0,31,0,15.50,3,6,0,2,0,1359485
Anrich Nortje,4,0,44,0,11.00,10,6,2,0,0,1359485
Mukesh Kumar,4,0,36,2,9.00,8,3,2,0,0,1359485
Axar Patel,4,0,38,0,9.50,6,5,1,0,0,1359485
Kuldeep Yadav,4,0,31,1,7.75,8,2,1,0,0,1359485
Rovman Powell,2,0,18,1,9.00,4,1,1,1,1,1359485
Kyle Mayers,1,0,5,0,5.00,1,0,0,0,0,1359484
Jaydev Unadkat,3,0,26,0,8.66,9,0,3,1,0,1359484
Krunal Pandya,4,0,18,3,4.50,15,3,0,0,0,1359484
Yash Thakur,3,0,23,1,7.66,6,3,0,0,0,1359484
Ravi Bishnoi,4,0,16,1,4.00,10,0,0,1,0,1359484
Deepak Hooda,1,0,8,0,8.00,1,1,0,0,0,1359484
Amit Mishra,4,0,23,2,5.75,10,3,0,0,0,1359484
Mohammed Siraj,4,0,44,1,11.00,13,6,1,3,1,1359483
David Willey,4,1,16,2,4.00,15,2,0,1,0,1359483
Akash Deep,2,0,30,0,15.00,4,2,2,1,2,1359483
Michael Bracewell,3,0,34,1,11.33,3,1,3,0,0,1359483
Shahbaz Ahmed,1,0,6,0,6.00,3,1,0,0,0,1359483
Karn Sharma,3,0,26,2,8.66,6,2,1,0,0,1359483
Harshal Patel,3,0,38,1,12.66,5,4,2,1,0,1359483
Trent Boult,4,0,38,0,9.50,8,3,2,1,0,1359482
KM Asif,4,0,54,0,13.50,7,5,3,3,1,1359482
Ravichandran Ashwin,4,0,25,1,6.25,7,2,0,1,0,1359482
Jason Holder,4,0,29,2,7.25,7,2,1,0,0,1359482
Yuzvendra Chahal,4,0,50,1,12.50,5,7,1,1,0,1359482
Mohammed Shami,4,0,41,3,10.25,15,5,1,4,0,1359481
Josh Little,4,0,27,0,6.75,11,2,1,0,0,1359481
Hardik Pandya,3,0,18,0,6.00,6,2,0,0,0,1359481
Alzarri Joseph,4,0,29,2,7.25,13,3,1,1,0,1359481
Yash Dayal,1,0,12,0,12.00,0,0,1,0,0,1359481
Rashid Khan,4,0,31,3,7.75,9,2,2,0,0,1359481
Kyle Mayers,2,0,16,0,8.00,1,1,0,1,0,1359480
Avesh Khan,3,0,39,1,13.00,4,6,0,1,0,1359480
Krunal Pandya,2,0,21,0,10.50,4,1,2,0,0,1359480
Krishnappa Gowtham,1,0,20,0,20.00,2,0,3,0,0,1359480
Mark Wood,4,0,49,3,12.25,9,3,5,0,0,1359480
Yash Thakur,4,0,36,0,9.00,4,3,1,0,1,1359480
Ravi Bishnoi,4,0,28,3,7.00,13,1,2,1,0,1359480
Mohammed Siraj,4,0,21,1,5.25,16,2,0,6,0,1359479
Reece Topley,2,0,14,1,7.00,7,3,0,0,0,1359479
Akash Deep,3,0,29,1,9.66,7,2,2,0,0,1359479
Harshal Patel,4,0,43,1,10.75,6,3,2,1,1,1359479
Karn Sharma,4,0,32,2,8.00,7,1,2,1,0,1359479
Michael Bracewell,2,0,16,1,8.00,6,3,0,0,0,1359479
Glenn Maxwell,1,0,16,0,16.00,0,1,1,1,0,1359479
Bhuvneshwar Kumar,3,0,36,0,12.00,6,4,2,1,0,1359478
Fazalhaq Farooqi,4,0,41,2,10.25,11,7,0,0,0,1359478
Washington Sundar,3,0,32,0,10.66,5,1,3,0,0,1359478
T Natarajan,3,0,23,2,7.66,7,4,0,0,0,1359478
Adil Rashid,4,0,33,0,8.25,6,1,2,0,0,1359478
Umran Malik,3,0,32,1,10.66,4,4,1,1,0,1359478
Khaleel Ahmed,4,0,30,2,7.50,15,3,2,1,0,1359477
Mukesh Kumar,4,0,34,0,8.50,5,0,2,1,0,1359477
Chetan Sakariya,4,0,53,2,13.25,8,1,6,3,0,1359477
Axar Patel,4,0,38,1,9.50,8,1,3,0,0,1359477
Kuldeep Yadav,4,0,35,1,8.75,7,0,3,0,0,1359477
Umesh Yadav,4,0,27,1,6.75,11,2,1,0,0,1359476
Tim Southee,4,0,54,2,13.50,7,6,3,0,0,1359476
Sunil Narine,4,0,40,1,10.00,8,3,2,1,0,1359476
Varun Chakravarthy,4,0,26,1,6.50,10,2,1,1,0,1359476
Shardul Thakur,4,0,43,0,10.75,7,4,2,0,1,1359476
Mohammed Shami,3,0,29,0,9.66,5,4,0,0,0,1370353
Hardik Pandya,1,0,14,0,14.00,1,1,1,1,0,1370353
Rashid Khan,3,0,44,0,14.66,2,4,3,0,0,1370353
Noor Ahmad,3,0,17,2,5.66,6,0,0,3,0,1370353
Josh Little,2,0,30,0,15.00,1,0,3,0,0,1370353
Mohit Sharma,3,0,36,3,12.00,4,2,3,0,0,1370353
Mohammed Shami,3,0,41,2,13.66,6,6,2,0,0,1370352
Hardik Pandya,2,0,24,0,12.00,4,3,1,1,0,1370352
Rashid Khan,4,0,33,2,8.25,8,5,0,1,0,1370352
Noor Ahmad,4,0,35,0,8.75,8,1,2,1,1,1370352
Josh Little,3,0,26,1,8.66,6,2,1,1,0,1370352
Mohit Sharma,2.2,0,10,5,4.28,9,0,1,0,0,1370352
Jason Behrendorff,3,0,21,0,7.00,7,3,0,0,0,1370351
Akash Madhwal,3.3,0,5,5,1.42,17,0,0,0,0,1370351
Chris Jordan,2,1,7,1,3.50,9,1,0,0,0,1370351
Cameron Green,3,0,15,0,5.00,7,1,0,0,0,1370351
Hrithik Shokeen,1,0,18,0,18.00,1,2,1,1,0,1370351
Piyush Chawla,4,0,28,1,7.00,9,2,1,2,0,1370351
Deepak Chahar,4,0,29,2,7.25,10,2,1,3,0,1370350
Tushar Deshpande,4,0,43,1,10.75,11,6,2,2,0,1370350
Maheesh Theekshana,4,0,28,2,7.00,8,1,1,0,0,1370350
Ravindra Jadeja,4,0,18,2,4.50,12,2,0,0,0,1370350
Matheesha Pathirana,4,0,37,2,9.25,9,2,1,7,0,1370350
Mohammed Siraj,4,0,32,2,8.00,11,2,2,2,0,1359544
Wayne Parnell,3.1,0,42,0,13.26,7,6,2,1,1,1359544
Vijaykumar Vyshak,4,0,40,1,10.00,6,2,2,2,0,1359544
Himanshu Sharma,3,0,28,0,9.33,4,3,1,0,0,1359544
Harshal Patel,4,0,29,1,7.25,11,2,1,2,0,1359544
Michael Bracewell,1,0,16,0,16.00,2,0,2,0,0,1359544
Bhuvneshwar Kumar,4,0,26,1,6.50,8,3,0,0,0,1359543
Nitish Kumar Reddy,3,0,35,0,11.66,7,1,4,0,0,1359543
Mayank Dagar,4,0,37,1,9.25,9,4,2,0,0,1359543
Kartik Tyagi,2.5,0,41,0,14.47,4,6,1,0,3,1359543
Umran Malik,3,0,41,0,13.66,3,7,1,0,0,1359543
Vivrant Sharma,1,0,19,0,19.00,1,0,2,1,1,1359543
Aiden Markram,0.1,0,1,0,6.00,0,0,0,0,0,1359543
Mohsin Khan,1,0,15,0,15.00,2,2,1,0,0,1359542
Naveen-ul-Haq,4,0,46,0,11.50,8,6,2,0,0,1359542
Krunal Pandya,4,0,30,1,7.50,9,5,0,0,0,1359542
Krishnappa Gowtham,4,0,26,1,6.50,9,2,0,2,0,1359542
Ravi Bishnoi,4,0,23,2,5.75,10,1,1,0,0,1359542
Yash Thakur,3,0,31,2,10.33,9,1,3,3,0,1359542
Deepak Chahar,4,0,22,3,5.50,14,2,1,0,0,1359541
Tushar Deshpande,4,0,26,1,6.50,12,4,0,1,0,1359541
Maheesh Theekshana,4,1,23,2,5.75,11,1,1,0,0,1359541
Ravindra Jadeja,4,0,50,1,12.50,4,3,4,1,0,1359541
Matheesha Pathirana,4,0,22,2,5.50,11,1,0,5,0,1359541
Sam Curran,4,0,46,1,11.50,9,8,1,2,0,1359540
Kagiso Rabada,4,0,40,2,10.00,12,2,4,1,1,1359540
Arshdeep Singh,4,0,40,1,10.00,11,4,2,3,0,1359540
Nathan Ellis,4,0,34,1,8.50,8,3,1,1,0,1359540
Rahul Chahar,3.4,0,28,1,7.63,5,1,1,0,0,1359540
Bhuvneshwar Kumar,4,0,48,1,12.00,10,7,2,1,0,1359539
Abhishek Sharma,3,0,28,0,9.33,5,3,1,1,0,1359539
T Natarajan,4,0,34,1,8.50,6,3,1,1,0,1359539
Kartik Tyagi,1.2,0,21,0,15.75,1,4,0,1,0,1359539
Nitish Kumar Reddy,2,0,19,0,9.50,3,1,1,0,1,1359539
Mayank Dagar,4,0,25,0,6.25,8,1,1,0,0,1359539
Glenn Phillips,1,0,10,0,10.00,1,1,0,0,0,1359539
Khaleel Ahmed,3,1,20,1,6.66,14,1,2,0,1,1359538
Ishant Sharma,3,0,36,2,12.00,10,5,2,0,1,1359538
Anrich Nortje,4,0,36,2,9.00,11,2,3,0,0,1359538
Mukesh Kumar,4,0,52,0,13.00,8,3,5,1,0,1359538
Axar Patel,3,0,27,1,9.00,3,4,0,0,0,1359538
Kuldeep Yadav,3,0,21,0,7.00,4,0,1,1,0,1359538
Krunal Pandya,4,0,27,0,6.75,10,4,0,0,0,1359537
Mohsin Khan,3,0,26,1,8.66,8,1,2,2,0,1359537
Naveen-ul-Haq,4,0,37,0,9.25,8,1,3,0,1,1359537
Yash Thakur,4,0,40,2,10.00,9,2,2,5,1,1359537
Swapnil Singh,1,0,11,0,11.00,1,2,0,0,0,1359537
Ravi Bishnoi,4,0,26,2,6.50,9,2,0,1,0,1359537
Mohammed Shami,4,0,21,4,5.25,13,1,1,0,0,1359536
Yash Dayal,4,0,31,1,7.75,11,4,0,4,0,1359536
Rashid Khan,4,0,28,0,7.00,6,1,1,0,0,1359536
Mohit Sharma,4,0,28,4,7.00,12,3,1,0,0,1359536
Noor Ahmad,2.5,0,35,0,12.35,3,3,2,1,0,1359536
Rahul Tewatia,1.1,0,7,0,6.00,3,1,0,0,0,1359536
Deepak Chahar,3,0,27,3,9.00,7,3,1,2,0,1359535
Tushar Deshpande,3.3,0,25,0,7.14,11,2,1,2,0,1359535
Moeen Ali,4,0,31,0,7.75,8,5,0,0,0,1359535
Maheesh Theekshana,3,0,22,0,7.33,3,2,0,0,0,1359535
Matheesha Pathirana,3,0,23,0,7.66,8,1,0,2,1,1359535
Ravindra Jadeja,2,0,18,0,9.00,4,0,2,0,0,1359535
Mohammed Siraj,2,0,10,1,5.00,9,2,0,1,0,1359534
Wayne Parnell,3,0,10,3,3.33,12,1,0,1,0,1359534
Michael Bracewell,3,0,16,2,5.33,10,1,1,0,0,1359534
Karn Sharma,1.3,0,19,2,12.66,5,0,3,0,0,1359534
Glenn Maxwell,1,0,3,1,3.00,4,0,0,0,0,1359534
Rishi Dhawan,1,0,10,0,10.00,2,2,0,0,0,1359533
Sam Curran,2,0,18,0,9.00,4,3,0,0,0,1359533
Harpreet Brar,4,0,30,4,7.50,11,5,0,1,0,1359533
Nathan Ellis,4,0,26,2,6.50,6,2,0,1,0,1359533
Arshdeep Singh,4,0,32,0,8.00,8,2,2,0,0,1359533
Rahul Chahar,4,0,16,2,4.00,18,3,0,1,0,1359533
Sikandar Raza,1,0,3,0,3.00,3,0,0,0,0,1359533
Bhuvneshwar Kumar,4,0,30,0,7.50,8,3,1,0,0,1359532
Fazalhaq Farooqi,3.2,0,32,0,9.60,8,5,0,4,0,1359532
Glenn Phillips,2,0,10,1,5.00,5,1,0,0,0,1359532
T Natarajan,4,0,31,0,7.75,8,1,2,0,0,1359532
Mayank Markande,3,0,39,1,13.00,2,4,2,0,0,1359532
Abhishek Sharma,3,0,42,1,14.00,6,1,5,1,0,1359532
Jason Behrendorff,4,0,37,1,9.25,8,5,1,1,0,1359531
Akash Madhwal,4,0,31,3,7.75,11,4,1,0,0,1359531
Chris Jordan,4,0,34,0,8.50,9,3,2,0,0,1359531
Piyush Chawla,4,0,36,2,9.00,7,4,1,0,0,1359531
Kumar Kartikeya,3,0,37,2,12.33,8,0,5,2,0,1359531
Cameron Green,1,0,13,0,13.00,3,0,2,0,0,1359531
Nitish Rana,1,0,26,0,26.00,0,3,2,0,0,1359530
Harshit Rana,2,0,22,0,11.00,6,2,1,2,0,1359530
Shardul Thakur,1.1,0,18,0,15.42,1,4,0,0,0,1359530
Varun Chakravarthy,3,0,28,0,9.33,10,3,2,1,0,1359530
Sunil Narine,2,0,13,0,6.50,5,0,1,0,0,1359530
Suyash Sharma,3,0,22,0,7.33,7,2,1,0,0,1359530
Anukul Roy,1,0,20,0,20.00,1,0,3,0,0,1359530
Deepak Chahar,3,0,28,2,9.33,10,3,2,1,0,1359529
Tushar Deshpande,3,0,18,0,6.00,9,1,1,0,0,1359529
Maheesh Theekshana,2,0,16,0,8.00,2,0,1,0,0,1359529
Ravindra Jadeja,4,0,19,1,4.75,10,1,0,0,0,1359529
Moeen Ali,4,0,16,0,4.00,13,0,1,0,0,1359529
Matheesha Pathirana,4,0,37,3,9.25,11,5,1,4,0,1359529
Mohammed Siraj,3,0,31,0,10.33,10,2,3,1,0,1359528
Josh Hazlewood,3,0,32,0,10.66,7,5,1,1,0,1359528
Wanindu Hasaranga,4,0,53,2,13.25,5,2,5,1,0,1359528
Vijaykumar Vyshak,3,0,37,2,12.33,7,2,3,1,1,1359528
Harshal Patel,3.3,0,41,0,11.71,3,5,1,1,1,1359528
Rishi Dhawan,2,0,15,0,7.50,5,2,0,0,0,1359527
Arshdeep Singh,4,0,39,0,9.75,10,6,1,1,0,1359527
Nathan Ellis,4,0,29,1,7.25,7,2,1,0,0,1359527
Sam Curran,3,0,44,0,14.66,5,5,3,1,0,1359527
Liam Livingstone,2,0,27,0,13.50,2,4,1,0,0,1359527
Harpreet Brar,1,0,4,1,4.00,2,0,0,0,0,1359527
Rahul Chahar,4,0,23,2,5.75,8,1,0,1,0,1359527
Sandeep Sharma,4,0,48,0,12.00,5,5,2,0,1,1359526
Kuldip Yadav,4,0,50,1,12.50,5,2,4,0,0,1359526
Ravichandran Ashwin,4,0,35,1,8.75,5,2,1,3,0,1359526
Yuzvendra Chahal,4,0,29,4,7.25,11,3,1,0,0,1359526
Murugan Ashwin,3,0,42,0,14.00,3,2,4,0,0,1359526
Obed McCoy,1,0,13,0,13.00,2,1,1,1,0,1359526
Mohammed Shami,4,0,37,1,9.25,9,3,2,1,0,1359525
Hardik Pandya,3,0,37,0,12.33,6,6,1,2,0,1359525
Rashid Khan,4,0,34,1,8.50,6,1,2,0,0,1359525
Noor Ahmad,4,0,26,1,6.50,11,4,0,1,0,1359525
Mohit Sharma,4,0,29,4,7.25,9,1,2,1,0,1359525
Alzarri Joseph,1,0,5,0,5.00,4,1,0,0,0,1359525
Mohammed Siraj,2,0,28,0,14.00,4,3,2,1,0,1359524
Glenn Maxwell,1.4,0,14,0,8.40,4,1,1,0,0,1359524
Josh Hazlewood,3,0,29,1,9.66,9,2,2,0,1,1359524
Wanindu Hasaranga,4,0,32,0,8.00,9,2,2,0,0,1359524
Karn Sharma,3,0,33,1,11.00,4,4,1,0,0,1359524
Mahipal Lomror,1,0,13,0,13.00,1,1,1,0,0,1359524
Harshal Patel,2,0,32,1,16.00,4,2,3,1,0,1359524
Cameron Green,1,0,10,0,10.00,4,2,0,1,1,1359523
Jofra Archer,4,0,24,0,6.00,11,3,0,1,0,1359523
Arshad Khan,1.4,0,28,0,16.80,3,2,3,0,0,1359523
Piyush Chawla,4,0,25,2,6.25,8,1,1,0,0,1359523
Raghav Goyal,4,0,33,0,8.25,7,1,2,0,0,1359523
Tristan Stubbs,2,0,14,1,7.00,3,0,1,0,0,1359523
Akash Madhwal,1,0,4,1,4.00,2,0,0,0,0,1359523
Trent Boult,3,0,28,0,9.33,8,6,0,0,0,1359522
Sandeep Sharma,3,0,19,0,6.33,9,3,0,0,1,1359522
Adam Zampa,3,0,40,0,13.33,3,3,3,0,0,1359522
Yuzvendra Chahal,3.5,0,22,1,5.73,7,1,0,0,0,1359522
Ravichandran Ashwin,1,0,8,0,8.00,1,1,0,0,0,1359522
Harshit Rana,4,0,27,1,6.75,13,1,2,2,0,1359521
Vaibhav Arora,3,0,32,2,10.66,6,5,0,1,2,1359521
Shardul Thakur,3,0,23,2,7.66,6,3,0,0,0,1359521
Andre Russell,1,0,15,1,15.00,4,2,1,0,1,1359521
Anukul Roy,3,0,26,1,8.66,6,1,2,1,0,1359521
Sunil Narine,2,0,16,0,8.00,1,1,0,0,0,1359521
Varun Chakravarthy,4,0,20,1,5.00,12,2,0,0,0,1359521
Rishi Dhawan,3,0,20,1,6.66,11,1,2,0,0,1359520
Arshdeep Singh,3.5,0,66,1,17.21,4,8,4,2,0,1359520
Sam Curran,3,0,41,0,13.66,3,5,2,1,0,1359520
Nathan Ellis,4,0,34,2,8.50,4,3,0,0,0,1359520
Rahul Chahar,3,0,30,0,10.00,5,5,0,0,0,1359520
Harpreet Brar,2,0,21,0,10.50,1,1,1,0,0,1359520
Khaleel Ahmed,4,1,24,2,6.00,12,4,0,0,0,1359518
Ishant Sharma,4,0,23,2,5.75,12,2,0,1,0,1359518
Anrich Nortje,4,0,39,1,9.75,11,2,3,2,0,1359518
Kuldeep Yadav,4,0,15,1,3.75,9,0,0,0,0,1359518
Axar Patel,4,0,24,0,6.00,10,1,1,1,0,1359518
Mohammed Siraj,3,0,24,1,8.00,11,4,0,3,1,1359517
Josh Hazlewood,3,0,15,2,5.00,13,1,1,0,1,1359517
Glenn Maxwell,1,0,3,1,3.00,3,0,0,0,0,1359517
Wanindu Hasaranga,4,0,20,1,5.00,14,0,2,0,0,1359517
Karn Sharma,4,0,20,2,5.00,12,1,1,0,0,1359517
Harshal Patel,3.5,0,20,1,5.21,9,2,0,0,0,1359517
Mahipal Lomror,1,0,4,0,4.00,2,0,0,0,0,1359517
Trent Boult,4,0,43,1,10.75,8,7,0,2,0,1359516
Sandeep Sharma,4,0,35,1,8.75,5,3,1,2,0,1359516
Ravichandran Ashwin,4,0,27,2,6.75,8,0,2,1,0,1359516
Yuzvendra Chahal,3,0,32,0,10.66,5,3,2,0,0,1359516
Jason Holder,3.3,0,55,0,15.71,4,5,4,2,0,1359516
Kuldeep Sen,1,0,20,0,20.00,2,3,1,0,1,1359516
Akash Singh,3,0,35,0,11.66,4,3,2,1,0,1359515
Tushar Deshpande,4,0,49,3,12.25,10,3,4,2,0,1359515
Maheesh Theekshana,4,0,36,0,9.00,5,4,0,1,0,1359515
Ravindra Jadeja,4,0,32,2,8.00,8,1,2,0,0,1359515
Moeen Ali,1,0,10,0,10.00,2,0,1,0,0,1359515
Matheesha Pathirana,4,0,32,1,8.00,6,2,0,1,0,1359515
Bhuvneshwar Kumar,4,0,45,1,11.25,5,3,2,3,0,1359514
Akeal Hosein,4,0,40,1,10.00,6,4,2,0,0,1359514
T Natarajan,4,0,34,1,8.50,4,2,1,0,0,1359514
Umran Malik,1,0,22,0,22.00,0,2,2,0,0,1359514
Mayank Markande,4,0,20,2,5.00,7,1,0,0,0,1359514
Abhishek Sharma,3,0,26,1,8.66,5,2,1,0,0,1359514
Harshit Rana,3,0,25,1,8.33,6,4,0,1,0,1359513
Andre Russell,3,0,29,1,9.66,6,3,1,1,0,1359513
Varun Chakravarthy,4,0,42,0,10.50,7,3,3,0,0,1359513
Suyash Sharma,4,0,37,0,9.25,7,3,2,0,0,1359513
Sunil Narine,3,0,24,1,8.00,3,1,1,0,0,1359513
Nitish Rana,0.5,0,14,0,16.80,0,1,1,1,0,1359513
Marcus Stoinis,1.5,0,21,1,11.45,5,2,1,4,0,1359512
Kyle Mayers,1,0,4,0,4.00,5,1,0,0,0,1359512
Ayush Badoni,0.1,0,0,0,0.00,1,0,0,0,0,1359512
Naveen-ul-Haq,4,0,30,3,7.50,11,2,0,1,1,1359512
Avesh Khan,2,0,28,0,14.00,1,3,1,0,0,1359512
Amit Mishra,2,0,23,0,11.50,1,2,1,0,0,1359512
Ravi Bishnoi,4,0,41,2,10.25,9,4,2,0,1,1359512
Yash Thakur,3.5,0,37,4,9.65,9,3,2,1,0,1359512
Krunal Pandya,1,0,13,0,13.00,2,1,1,1,0,1359512
Sandeep Sharma,4,0,24,0,6.00,10,3,0,0,0,1359511
Kuldip Yadav,3,0,18,1,6.00,4,1,0,0,0,1359511
Jason Holder,4,0,49,0,12.25,4,4,3,1,0,1359511
Ravichandran Ashwin,4,0,35,2,8.75,7,1,2,0,0,1359511
Adam Zampa,3,0,22,3,7.33,7,2,1,0,0,1359511
Yuzvendra Chahal,2,0,21,0,10.50,3,2,1,0,0,1359511
Vaibhav Arora,2,0,22,0,11.00,3,3,0,1,0,1359510
Umesh Yadav,1,0,19,0,19.00,0,1,2,0,0,1359510
Suyash Sharma,4,0,30,2,7.50,5,3,0,1,0,1359510
Varun Chakravarthy,4,0,27,3,6.75,9,2,1,0,0,1359510
Andre Russell,4,0,29,2,7.25,11,1,2,0,0,1359510
Sunil Narine,4,0,41,0,10.25,2,1,2,0,0,1359510
Nitish Rana,1,0,8,0,8.00,1,1,0,0,0,1359510
Mohammed Shami,4,0,18,0,4.50,14,2,0,1,0,1359509
Hardik Pandya,2,0,10,1,5.00,8,0,1,0,0,1359509
Rashid Khan,4,0,27,2,6.75,10,2,1,0,0,1359509
Noor Ahmad,4,0,37,3,9.25,10,2,3,0,0,1359509
Mohit Sharma,4,0,38,2,9.50,7,1,3,0,0,1359509
Josh Little,2,0,18,0,9.00,2,1,1,0,0,1359509
Ishant Sharma,3,0,18,1,6.00,8,2,0,0,0,1359508
Anrich Nortje,4,0,33,2,8.25,10,4,1,0,0,1359508
Mukesh Kumar,3,0,27,0,9.00,4,4,0,0,0,1359508
Axar Patel,4,0,21,2,5.25,8,1,0,0,0,1359508
Kuldeep Yadav,4,0,22,1,5.50,6,1,0,0,0,1359508
Mitchell Marsh,2,0,16,0,8.00,3,1,0,0,1,1359508
Akash Singh,4,0,29,1,7.25,13,4,1,1,0,1359507
Tushar Deshpande,4,0,43,2,10.75,12,3,3,4,0,1359507
Maheesh Theekshana,4,0,32,2,8.00,8,3,1,1,0,1359507
Moeen Ali,1,0,20,1,20.00,1,0,3,0,0,1359507
Ravindra Jadeja,3,0,34,1,11.33,5,2,3,0,0,1359507
Matheesha Pathirana,4,0,27,1,6.75,11,2,1,3,0,1359507
Mohammed Siraj,4,0,39,1,9.75,8,4,1,3,0,1359506
David Willey,4,0,26,1,6.50,11,2,1,1,0,1359506
Vijaykumar Vyshak,2,0,24,0,12.00,4,5,0,1,0,1359506
Glenn Maxwell,2,0,25,0,12.50,3,2,2,0,0,1359506
Harshal Patel,4,0,32,3,8.00,8,3,1,1,0,1359506
Wanindu Hasaranga,4,0,32,0,8.00,5,2,1,0,0,1359506
Matthew Short,1,0,7,0,7.00,3,1,0,1,0,1359505
Arshdeep Singh,4,0,29,4,7.25,12,2,2,1,0,1359505
Harpreet Brar,2,0,15,0,7.50,5,1,1,0,0,1359505
Sam Curran,3,0,41,0,13.66,2,3,3,1,0,1359505
Nathan Ellis,4,0,44,1,11.00,5,2,3,0,0,1359505
Rahul Chahar,4,0,42,0,10.50,4,4,2,0,0,1359505
Liam Livingstone,2,0,23,1,11.50,2,4,0,0,0,1359505
Mohammed Shami,3,1,18,0,6.00,9,3,0,0,0,1359504
Jayant Yadav,4,0,26,0,6.50,8,2,0,0,0,1359504
Rashid Khan,4,0,33,1,8.25,9,4,1,0,0,1359504
Mohit Sharma,3,0,17,2,5.66,5,1,0,0,0,1359504
Noor Ahmad,4,0,18,2,4.50,13,1,0,0,0,1359504
Hardik Pandya,1,0,7,0,7.00,2,1,0,0,0,1359504
Rahul Tewatia,1,0,8,0,8.00,4,0,1,1,0,1359504
Bhuvneshwar Kumar,2,0,10,0,5.00,7,1,0,0,0,1359503
Marco Jansen,3,0,37,0,12.33,5,6,1,0,0,1359503
Aiden Markram,1,0,11,0,11.00,2,2,0,0,0,1359503
Washington Sundar,2.4,0,16,0,6.00,4,1,0,0,0,1359503
Mayank Markande,4,0,23,2,5.75,8,2,0,0,0,1359503
Umran Malik,3,0,18,0,6.00,8,2,0,0,0,1359503
Mayank Dagar,3,0,21,0,7.00,5,2,0,0,0,1359503
Umesh Yadav,1,0,6,0,6.00,3,1,0,0,0,1359502
Kulwant Khejroliya,1.2,0,20,0,15.00,2,3,0,0,1,1359502
Andre Russell,1,0,12,0,12.00,3,2,0,0,1,1359502
Sunil Narine,4,0,36,0,9.00,7,6,0,1,0,1359502
Varun Chakravarthy,4,1,16,2,4.00,14,2,0,0,0,1359502
Anukul Roy,4,0,19,2,4.75,13,2,0,2,0,1359502
Nitish Rana,4,0,17,2,4.25,10,1,0,0,0,1359502
Mohammed Siraj,4,0,21,4,5.25,13,3,0,0,0,1359501
Wayne Parnell,3,0,32,1,10.66,9,1,4,0,0,1359501
Wanindu Hasaranga,4,0,39,2,9.75,7,2,3,0,0,1359501
Vijaykumar Vyshak,3,0,29,0,9.66,6,2,2,1,0,1359501
Glenn Maxwell,1,0,5,0,5.00,1,0,0,0,0,1359501
Harshal Patel,3.2,0,22,1,6.60,10,1,1,1,1,1359501
Naveen-ul-Haq,4,0,19,0,4.75,11,0,1,1,0,1359500
Yudhvir Singh,2,0,27,0,13.50,6,2,2,1,0,1359500
Avesh Khan,4,0,25,3,6.25,12,4,0,0,0,1359500
Marcus Stoinis,4,0,28,2,7.00,11,3,1,0,0,1359500
Ravi Bishnoi,4,0,25,0,6.25,8,2,0,0,1,1359500
Amit Mishra,2,0,15,0,7.50,3,2,0,0,0,1359500
Arjun Tendulkar,2.5,0,18,1,6.35,9,2,0,3,0,1359499
Jason Behrendorff,4,0,37,2,9.25,7,5,0,1,0,1359499
Riley Meredith,4,0,33,2,8.25,10,3,1,3,0,1359499
Hrithik Shokeen,1,0,12,0,12.00,1,0,1,0,0,1359499
Piyush Chawla,4,0,43,2,10.75,5,4,2,0,0,1359499
Cameron Green,4,0,29,1,7.25,9,4,0,1,0,1359499
Akash Singh,3,0,35,1,11.66,9,3,3,0,0,1359498
Tushar Deshpande,4,0,45,3,11.25,9,5,2,3,0,1359498
Maheesh Theekshana,4,0,41,1,10.25,4,1,3,1,0,1359498
Ravindra Jadeja,4,0,37,0,9.25,3,0,3,0,0,1359498
Matheesha Pathirana,4,0,42,2,10.50,9,3,3,2,0,1359498
Moeen Ali,1,0,13,1,13.00,3,0,2,0,0,1359498
Mohammed Shami,4,1,25,3,6.25,18,1,3,1,0,1359497
Hardik Pandya,4,0,24,1,6.00,14,3,1,0,0,1359497
Alzarri Joseph,3,0,47,0,15.66,2,3,4,0,0,1359497
Rashid Khan,4,0,46,2,11.50,7,1,5,0,0,1359497
Mohit Sharma,2,0,7,0,3.50,5,0,0,0,0,1359497
Noor Ahmad,2.2,0,29,1,12.42,3,2,2,1,0,1359497
Umesh Yadav,2,0,19,0,9.50,6,1,2,0,0,1359496
Shardul Thakur,2,0,25,1,12.50,2,3,1,1,0,1359496
Sunil Narine,3,0,41,0,13.66,4,3,3,1,0,1359496
Suyash Sharma,4,0,27,2,6.75,11,3,1,0,0,1359496
Varun Chakravarthy,4,0,38,1,9.50,10,2,3,1,0,1359496
Lockie Ferguson,1.4,0,19,1,11.40,4,1,2,0,0,1359496
Andre Russell,1,0,17,0,17.00,1,2,1,0,0,1359496
Yudhvir Singh,3,0,19,2,6.33,11,4,0,0,0,1359495
Avesh Khan,3,0,24,0,8.00,8,4,0,1,0,1359495
Mark Wood,4,0,35,2,8.75,10,2,2,2,0,1359495
Krishnappa Gowtham,4,0,31,1,7.75,10,1,2,1,0,1359495
Krunal Pandya,3,0,32,1,10.66,6,3,2,0,0,1359495
Ravi Bishnoi,2.3,0,18,2,7.20,7,2,0,1,0,1359495
Mohammed Siraj,4,0,23,2,5.75,14,4,0,0,0,1359494
Wayne Parnell,4,0,28,1,7.00,10,3,1,0,0,1359494
Vijaykumar Vyshak,4,0,20,3,5.00,11,2,0,0,0,1359494
Shahbaz Ahmed,1,0,11,0,11.00,0,1,0,0,0,1359494
Wanindu Hasaranga,3,0,37,1,12.33,4,5,1,0,0,1359494
Harshal Patel,4,0,32,1,8.00,7,3,0,3,0,1359494
Bhuvneshwar Kumar,4,1,29,1,7.25,10,4,0,1,0,1359493
Marco Jansen,4,0,37,2,9.25,12,1,3,4,2,1359493
T Natarajan,4,0,54,1,13.50,6,6,3,1,0,1359493
Umran Malik,2,0,36,1,18.00,3,4,3,0,0,1359493
Mayank Markande,4,0,27,2,6.75,10,2,1,0,0,1359493
Washington Sundar,2,0,20,0,10.00,2,1,1,0,0,1359493
Arshdeep Singh,4,0,33,1,8.25,8,5,0,0,0,1359492
Kagiso Rabada,4,0,36,1,9.00,11,5,1,0,0,1359492
Harpreet Brar,4,0,20,1,5.00,8,1,0,0,0,1359492
Sam Curran,3.5,0,25,1,6.52,7,2,0,0,0,1359492
Rahul Chahar,3,0,24,0,8.00,4,3,0,0,0,1359492
Matthew Short,1,0,8,0,8.00,1,1,0,0,0,1359492
Sandeep Sharma,3,0,30,1,10.00,6,1,2,2,0,1359491
Kuldeep Sen,2,0,8,0,4.00,4,0,0,0,0,1359491
Jason Holder,3,0,37,0,12.33,4,4,2,1,0,1359491
Adam Zampa,4,0,43,1,10.75,5,4,1,1,0,1359491
Ravichandran Ashwin,4,0,25,2,6.25,10,1,1,2,0,1359491
Yuzvendra Chahal,4,0,27,2,6.75,8,2,0,1,0,1359491
Mukesh Kumar,2,0,30,2,15.00,6,3,3,0,0,1359490
Mustafizur Rahman,4,0,38,1,9.50,11,5,2,0,0,1359490
Anrich Nortje,4,0,35,0,8.75,8,2,2,0,0,1359490
Lalit Yadav,4,0,23,0,5.75,10,1,1,1,0,1359490
Axar Patel,4,0,20,0,5.00,12,2,0,1,0,1359490
Kuldeep Yadav,2,0,23,0,11.50,2,1,2,0,0,1359490
Mohammed Siraj,4,0,22,3,5.50,16,3,0,4,0,1359489
David Willey,4,0,32,0,8.00,6,2,1,1,0,1359489
Wayne Parnell,4,0,41,3,10.25,6,5,1,3,0,1359489
Harshal Patel,4,0,48,2,12.00,5,4,3,0,0,1359489
Karn Sharma,3,0,48,1,16.00,5,3,5,1,0,1359489
Shahbaz Ahmed,1,0,15,0,15.00,1,0,2,0,0,1359489
Sam Curran,3,0,14,0,4.66,8,1,0,0,0,1359488
Arshdeep Singh,3,0,20,1,6.66,10,4,0,0,0,1359488
Harpreet Brar,3.1,0,26,0,8.21,8,5,0,0,0,1359488
Nathan Ellis,3,0,28,0,9.33,5,5,0,0,0,1359488
Rahul Chahar,3,0,28,1,9.33,8,4,1,0,0,1359488
Mohit Rathee,2,0,29,0,14.50,3,3,2,0,0,1359488
Mohammed Shami,4,0,28,1,7.00,10,2,1,0,0,1359487
Josh Little,4,0,45,1,11.25,9,4,3,3,0,1359487
Alzarri Joseph,4,0,27,2,6.75,14,2,2,0,0,1359487
Yash Dayal,4,0,69,0,17.25,4,3,8,0,0,1359487
Rashid Khan,4,0,37,3,9.25,6,4,1,0,0,1359487
Jason Behrendorff,3,0,24,1,8.00,9,2,1,1,0,1359486
Arshad Khan,2.1,0,35,0,16.15,2,5,1,3,0,1359486
Cameron Green,3,0,20,0,6.66,6,0,1,1,0,1359486
Piyush Chawla,4,0,33,1,8.25,8,5,0,0,0,1359486
Kumar Kartikeya,4,0,24,1,6.00,6,0,1,0,0,1359486
Hrithik Shokeen,2,0,19,0,9.50,4,2,1,0,0,1359486
Trent Boult,4,1,29,3,7.25,11,5,0,0,0,1359485
Sandeep Sharma,4,0,20,1,5.00,11,2,0,1,0,1359485
Ravichandran Ashwin,4,0,25,2,6.25,10,2,0,3,0,1359485
Jason Holder,3,0,28,0,9.33,4,4,0,1,0,1359485
Yuzvendra Chahal,4,0,27,3,6.75,8,2,0,2,0,1359485
Murugan Ashwin,1,0,11,0,11.00,0,0,0,0,1,1359485
Bhuvneshwar Kumar,2,0,19,1,9.50,7,1,1,1,0,1359484
Washington Sundar,1,0,11,0,11.00,1,2,0,0,0,1359484
Fazalhaq Farooqi,3,0,13,1,4.33,12,2,0,1,0,1359484
Aiden Markram,2,0,14,0,7.00,5,2,0,0,0,1359484
Adil Rashid,3,0,23,2,7.66,8,2,1,0,0,1359484
T Natarajan,3,0,23,0,7.66,7,1,1,1,0,1359484
Umran Malik,2,0,22,1,11.00,7,3,0,2,0,1359484
Umesh Yadav,2,0,17,0,8.50,5,3,0,0,0,1359483
Tim Southee,2,0,25,0,12.50,5,2,2,0,0,1359483
Sunil Narine,4,0,16,2,4.00,12,1,0,0,0,1359483
Varun Chakravarthy,3.4,0,15,4,4.09,13,2,0,0,0,1359483
Suyash Sharma,4,0,30,3,7.50,11,2,2,1,0,1359483
Shardul Thakur,2,0,15,1,7.50,4,2,0,0,0,1359483
Sam Curran,4,0,44,0,11.00,7,3,3,0,0,1359482
Arshdeep Singh,4,0,47,2,11.75,10,4,3,3,0,1359482
Harpreet Brar,2,0,15,0,7.50,5,2,0,0,0,1359482
Nathan Ellis,4,0,30,4,7.50,11,2,2,0,0,1359482
Rahul Chahar,4,0,31,0,7.75,5,1,1,0,0,1359482
Sikandar Raza,2,0,24,0,12.00,2,1,1,2,0,1359482
Khaleel Ahmed,4,0,38,1,9.50,9,5,1,1,0,1359481
Mukesh Kumar,4,0,42,0,10.50,8,5,2,1,0,1359481
Anrich Nortje,4,0,39,2,9.75,9,3,2,0,2,1359481
Mitchell Marsh,3.1,0,24,1,7.57,4,1,0,1,0,1359481
Kuldeep Yadav,3,0,18,0,6.00,5,1,0,1,0,1359481
Deepak Chahar,4,0,55,0,13.75,6,7,1,5,0,1359480
Ben Stokes,1,0,18,0,18.00,0,2,1,0,0,1359480
Tushar Deshpande,4,0,45,2,11.25,7,2,2,4,3,1359480
Moeen Ali,4,0,26,4,6.50,10,0,1,1,0,1359480
Mitchell Santner,4,0,21,1,5.25,9,0,1,0,0,1359480
Rajvardhan Hangargekar,2,0,24,0,12.00,4,2,1,3,0,1359480
Ravindra Jadeja,1,0,14,0,14.00,2,0,2,0,0,1359480
Jason Behrendorff,3,0,37,0,12.33,6,3,3,0,0,1359479
Arshad Khan,2.2,0,28,1,12.00,7,2,2,4,0,1359479
Jofra Archer,4,0,33,0,8.25,10,2,2,0,0,1359479
Piyush Chawla,4,0,26,0,6.50,11,2,1,0,0,1359479
Cameron Green,2,0,30,1,15.00,4,2,3,0,0,1359479
Hrithik Shokeen,1,0,17,0,17.00,0,0,2,0,0,1359479
Trent Boult,4,1,21,2,5.25,15,2,1,0,0,1359478
KM Asif,3,0,15,0,5.00,9,1,0,1,0,1359478
Jason Holder,3,0,16,1,5.33,10,1,1,0,0,1359478
Ravichandran Ashwin,4,0,27,1,6.75,10,1,1,2,0,1359478
Yuzvendra Chahal,4,0,17,4,4.25,11,0,0,0,0,1359478
Navdeep Saini,2,0,34,0,17.00,3,3,2,0,3,1359478
Kyle Mayers,1,0,7,0,7.00,3,1,0,1,0,1359477
Jaydev Unadkat,3,0,39,0,13.00,3,5,0,2,0,1359477
Krishnappa Gowtham,4,0,23,0,5.75,9,2,0,1,0,1359477
Avesh Khan,4,0,29,2,7.25,12,3,1,0,0,1359477
Mark Wood,4,0,14,5,3.50,17,1,0,1,1,1359477
Ravi Bishnoi,4,0,31,2,7.75,8,3,1,0,0,1359477
Sam Curran,3,0,38,1,12.66,4,3,3,0,0,1359476
Arshdeep Singh,3,0,19,3,6.33,10,2,1,0,0,1359476
Nathan Ellis,3,0,27,1,9.00,8,2,1,0,2,1359476
Sikandar Raza,3,0,25,1,8.33,5,3,0,1,0,1359476
Rishi Dhawan,1,0,15,0,15.00,2,2,1,0,0,1359476
Rahul Chahar,2,0,12,1,6.00,5,0,1,0,0,1359476
Harpreet Brar,1,0,7,0,7.00,3,1,0,0,0,1359476
