batsman,out,run,ball,minutes,4s,6s,sr,match_id,batting_position,dismissed
Wriddhiman Saha,c Dhoni b Chahar,54,39.0,63,5.0,1.0,138.46,1370353,1,1
Shubman Gill,st Dhoni b Jadeja,39,20.0,34,7.0,0.0,195.00,1370353,2,1
Sai Sudharsan,lbw b Pathirana,96,47.0,58,8.0,6.0,204.25,1370353,3,1
Hardik Pandya,not out ,21,12.0,32,0.0,2.0,175.00,1370353,4,0
Rashid Khan,c Gaikwad b Pathirana,0,2.0,2,0.0,0.0,0.00,1370353,5,1
Wriddhiman Saha,st Ishan Kishan b Chawla,18,16.0,31,3.0,0.0,112.50,1370352,1,1
Shubman Gill,c David b Madhwal,129,60.0,86,7.0,10.0,215.00,1370352,2,1
Sai Sudharsan,retired out ,43,31.0,68,5.0,1.0,138.70,1370352,3,1
Hardik Pandya,not out ,28,13.0,20,2.0,2.0,215.38,1370352,4,0
Rashid Khan,not out ,5,2.0,6,1.0,0.0,250.00,1370352,5,0
Ishan Kishan,c Pooran b Yash Thakur,15,12.0,18,3.0,0.0,125.00,1370351,1,1
Rohit Sharma,c Badoni b Naveen-ul-Haq,11,10.0,11,1.0,1.0,110.00,1370351,2,1
Cameron Green, b Naveen-ul-Haq,41,23.0,38,6.0,1.0,178.26,1370351,3,1
Suryakumar Yadav,c Gowtham b Naveen-ul-Haq,33,20.0,29,2.0,2.0,165.00,1370351,4,1
Tilak Varma,c Hooda b Naveen-ul-Haq,26,22.0,43,0.0,2.0,118.18,1370351,5,1
Tim David,c Hooda b Yash Thakur,13,13.0,29,1.0,0.0,100.00,1370351,6,1
Nehal Wadhera,c Ravi Bishnoi b Yash Thakur,23,12.0,23,2.0,2.0,191.66,1370351,7,1
Chris Jordan,c Hooda b Mohsin Khan,4,7.0,7,0.0,0.0,57.14,1370351,8,1
Hrithik Shokeen,not out ,0,1.0,6,0.0,0.0,0.00,1370351,9,0
Ruturaj Gaikwad,c Miller b Sharma,60,44.0,48,7.0,1.0,136.36,1370350,1,1
Devon Conway,c Rashid Khan b Mohammed Shami,40,34.0,74,4.0,0.0,117.64,1370350,2,1
Shivam Dube, b Noor Ahmad,1,3.0,4,0.0,0.0,33.33,1370350,3,1
Ajinkya Rahane,c Shubman Gill b Nalkande,17,10.0,15,0.0,1.0,170.00,1370350,4,1
Ambati Rayudu,c Shanaka b Rashid Khan,17,9.0,15,1.0,1.0,188.88,1370350,5,1
Ravindra Jadeja, b Mohammed Shami,22,16.0,25,2.0,0.0,137.50,1370350,6,1
MS Dhoni,c Pandya b Sharma,1,2.0,4,0.0,0.0,50.00,1370350,7,1
Moeen Ali,not out ,9,4.0,7,0.0,1.0,225.00,1370350,8,0
Virat Kohli,not out ,101,61.0,102,13.0,1.0,165.57,1359544,1,0
Faf du Plessis,c Tewatia b Noor Ahmad,28,19.0,35,5.0,0.0,147.36,1359544,2,1
Glenn Maxwell, b Rashid Khan,11,5.0,7,1.0,1.0,220.00,1359544,3,1
Mahipal Lomror,st Saha b Noor Ahmad,1,3.0,5,0.0,0.0,33.33,1359544,4,1
Michael Bracewell,c & b Mohammed Shami,26,16.0,26,5.0,0.0,162.50,1359544,5,1
Dinesh Karthik,c Saha b Yash Dayal,0,1.0,2,0.0,0.0,0.00,1359544,6,1
Anuj Rawat,not out ,23,15.0,30,1.0,1.0,153.33,1359544,7,0
Vivrant Sharma,c sub (Ramandeep Singh) b Madhwal,69,47.0,69,9.0,2.0,146.80,1359543,1,1
Mayank Agarwal,c Ishan Kishan b Madhwal,83,46.0,84,8.0,4.0,180.43,1359543,2,1
Heinrich Klaasen, b Madhwal,18,13.0,31,2.0,0.0,138.46,1359543,3,1
Glenn Phillips,c Kartikeya b Jordan,1,4.0,8,0.0,0.0,25.00,1359543,4,1
Aiden Markram,not out ,13,7.0,19,0.0,1.0,185.71,1359543,5,0
Harry Brook, b Madhwal,0,1.0,2,0.0,0.0,0.00,1359543,6,1
Sanvir Singh,not out ,4,3.0,8,1.0,0.0,133.33,1359543,7,0
Karan Sharma,c Thakur b Harshit Rana,3,5.0,15,0.0,0.0,60.00,1359542,1,1
Quinton de Kock,c Russell b Varun,28,27.0,55,0.0,2.0,103.70,1359542,2,1
Prerak Mankad,c Harshit Rana b Arora,26,20.0,22,5.0,0.0,130.00,1359542,3,1
Marcus Stoinis,c Iyer b Arora,0,2.0,5,0.0,0.0,0.00,1359542,4,1
Krunal Pandya,c Singh b Narine,9,8.0,13,0.0,1.0,112.50,1359542,5,1
Ayush Badoni,c Thakur b Narine,25,21.0,42,2.0,1.0,119.04,1359542,6,1
Nicholas Pooran,c Iyer b Thakur,58,30.0,42,4.0,5.0,193.33,1359542,7,1
Krishnappa Gowtham,not out ,11,4.0,9,1.0,1.0,275.00,1359542,8,0
Ravi Bishnoi, b Thakur,2,2.0,3,0.0,0.0,100.00,1359542,9,1
Naveen-ul-Haq,not out ,2,3.0,3,0.0,0.0,66.66,1359542,10,0
Ruturaj Gaikwad,c Rossouw b Sakariya,79,50.0,68,3.0,7.0,158.00,1359541,1,1
Devon Conway,c Aman Hakim Khan b Nortje,87,52.0,90,11.0,3.0,167.30,1359541,2,1
Shivam Dube,c Lalit Yadav b Ahmed,22,9.0,21,0.0,3.0,244.44,1359541,3,1
MS Dhoni,not out ,5,4.0,14,0.0,0.0,125.00,1359541,4,0
Ravindra Jadeja,not out ,20,7.0,12,3.0,1.0,285.71,1359541,5,0
Prabhsimran Singh,c & b Boult,2,2.0,3,0.0,0.0,100.00,1359540,1,1
Shikhar Dhawan,lbw b Zampa,17,12.0,31,2.0,1.0,141.66,1359540,2,1
Atharva Taide,c Padikkal b Saini,19,12.0,19,3.0,1.0,158.33,1359540,3,1
Liam Livingstone, b Saini,9,13.0,16,1.0,0.0,69.23,1359540,4,1
Sam Curran,not out ,49,31.0,72,4.0,2.0,158.06,1359540,5,0
Jitesh Sharma,c sub (D Ferreira) b Saini,44,28.0,36,3.0,3.0,157.14,1359540,6,1
M Shahrukh Khan,not out ,41,23.0,31,4.0,2.0,178.26,1359540,7,0
Abhishek Sharma,c Lomror b Bracewell,11,14.0,22,2.0,0.0,78.57,1359539,1,1
Rahul Tripathi,c Patel b Bracewell,15,12.0,25,2.0,1.0,125.00,1359539,2,1
Aiden Markram, b Shahbaz Ahmed,18,20.0,37,0.0,0.0,90.00,1359539,3,1
Heinrich Klaasen, b Patel,104,51.0,62,8.0,6.0,203.92,1359539,4,1
Harry Brook,not out ,27,19.0,37,2.0,1.0,142.10,1359539,5,0
Glenn Phillips,c Parnell b Mohammed Siraj,5,4.0,10,1.0,0.0,125.00,1359539,6,1
David Warner,c Dhawan b Curran,46,31.0,53,5.0,2.0,148.38,1359538,1,1
Prithvi Shaw,c Taide b Curran,54,38.0,74,7.0,1.0,142.10,1359538,2,1
Rilee Rossouw,not out ,82,37.0,44,6.0,6.0,221.62,1359538,3,0
Phil Salt,not out ,26,14.0,21,2.0,2.0,185.71,1359538,4,0
Deepak Hooda,c David b Behrendorff,5,7.0,12,0.0,0.0,71.42,1359537,1,1
Quinton de Kock,c Ishan Kishan b Chawla,16,15.0,31,0.0,2.0,106.66,1359537,2,1
Prerak Mankad,c Ishan Kishan b Behrendorff,0,1.0,2,0.0,0.0,0.00,1359537,3,1
Krunal Pandya,retired hurt ,49,42.0,71,1.0,1.0,116.66,1359537,4,1
Marcus Stoinis,not out ,89,47.0,80,4.0,8.0,189.36,1359537,5,0
Nicholas Pooran,not out ,8,8.0,25,1.0,0.0,100.00,1359537,6,0
Wriddhiman Saha,c Abhishek Sharma b Kumar,0,3.0,4,0.0,0.0,0.00,1359536,1,1
Shubman Gill,c Abdul Samad b Kumar,101,58.0,100,13.0,1.0,174.13,1359536,2,1
Sai Sudharsan,c Natarajan b Jansen,47,36.0,70,6.0,1.0,130.55,1359536,3,1
Hardik Pandya,c Tripathi b Kumar,8,6.0,7,1.0,0.0,133.33,1359536,4,1
David Miller,c Markram b Natarajan,7,5.0,8,1.0,0.0,140.00,1359536,5,1
Rahul Tewatia,c Jansen b Fazalhaq Farooqi,3,3.0,7,0.0,0.0,100.00,1359536,6,1
Dasun Shanaka,not out ,9,7.0,12,1.0,0.0,128.57,1359536,7,0
Rashid Khan,c Klaasen b Kumar,0,1.0,2,0.0,0.0,0.00,1359536,8,1
Noor Ahmad,run out (Klaasen/Kumar),0,1.0,1,0.0,0.0,0.00,1359536,9,1
Mohammed Shami,c Jansen b Kumar,0,1.0,3,0.0,0.0,0.00,1359536,10,1
Mohit Sharma,not out ,0,1.0,1,0.0,0.0,0.00,1359536,11,0
Ruturaj Gaikwad,c Arora b Varun,17,13.0,19,2.0,0.0,130.76,1359535,1,1
Devon Conway,c Singh b Thakur,30,28.0,51,3.0,0.0,107.14,1359535,2,1
Ajinkya Rahane,c Roy b Varun,16,11.0,24,1.0,1.0,145.45,1359535,3,1
Ambati Rayudu, b Narine,4,7.0,14,0.0,0.0,57.14,1359535,4,1
Shivam Dube,not out ,48,34.0,55,1.0,3.0,141.17,1359535,5,0
Moeen Ali, b Narine,1,2.0,5,0.0,0.0,50.00,1359535,6,1
Ravindra Jadeja,c Varun b Arora,20,24.0,43,0.0,1.0,83.33,1359535,7,1
MS Dhoni,not out ,2,3.0,4,0.0,0.0,66.66,1359535,8,0
Virat Kohli,c Jaiswal b Asif,18,19.0,31,1.0,0.0,94.73,1359534,1,1
Faf du Plessis,c Jaiswal b Asif,55,44.0,65,3.0,2.0,125.00,1359534,2,1
Glenn Maxwell, b Sandeep Sharma,54,33.0,51,5.0,3.0,163.63,1359534,3,1
Mahipal Lomror,c Jurel b Zampa,1,2.0,5,0.0,0.0,50.00,1359534,4,1
Dinesh Karthik,lbw b Zampa,0,2.0,3,0.0,0.0,0.00,1359534,5,1
Michael Bracewell,not out ,9,9.0,21,0.0,0.0,100.00,1359534,6,0
Anuj Rawat,not out ,29,11.0,12,3.0,2.0,263.63,1359534,7,0
Prabhsimran Singh, b Mukesh Kumar,103,65.0,87,10.0,6.0,158.46,1359533,1,1
Shikhar Dhawan,c Rossouw b Sharma,7,5.0,9,0.0,1.0,140.00,1359533,2,1
Liam Livingstone, b Sharma,4,5.0,15,1.0,0.0,80.00,1359533,3,1
Jitesh Sharma, b Patel,5,5.0,8,1.0,0.0,100.00,1359533,4,1
Sam Curran,c Aman Hakim Khan b Dubey,20,24.0,39,1.0,0.0,83.33,1359533,5,1
Harpreet Brar,c Marsh b Kuldeep Yadav,2,5.0,9,0.0,0.0,40.00,1359533,6,1
M Shahrukh Khan,run out (Salt/Ahmed),2,4.0,22,0.0,0.0,50.00,1359533,7,1
Sikandar Raza,not out ,11,7.0,11,0.0,1.0,157.14,1359533,8,0
Rishi Dhawan,not out ,0,0.0,1,0.0,0.0,-,1359533,9,0
Anmolpreet Singh,c & b Mishra,36,27.0,46,7.0,0.0,133.33,1359532,1,1
Abhishek Sharma,c de Kock b Yudhvir Singh,7,5.0,14,1.0,0.0,140.00,1359532,2,1
Rahul Tripathi,c de Kock b Yash Thakur,20,13.0,19,4.0,0.0,153.84,1359532,3,1
Aiden Markram,st de Kock b Pandya,28,20.0,28,2.0,1.0,140.00,1359532,4,1
Heinrich Klaasen,c Mankad b Avesh Khan,47,29.0,52,3.0,3.0,162.06,1359532,5,1
Glenn Phillips, b Pandya,0,1.0,2,0.0,0.0,0.00,1359532,6,1
Abdul Samad,not out ,37,25.0,41,1.0,4.0,148.00,1359532,7,0
Bhuvneshwar Kumar,not out ,2,1.0,6,0.0,0.0,200.00,1359532,8,0
Ishan Kishan,lbw b Rashid Khan,31,20.0,38,4.0,1.0,155.00,1359531,1,1
Rohit Sharma,c Tewatia b Rashid Khan,29,18.0,34,3.0,2.0,161.11,1359531,2,1
Suryakumar Yadav,not out ,103,49.0,73,11.0,6.0,210.20,1359531,3,0
Nehal Wadhera, b Rashid Khan,15,7.0,12,1.0,1.0,214.28,1359531,4,1
Vishnu Vinod,c Manohar b Sharma,30,20.0,36,2.0,2.0,150.00,1359531,5,1
Tim David,c & b Rashid Khan,5,3.0,6,1.0,0.0,166.66,1359531,6,1
Cameron Green,not out ,3,3.0,18,0.0,0.0,100.00,1359531,7,0
Jason Roy,c Hetmyer b Boult,10,8.0,14,2.0,0.0,125.00,1359530,1,1
Rahmanullah Gurbaz,c Sandeep Sharma b Boult,18,12.0,23,1.0,2.0,150.00,1359530,2,1
Venkatesh Iyer,c Boult b Chahal,57,42.0,68,2.0,4.0,135.71,1359530,3,1
Nitish Rana,c Hetmyer b Chahal,22,17.0,26,2.0,0.0,129.41,1359530,4,1
Andre Russell,c Ashwin b Asif,10,10.0,19,0.0,1.0,100.00,1359530,5,1
Rinku Singh,c Root b Chahal,16,18.0,30,0.0,1.0,88.88,1359530,6,1
Shardul Thakur,lbw b Chahal,1,2.0,5,0.0,0.0,50.00,1359530,7,1
Anukul Roy,not out ,6,6.0,20,0.0,0.0,100.00,1359530,8,0
Sunil Narine,c Root b Sandeep Sharma,6,5.0,9,1.0,0.0,120.00,1359530,9,1
Ruturaj Gaikwad,c Aman Hakim Khan b AR Patel,24,18.0,39,4.0,0.0,133.33,1359529,1,1
Devon Conway,lbw b AR Patel,10,13.0,28,1.0,0.0,76.92,1359529,2,1
Ajinkya Rahane,c & b Lalit Yadav,21,20.0,31,2.0,0.0,105.00,1359529,3,1
Moeen Ali,c Marsh b Kuldeep Yadav,7,12.0,13,0.0,0.0,58.33,1359529,4,1
Shivam Dube,c Warner b Marsh,25,12.0,24,0.0,3.0,208.33,1359529,5,1
Ambati Rayudu,c RV Patel b Ahmed,23,17.0,28,1.0,1.0,135.29,1359529,6,1
Ravindra Jadeja,c AR Patel b Marsh,21,16.0,30,1.0,1.0,131.25,1359529,7,1
MS Dhoni,c Warner b Marsh,20,9.0,22,1.0,2.0,222.22,1359529,8,1
Deepak Chahar,not out ,1,2.0,6,0.0,0.0,50.00,1359529,9,0
Tushar Deshpande,not out ,0,1.0,2,0.0,0.0,0.00,1359529,10,0
Virat Kohli,c Ishan Kishan b Behrendorff,1,4.0,7,0.0,0.0,25.00,1359528,1,1
Faf du Plessis,c sub (Vishnu Vinod) b Green,65,41.0,78,5.0,3.0,158.53,1359528,2,1
Anuj Rawat,c Green b Behrendorff,6,4.0,8,1.0,0.0,150.00,1359528,3,1
Glenn Maxwell,c Wadhera b Behrendorff,68,33.0,53,8.0,4.0,206.06,1359528,4,1
Mahipal Lomror, b Kartikeya,1,3.0,6,0.0,0.0,33.33,1359528,5,1
Dinesh Karthik,c Wadhera b Jordan,30,18.0,31,4.0,1.0,166.66,1359528,6,1
Kedar Jadhav,not out ,12,10.0,33,1.0,0.0,120.00,1359528,7,0
Wanindu Hasaranga,not out ,12,8.0,11,2.0,0.0,150.00,1359528,8,0
Prabhsimran Singh,c Rahmanullah Gurbaz b Harshit Rana,12,8.0,11,3.0,0.0,150.00,1359527,1,1
Shikhar Dhawan,c Arora b Rana,57,47.0,80,9.0,1.0,121.27,1359527,2,1
Bhanuka Rajapaksa,c Rahmanullah Gurbaz b Harshit Rana,0,3.0,11,0.0,0.0,0.00,1359527,3,1
Liam Livingstone,lbw b Varun,15,9.0,16,3.0,0.0,166.66,1359527,4,1
Jitesh Sharma,c Rahmanullah Gurbaz b Varun,21,18.0,34,0.0,2.0,116.66,1359527,5,1
Sam Curran,c Rahmanullah Gurbaz b Suyash Sharma,4,9.0,25,0.0,0.0,44.44,1359527,6,1
Rishi Dhawan, b Varun,19,11.0,12,1.0,1.0,172.72,1359527,7,1
M Shahrukh Khan,not out ,21,8.0,20,3.0,1.0,262.50,1359527,8,0
Harpreet Brar,not out ,17,9.0,17,2.0,1.0,188.88,1359527,9,0
Yashasvi Jaiswal,c Natarajan b Jansen,35,18.0,27,5.0,2.0,194.44,1359526,1,1
Jos Buttler,lbw b Kumar,95,59.0,84,10.0,4.0,161.01,1359526,2,1
Sanju Samson,not out ,66,38.0,66,4.0,5.0,173.68,1359526,3,0
Shimron Hetmyer,not out ,7,5.0,8,0.0,0.0,140.00,1359526,4,0
Wriddhiman Saha,c sub (PN Mankad) b Avesh Khan,81,43.0,59,10.0,4.0,188.37,1359525,1,1
Shubman Gill,not out ,94,51.0,96,2.0,7.0,184.31,1359525,2,0
Hardik Pandya,c Pandya b Mohsin Khan,25,15.0,20,1.0,2.0,166.66,1359525,3,1
David Miller,not out ,21,12.0,19,2.0,1.0,175.00,1359525,4,0
Virat Kohli,c Ahmed b Mukesh Kumar,55,46.0,74,5.0,0.0,119.56,1359524,1,1
Faf du Plessis,c AR Patel b Marsh,45,32.0,46,5.0,1.0,140.62,1359524,2,1
Glenn Maxwell,c Salt b Marsh,0,1.0,2,0.0,0.0,0.00,1359524,3,1
Mahipal Lomror,not out ,54,29.0,53,6.0,3.0,186.20,1359524,4,0
Dinesh Karthik,c Warner b Ahmed,11,9.0,22,0.0,1.0,122.22,1359524,5,1
Anuj Rawat,not out ,8,3.0,5,0.0,1.0,266.66,1359524,6,0
Cameron Green, b Deshpande,6,4.0,10,1.0,0.0,150.00,1359523,1,1
Ishan Kishan,c Theekshana b Chahar,7,9.0,15,1.0,0.0,77.77,1359523,2,1
Rohit Sharma,c Jadeja b Chahar,0,3.0,9,0.0,0.0,0.00,1359523,3,1
Nehal Wadhera, b Pathirana,64,51.0,68,8.0,1.0,125.49,1359523,4,1
Suryakumar Yadav, b Jadeja,26,22.0,35,3.0,0.0,118.18,1359523,5,1
Tristan Stubbs,c Jadeja b Pathirana,20,21.0,44,2.0,0.0,95.23,1359523,6,1
Tim David,c Gaikwad b Deshpande,2,4.0,7,0.0,0.0,50.00,1359523,7,1
Arshad Khan,c Gaikwad b Pathirana,1,2.0,6,0.0,0.0,50.00,1359523,8,1
Jofra Archer,not out ,3,2.0,5,0.0,0.0,150.00,1359523,9,0
Piyush Chawla,not out ,2,2.0,2,0.0,0.0,100.00,1359523,10,0
Yashasvi Jaiswal,run out (Sharma/Rashid Khan),14,11.0,31,1.0,1.0,127.27,1359522,1,1
Jos Buttler,c Sharma b Pandya,8,6.0,10,2.0,0.0,133.33,1359522,2,1
Sanju Samson,c Pandya b Little,30,20.0,27,3.0,1.0,150.00,1359522,3,1
Devdutt Padikkal, b Noor Ahmad,12,12.0,30,1.0,0.0,100.00,1359522,4,1
Ravichandran Ashwin, b Rashid Khan,2,6.0,6,0.0,0.0,33.33,1359522,5,1
Riyan Parag,lbw b Rashid Khan,4,6.0,8,0.0,0.0,66.66,1359522,6,1
Shimron Hetmyer,lbw b Rashid Khan,7,13.0,29,0.0,0.0,53.84,1359522,7,1
Dhruv Jurel,lbw b Noor Ahmad,9,8.0,13,1.0,0.0,112.50,1359522,8,1
Trent Boult, b Mohammed Shami,15,11.0,15,1.0,1.0,136.36,1359522,9,1
Adam Zampa,run out (Manohar),7,9.0,19,0.0,0.0,77.77,1359522,10,1
Sandeep Sharma,not out ,2,5.0,8,0.0,0.0,40.00,1359522,11,0
Jason Roy,c Agarwal b Kartik Tyagi,20,19.0,27,4.0,0.0,105.26,1359521,1,1
Rahmanullah Gurbaz,c Brook b Jansen,0,1.0,7,0.0,0.0,0.00,1359521,2,1
Venkatesh Iyer,c Klaasen b Jansen,7,4.0,6,1.0,0.0,175.00,1359521,3,1
Nitish Rana,c & b Markram,42,31.0,46,3.0,3.0,135.48,1359521,4,1
Rinku Singh,c Abdul Samad b Natarajan,46,35.0,67,4.0,1.0,131.42,1359521,5,1
Andre Russell,c Natarajan b Markande,24,15.0,13,1.0,2.0,160.00,1359521,6,1
Sunil Narine,c Agarwal b Kumar,1,2.0,6,0.0,0.0,50.00,1359521,7,1
Shardul Thakur,c Abdul Samad b Natarajan,8,6.0,9,1.0,0.0,133.33,1359521,8,1
Anukul Roy,not out ,13,7.0,11,2.0,0.0,185.71,1359521,9,0
Harshit Rana,run out (Klaasen/Natarajan),0,1.0,2,0.0,0.0,0.00,1359521,10,1
Vaibhav Arora,not out ,2,1.0,2,0.0,0.0,200.00,1359521,11,0
Prabhsimran Singh,c Ishan Kishan b Arshad Khan,9,7.0,8,1.0,0.0,128.57,1359520,1,1
Shikhar Dhawan,st Ishan Kishan b Chawla,30,20.0,35,5.0,0.0,150.00,1359520,2,1
Matthew Short, b Chawla,27,26.0,46,2.0,1.0,103.84,1359520,3,1
Liam Livingstone,not out ,82,42.0,65,7.0,4.0,195.23,1359520,4,0
Jitesh Sharma,not out ,49,27.0,46,5.0,2.0,181.48,1359520,5,0
Phil Salt,c Miller b Mohammed Shami,0,1.0,2,0.0,0.0,0.00,1359518,1,1
David Warner,run out (Rashid Khan),2,2.0,10,0.0,0.0,100.00,1359518,2,1
Priyam Garg,c Saha b Mohammed Shami,10,14.0,26,0.0,0.0,71.42,1359518,3,1
Rilee Rossouw,c Saha b Mohammed Shami,8,6.0,9,2.0,0.0,133.33,1359518,4,1
Manish Pandey,c Saha b Mohammed Shami,1,4.0,7,0.0,0.0,25.00,1359518,5,1
Axar Patel,c Rashid Khan b Sharma,27,30.0,43,2.0,1.0,90.00,1359518,6,1
Aman Hakim Khan,c Manohar b Rashid Khan,51,44.0,62,3.0,3.0,115.90,1359518,7,1
Ripal Patel,c Pandya b Sharma,23,13.0,32,2.0,1.0,176.92,1359518,8,1
Anrich Nortje,not out ,3,6.0,8,0.0,0.0,50.00,1359518,9,0
Kuldeep Yadav,not out ,0,1.0,1,0.0,0.0,0.00,1359518,10,0
Virat Kohli,st Pooran b Ravi Bishnoi,31,30.0,42,3.0,0.0,103.33,1359517,1,1
Faf du Plessis,c Pandya b Mishra,44,40.0,83,1.0,1.0,110.00,1359517,2,1
Anuj Rawat,c Mayers b Gowtham,9,11.0,13,0.0,0.0,81.81,1359517,3,1
Glenn Maxwell,lbw b Ravi Bishnoi,4,5.0,8,0.0,0.0,80.00,1359517,4,1
Suyash Prabhudessai,c Gowtham b Mishra,6,7.0,10,0.0,0.0,85.71,1359517,5,1
Dinesh Karthik,run out (Yash Thakur),16,11.0,25,1.0,1.0,145.45,1359517,6,1
Mahipal Lomror,lbw b Naveen-ul-Haq,3,4.0,7,0.0,0.0,75.00,1359517,7,1
Wanindu Hasaranga,not out ,8,7.0,14,1.0,0.0,114.28,1359517,8,0
Karn Sharma,c Gowtham b Naveen-ul-Haq,2,2.0,5,0.0,0.0,100.00,1359517,9,1
Mohammed Siraj,c Pooran b Naveen-ul-Haq,0,1.0,3,0.0,0.0,0.00,1359517,10,1
Josh Hazlewood,not out ,1,2.0,3,0.0,0.0,50.00,1359517,11,0
Yashasvi Jaiswal,c & b Arshad Khan,124,62.0,112,16.0,8.0,200.00,1359516,1,1
Jos Buttler,c sub (Ramandeep Singh) b Chawla,18,19.0,40,2.0,1.0,94.73,1359516,2,1
Sanju Samson,c Tilak Varma b Arshad Khan,14,10.0,15,1.0,1.0,140.00,1359516,3,1
Devdutt Padikkal, b Chawla,2,4.0,6,0.0,0.0,50.00,1359516,4,1
Jason Holder,c David b Archer,11,9.0,18,0.0,1.0,122.22,1359516,5,1
Shimron Hetmyer,c Yadav b Arshad Khan,8,9.0,14,0.0,1.0,88.88,1359516,6,1
Dhruv Jurel,c Tilak Varma b Meredith,2,3.0,6,0.0,0.0,66.66,1359516,7,1
Ravichandran Ashwin,not out ,8,5.0,20,1.0,0.0,160.00,1359516,8,0
Trent Boult,not out ,0,0.0,4,0.0,0.0,-,1359516,9,0
Ruturaj Gaikwad,st Sharma b Sikandar Raza,37,31.0,47,4.0,1.0,119.35,1359515,1,1
Devon Conway,not out ,92,52.0,103,16.0,1.0,176.92,1359515,2,0
Shivam Dube,c Shahrukh Khan b Arshdeep Singh,28,17.0,23,1.0,2.0,164.70,1359515,3,1
Moeen Ali,st Sharma b Chahar,10,6.0,12,2.0,0.0,166.66,1359515,4,1
Ravindra Jadeja,c Livingstone b Curran,12,10.0,15,0.0,0.0,120.00,1359515,5,1
MS Dhoni,not out ,13,4.0,8,0.0,2.0,325.00,1359515,6,0
Abhishek Sharma,c Warner b AR Patel,67,36.0,62,12.0,1.0,186.11,1359514,1,1
Mayank Agarwal,c Salt b Sharma,5,6.0,15,1.0,0.0,83.33,1359514,2,1
Rahul Tripathi,c Pandey b Marsh,10,6.0,12,0.0,1.0,166.66,1359514,3,1
Aiden Markram,c AR Patel b Marsh,8,13.0,21,0.0,0.0,61.53,1359514,4,1
Harry Brook,c AR Patel b Marsh,0,2.0,3,0.0,0.0,0.00,1359514,5,1
Heinrich Klaasen,not out ,53,27.0,50,2.0,4.0,196.29,1359514,6,0
Abdul Samad,c Salt b Marsh,28,21.0,21,1.0,2.0,133.33,1359514,7,1
Akeal Hosein,not out ,16,10.0,17,1.0,1.0,160.00,1359514,8,0
Narayan Jagadeesan,lbw b Mohammed Shami,19,15.0,16,4.0,0.0,126.66,1359513,1,1
Rahmanullah Gurbaz,c Rashid Khan b Noor Ahmad,81,39.0,80,5.0,7.0,207.69,1359513,2,1
Shardul Thakur,c Sharma b Mohammed Shami,0,4.0,13,0.0,0.0,0.00,1359513,3,1
Venkatesh Iyer,lbw b Little,11,14.0,27,0.0,0.0,78.57,1359513,4,1
Nitish Rana,c Tewatia b Little,4,3.0,5,1.0,0.0,133.33,1359513,5,1
Rinku Singh,c Little b Noor Ahmad,19,20.0,33,0.0,1.0,95.00,1359513,6,1
Andre Russell,c Tewatia b Mohammed Shami,34,19.0,22,2.0,3.0,178.94,1359513,7,1
David Wiese,not out ,8,6.0,13,0.0,1.0,133.33,1359513,8,0
KL Rahul,c Shahrukh Khan b Rabada,12,9.0,19,1.0,1.0,133.33,1359512,1,1
Kyle Mayers,c Dhawan b Rabada,54,24.0,31,7.0,4.0,225.00,1359512,2,1
Ayush Badoni,c Chahar b Livingstone,43,24.0,49,3.0,3.0,179.16,1359512,3,1
Marcus Stoinis,c Sharma b Curran,72,40.0,63,6.0,5.0,180.00,1359512,4,1
Nicholas Pooran,lbw b Arshdeep Singh,45,19.0,36,7.0,1.0,236.84,1359512,5,1
Deepak Hooda,not out ,11,6.0,12,2.0,0.0,183.33,1359512,6,0
Krunal Pandya,not out ,5,2.0,3,1.0,0.0,250.00,1359512,7,0
Yashasvi Jaiswal,c Rahane b Deshpande,77,43.0,67,8.0,4.0,179.06,1359511,1,1
Jos Buttler,c Dube b Jadeja,27,21.0,40,4.0,0.0,128.57,1359511,2,1
Sanju Samson,c Gaikwad b Deshpande,17,17.0,21,1.0,0.0,100.00,1359511,3,1
Shimron Hetmyer, b Theekshana,8,10.0,16,0.0,0.0,80.00,1359511,4,1
Dhruv Jurel,run out (Dhoni),34,15.0,32,3.0,2.0,226.66,1359511,5,1
Devdutt Padikkal,not out ,27,13.0,22,5.0,0.0,207.69,1359511,6,0
Ravichandran Ashwin,not out ,1,1.0,3,0.0,0.0,100.00,1359511,7,0
Jason Roy, b Vyshak,56,29.0,50,4.0,5.0,193.10,1359510,1,1
Narayan Jagadeesan,c Willey b Vyshak,27,29.0,44,4.0,0.0,93.10,1359510,2,1
Venkatesh Iyer,c Maxwell b Hasaranga,31,26.0,44,3.0,0.0,119.23,1359510,3,1
Nitish Rana,c Vyshak b Hasaranga,48,21.0,28,3.0,4.0,228.57,1359510,4,1
Andre Russell, b Mohammed Siraj,1,2.0,10,0.0,0.0,50.00,1359510,5,1
Rinku Singh,not out ,18,10.0,12,2.0,1.0,180.00,1359510,6,0
David Wiese,not out ,12,3.0,5,0.0,2.0,400.00,1359510,7,0
Wriddhiman Saha,c Ishan Kishan b Tendulkar,4,7.0,13,0.0,0.0,57.14,1359509,1,1
Shubman Gill,c Yadav b Kartikeya,56,34.0,57,7.0,1.0,164.70,1359509,2,1
Hardik Pandya,c Yadav b Chawla,13,14.0,23,1.0,0.0,92.85,1359509,3,1
Vijay Shankar,c David b Chawla,19,16.0,27,1.0,1.0,118.75,1359509,4,1
David Miller,c Yadav b Behrendorff,46,22.0,47,2.0,4.0,209.09,1359509,5,1
Abhinav Manohar,c Behrendorff b Meredith,42,21.0,30,3.0,3.0,200.00,1359509,6,1
Rahul Tewatia,not out ,20,5.0,13,0.0,3.0,400.00,1359509,7,0
Rashid Khan,not out ,2,1.0,2,0.0,0.0,200.00,1359509,8,0
David Warner,c Brook b Washington Sundar,21,20.0,39,2.0,1.0,105.00,1359508,1,1
Phil Salt,c Klaasen b Kumar,0,1.0,4,0.0,0.0,0.00,1359508,2,1
Mitchell Marsh,lbw b Natarajan,25,15.0,22,5.0,0.0,166.66,1359508,3,1
Sarfaraz Khan,c Kumar b Washington Sundar,10,9.0,16,0.0,1.0,111.11,1359508,4,1
Manish Pandey,run out (Washington Sundar/Klaasen),34,27.0,53,2.0,0.0,125.92,1359508,5,1
Aman Hakim Khan,c Abhishek Sharma b Washington Sundar,4,2.0,3,1.0,0.0,200.00,1359508,6,1
Axar Patel, b Kumar,34,34.0,43,4.0,0.0,100.00,1359508,7,1
Ripal Patel,run out (Klaasen),5,6.0,13,0.0,0.0,83.33,1359508,8,1
Anrich Nortje,run out (Umran Malik/Klaasen),2,2.0,7,0.0,0.0,100.00,1359508,9,1
Kuldeep Yadav,not out ,4,3.0,5,1.0,0.0,133.33,1359508,10,0
Ishant Sharma,not out ,1,1.0,2,0.0,0.0,100.00,1359508,11,0
Ruturaj Gaikwad, b Suyash Sharma,35,20.0,35,2.0,3.0,175.00,1359507,1,1
Devon Conway,c Wiese b Varun,56,40.0,56,4.0,3.0,140.00,1359507,2,1
Ajinkya Rahane,not out ,71,29.0,70,6.0,5.0,244.82,1359507,3,0
Shivam Dube,c Roy b Khejroliya,50,21.0,31,2.0,5.0,238.09,1359507,4,1
Ravindra Jadeja,c Singh b Khejroliya,18,8.0,13,0.0,2.0,225.00,1359507,5,1
MS Dhoni,not out ,2,3.0,4,0.0,0.0,66.66,1359507,6,0
Virat Kohli,lbw b Boult,0,1.0,2,0.0,0.0,0.00,1359506,1,1
Faf du Plessis,run out (Jaiswal),62,39.0,71,8.0,2.0,158.97,1359506,2,1
Shahbaz Ahmed,c Jaiswal b Boult,2,4.0,10,0.0,0.0,50.00,1359506,3,1
Glenn Maxwell,c Holder b Ashwin,77,44.0,66,6.0,4.0,175.00,1359506,4,1
Mahipal Lomror,c Padikkal b Chahal,8,6.0,16,1.0,0.0,133.33,1359506,5,1
Dinesh Karthik,c Buttler b Sandeep Sharma,16,13.0,28,2.0,0.0,123.07,1359506,6,1
Suyash Prabhudessai,run out (Jaiswal/Samson),0,2.0,5,0.0,0.0,0.00,1359506,7,1
Wanindu Hasaranga,run out (Samson/Sandeep Sharma),6,7.0,14,0.0,0.0,85.71,1359506,8,1
David Willey,not out ,4,2.0,8,1.0,0.0,200.00,1359506,9,0
Vijaykumar Vyshak,c Hetmyer b Sandeep Sharma,0,1.0,2,0.0,0.0,0.00,1359506,10,1
Mohammed Siraj,not out ,1,1.0,4,0.0,0.0,100.00,1359506,11,0
Matthew Short,c Chawla b Green,11,10.0,15,2.0,0.0,110.00,1359505,1,1
Prabhsimran Singh,lbw b Tendulkar,26,17.0,37,1.0,2.0,152.94,1359505,2,1
Atharva Taide, b Chawla,29,17.0,38,3.0,1.0,170.58,1359505,3,1
Liam Livingstone,st Ishan Kishan b Chawla,10,12.0,12,0.0,1.0,83.33,1359505,4,1
Harpreet Singh, b Green,41,28.0,47,4.0,2.0,146.42,1359505,5,1
Sam Curran,c & b Archer,55,29.0,51,5.0,4.0,189.65,1359505,6,1
Jitesh Sharma, b Behrendorff,25,7.0,12,0.0,4.0,357.14,1359505,7,1
M Shahrukh Khan,not out ,0,0.0,6,0.0,0.0,-,1359505,8,0
Harpreet Brar,run out (Tilak Varma/Ishan Kishan),5,2.0,3,1.0,0.0,250.00,1359505,9,1
Wriddhiman Saha,c Hooda b Pandya,47,37.0,51,6.0,0.0,127.02,1359504,1,1
Shubman Gill,c Ravi Bishnoi b Pandya,0,2.0,9,0.0,0.0,0.00,1359504,2,1
Hardik Pandya,c Rahul b Stoinis,66,50.0,89,2.0,4.0,132.00,1359504,3,1
Abhinav Manohar,c Naveen-ul-Haq b Mishra,3,5.0,7,0.0,0.0,60.00,1359504,4,1
Vijay Shankar, b Naveen-ul-Haq,10,12.0,17,1.0,0.0,83.33,1359504,5,1
David Miller,c Hooda b Stoinis,6,12.0,28,0.0,0.0,50.00,1359504,6,1
Rahul Tewatia,not out ,2,2.0,4,0.0,0.0,100.00,1359504,7,0
Harry Brook,c Gaikwad b Akash Singh,18,13.0,23,3.0,0.0,138.46,1359503,1,1
Abhishek Sharma,c Rahane b Jadeja,34,26.0,43,3.0,1.0,130.76,1359503,2,1
Rahul Tripathi,c Akash Singh b Jadeja,21,21.0,31,1.0,1.0,100.00,1359503,3,1
Aiden Markram,c Dhoni b Theekshana,12,12.0,15,1.0,0.0,100.00,1359503,4,1
Heinrich Klaasen,c Gaikwad b Pathirana,17,16.0,27,1.0,0.0,106.25,1359503,5,1
Mayank Agarwal,st Dhoni b Jadeja,2,4.0,6,0.0,0.0,50.00,1359503,6,1
Marco Jansen,not out ,17,22.0,29,1.0,0.0,77.27,1359503,7,0
Washington Sundar,run out (Dhoni),9,6.0,14,1.0,0.0,150.00,1359503,8,1
Jason Roy,c Aman Hakim Khan b Kuldeep Yadav,43,39.0,74,5.0,1.0,110.25,1359502,1,1
Litton Das,c Lalit Yadav b Mukesh Kumar,4,4.0,13,1.0,0.0,100.00,1359502,2,1
Venkatesh Iyer,c Marsh b Nortje,0,2.0,9,0.0,0.0,0.00,1359502,3,1
Nitish Rana,c Mukesh Kumar b Sharma,4,7.0,11,1.0,0.0,57.14,1359502,4,1
Mandeep Singh, b Patel,12,11.0,16,0.0,1.0,109.09,1359502,5,1
Rinku Singh,c Lalit Yadav b Patel,6,8.0,9,1.0,0.0,75.00,1359502,6,1
Sunil Narine,c Warner b Sharma,4,6.0,6,1.0,0.0,66.66,1359502,7,1
Andre Russell,not out ,38,31.0,49,1.0,4.0,122.58,1359502,8,0
Anukul Roy,lbw b Kuldeep Yadav,0,1.0,2,0.0,0.0,0.00,1359502,9,1
Umesh Yadav,c & b Nortje,3,5.0,5,0.0,0.0,60.00,1359502,10,1
Varun Chakravarthy,run out (sub [YV Dhull]/Salt),1,6.0,28,0.0,0.0,16.66,1359502,11,1
Virat Kohli,c Sharma b Harpreet Brar,59,47.0,72,5.0,1.0,125.53,1359501,1,1
Faf du Plessis,c Curran b Ellis,84,56.0,78,5.0,5.0,150.00,1359501,2,1
Glenn Maxwell,c Taide b Harpreet Brar,0,1.0,1,0.0,0.0,0.00,1359501,3,1
Dinesh Karthik,c Taide b Arshdeep Singh,7,5.0,16,1.0,0.0,140.00,1359501,4,1
Mahipal Lomror,not out ,7,9.0,15,1.0,0.0,77.77,1359501,5,0
Shahbaz Ahmed,not out ,5,3.0,5,0.0,0.0,166.66,1359501,6,0
KL Rahul,c Buttler b Holder,39,32.0,51,4.0,1.0,121.87,1359500,1,1
Kyle Mayers, b Ashwin,51,42.0,69,4.0,3.0,121.42,1359500,2,1
Ayush Badoni, b Boult,1,4.0,6,0.0,0.0,25.00,1359500,3,1
Deepak Hooda,c Hetmyer b Ashwin,2,4.0,7,0.0,0.0,50.00,1359500,4,1
Marcus Stoinis,c Samson b Sandeep Sharma,21,16.0,31,2.0,0.0,131.25,1359500,5,1
Nicholas Pooran,run out (Samson),29,20.0,27,2.0,1.0,145.00,1359500,6,1
Krunal Pandya,not out ,4,2.0,4,1.0,0.0,200.00,1359500,7,0
Yudhvir Singh,run out (Hetmyer/Samson),1,1.0,2,0.0,0.0,100.00,1359500,8,1
Rohit Sharma,c Markram b Natarajan,28,18.0,22,6.0,0.0,155.55,1359499,1,1
Ishan Kishan,c Markram b Jansen,38,31.0,51,3.0,2.0,122.58,1359499,2,1
Cameron Green,not out ,64,40.0,75,6.0,2.0,160.00,1359499,3,0
Suryakumar Yadav,c Markram b Jansen,7,3.0,6,0.0,1.0,233.33,1359499,4,1
Tilak Varma,c Agarwal b Kumar,37,17.0,24,2.0,4.0,217.64,1359499,5,1
Tim David,run out (Abhishek Sharma/Natarajan),16,11.0,19,2.0,0.0,145.45,1359499,6,1
Ruturaj Gaikwad,c Parnell b Mohammed Siraj,3,6.0,12,0.0,0.0,50.00,1359498,1,1
Devon Conway, b Patel,83,45.0,73,6.0,6.0,184.44,1359498,2,1
Ajinkya Rahane, b Hasaranga,37,20.0,33,3.0,2.0,185.00,1359498,3,1
Shivam Dube,c Mohammed Siraj b Parnell,52,27.0,35,2.0,5.0,192.59,1359498,4,1
Ambati Rayudu,c Karthik b Vyshak,14,6.0,11,1.0,1.0,233.33,1359498,5,1
Moeen Ali,not out ,19,9.0,24,0.0,2.0,211.11,1359498,6,0
Ravindra Jadeja,c Prabhudessai b Maxwell,10,8.0,17,0.0,1.0,125.00,1359498,7,1
MS Dhoni,not out ,1,1.0,2,0.0,0.0,100.00,1359498,8,0
Wriddhiman Saha,c & b Boult,4,3.0,4,1.0,0.0,133.33,1359497,1,1
Shubman Gill,c Buttler b Sandeep Sharma,45,34.0,70,4.0,1.0,132.35,1359497,2,1
Sai Sudharsan,run out (Buttler/Samson),20,19.0,23,2.0,0.0,105.26,1359497,3,1
Hardik Pandya,c Jaiswal b Chahal,28,19.0,22,3.0,1.0,147.36,1359497,4,1
David Miller,c Hetmyer b Sandeep Sharma,46,30.0,43,3.0,2.0,153.33,1359497,5,1
Abhinav Manohar,c Padikkal b Zampa,27,13.0,17,0.0,3.0,207.69,1359497,6,1
Rahul Tewatia,not out ,1,1.0,10,0.0,0.0,100.00,1359497,7,0
Rashid Khan,run out (Buttler/Sandeep Sharma),1,1.0,4,0.0,0.0,100.00,1359497,8,1
Alzarri Joseph,not out ,0,0.0,2,0.0,0.0,-,1359497,9,0
Rahmanullah Gurbaz,c Jansen b Chawla,8,12.0,39,0.0,0.0,66.66,1359496,1,1
Narayan Jagadeesan,c Shokeen b Green,0,5.0,12,0.0,0.0,0.00,1359496,2,1
Venkatesh Iyer,c Jansen b Meredith,104,51.0,82,6.0,9.0,203.92,1359496,3,1
Nitish Rana,c sub (Ramandeep Singh) b Shokeen,5,10.0,13,0.0,0.0,50.00,1359496,4,1
Shardul Thakur,c Tilak Varma b Shokeen,13,11.0,23,1.0,0.0,118.18,1359496,5,1
Rinku Singh,c Wadhera b Jansen,18,18.0,32,2.0,0.0,100.00,1359496,6,1
Andre Russell,not out ,21,11.0,18,3.0,1.0,190.90,1359496,7,0
Sunil Narine,not out ,2,2.0,9,0.0,0.0,100.00,1359496,8,0
KL Rahul,c sub (NT Ellis) b Arshdeep Singh,74,56.0,101,8.0,1.0,132.14,1359495,1,1
Kyle Mayers,c Harpreet Singh b Harpreet Brar,29,23.0,34,1.0,3.0,126.08,1359495,2,1
Deepak Hooda,lbw b Sikandar Raza,2,3.0,7,0.0,0.0,66.66,1359495,3,1
Krunal Pandya,c Shahrukh Khan b Rabada,18,17.0,30,2.0,0.0,105.88,1359495,4,1
Nicholas Pooran,c Shahrukh Khan b Rabada,0,1.0,5,0.0,0.0,0.00,1359495,5,1
Marcus Stoinis,c Sharma b Curran,15,11.0,22,0.0,2.0,136.36,1359495,6,1
Ayush Badoni,not out ,5,6.0,17,0.0,0.0,83.33,1359495,7,0
Krishnappa Gowtham,c Sikandar Raza b Curran,1,2.0,7,0.0,0.0,50.00,1359495,8,1
Yudhvir Singh,c Shahrukh Khan b Curran,0,1.0,3,0.0,0.0,0.00,1359495,9,1
Ravi Bishnoi,not out ,3,1.0,3,0.0,0.0,300.00,1359495,10,0
Virat Kohli,c Dhull b Lalit Yadav,50,34.0,46,6.0,1.0,147.05,1359494,1,1
Faf du Plessis,c Aman Hakim Khan b Marsh,22,16.0,21,3.0,1.0,137.50,1359494,2,1
Mahipal Lomror,c Abishek Porel b Marsh,26,18.0,38,0.0,2.0,144.44,1359494,3,1
Glenn Maxwell,c Warner b Kuldeep Yadav,24,14.0,25,0.0,3.0,171.42,1359494,4,1
Harshal Patel,c Abishek Porel b Patel,6,4.0,9,0.0,1.0,150.00,1359494,5,1
Shahbaz Ahmed,not out ,20,12.0,31,3.0,0.0,166.66,1359494,6,0
Dinesh Karthik,c Lalit Yadav b Kuldeep Yadav,0,1.0,2,0.0,0.0,0.00,1359494,7,1
Anuj Rawat,not out ,15,22.0,26,1.0,0.0,68.18,1359494,8,0
Harry Brook,not out ,100,55.0,99,12.0,3.0,181.81,1359493,1,0
Mayank Agarwal,c Varun b Russell,9,13.0,22,0.0,0.0,69.23,1359493,2,1
Rahul Tripathi,c Rahmanullah Gurbaz b Russell,9,4.0,6,2.0,0.0,225.00,1359493,3,1
Aiden Markram,c Russell b Varun,50,26.0,32,2.0,5.0,192.30,1359493,4,1
Abhishek Sharma,c Thakur b Russell,32,17.0,28,3.0,2.0,188.23,1359493,5,1
Heinrich Klaasen,not out ,16,6.0,13,2.0,1.0,266.66,1359493,6,0
Prabhsimran Singh,c Rashid Khan b Mohammed Shami,0,2.0,3,0.0,0.0,0.00,1359492,1,1
Shikhar Dhawan,c Joseph b Little,8,8.0,20,2.0,0.0,100.00,1359492,2,1
Matthew Short, b Rashid Khan,36,24.0,38,6.0,1.0,150.00,1359492,3,1
Bhanuka Rajapaksa,c Shubman Gill b Joseph,20,26.0,73,1.0,0.0,76.92,1359492,4,1
Jitesh Sharma,c Saha b Sharma,25,23.0,29,5.0,0.0,108.69,1359492,5,1
Sam Curran,c Shubman Gill b Sharma,22,22.0,33,1.0,1.0,100.00,1359492,6,1
M Shahrukh Khan,run out (Miller/Saha),22,9.0,19,1.0,2.0,244.44,1359492,7,1
Harpreet Brar,not out ,8,5.0,12,0.0,1.0,160.00,1359492,8,0
Rishi Dhawan,run out (Saha),1,1.0,4,0.0,0.0,100.00,1359492,9,1
Yashasvi Jaiswal,c Dube b Deshpande,10,8.0,9,2.0,0.0,125.00,1359491,1,1
Jos Buttler, b Ali,52,36.0,79,1.0,3.0,144.44,1359491,2,1
Devdutt Padikkal,c Conway b Jadeja,38,26.0,33,5.0,0.0,146.15,1359491,3,1
Sanju Samson, b Jadeja,0,2.0,2,0.0,0.0,0.00,1359491,4,1
Ravichandran Ashwin,c Magala b Akash Singh,30,22.0,29,1.0,2.0,136.36,1359491,5,1
Shimron Hetmyer,not out ,30,18.0,28,2.0,2.0,166.66,1359491,6,0
Dhruv Jurel,c Dube b Akash Singh,4,6.0,15,0.0,0.0,66.66,1359491,7,1
Jason Holder,c Conway b Deshpande,0,1.0,6,0.0,0.0,0.00,1359491,8,1
Adam Zampa,run out (Theekshana/Dhoni),1,1.0,2,0.0,0.0,100.00,1359491,9,1
David Warner,c Meredith b Behrendorff,51,47.0,94,6.0,0.0,108.51,1359490,1,1
Prithvi Shaw,c Green b Shokeen,15,10.0,17,3.0,0.0,150.00,1359490,2,1
Manish Pandey,c Behrendorff b Chawla,26,18.0,24,5.0,0.0,144.44,1359490,3,1
Yash Dhull,c Wadhera b Meredith,2,4.0,7,0.0,0.0,50.00,1359490,4,1
Rovman Powell,lbw b Chawla,4,4.0,6,1.0,0.0,100.00,1359490,5,1
Lalit Yadav, b Chawla,2,4.0,10,0.0,0.0,50.00,1359490,6,1
Axar Patel,c Arshad Khan b Behrendorff,54,25.0,29,4.0,5.0,216.00,1359490,7,1
Abishek Porel,c Green b Behrendorff,1,3.0,8,0.0,0.0,33.33,1359490,8,1
Kuldeep Yadav,run out (Wadhera),0,1.0,2,0.0,0.0,0.00,1359490,9,1
Anrich Nortje, b Meredith,5,3.0,7,1.0,0.0,166.66,1359490,10,1
Mustafizur Rahman,not out ,1,1.0,5,0.0,0.0,100.00,1359490,11,0
Virat Kohli,c Stoinis b Mishra,61,44.0,50,4.0,4.0,138.63,1359489,1,1
Faf du Plessis,not out ,79,46.0,104,5.0,5.0,171.73,1359489,2,0
Glenn Maxwell, b Wood,59,29.0,54,3.0,6.0,203.44,1359489,3,1
Dinesh Karthik,not out ,1,1.0,2,0.0,0.0,100.00,1359489,4,0
Prabhsimran Singh,lbw b Kumar,0,1.0,2,0.0,0.0,0.00,1359488,1,1
Shikhar Dhawan,not out ,99,66.0,105,12.0,5.0,150.00,1359488,2,0
Matthew Short,lbw b Jansen,1,3.0,9,0.0,0.0,33.33,1359488,3,1
Jitesh Sharma,c Markram b Jansen,4,9.0,13,1.0,0.0,44.44,1359488,4,1
Sam Curran,c Kumar b Markande,22,15.0,25,3.0,1.0,146.66,1359488,5,1
Sikandar Raza,c Agarwal b Umran Malik,5,6.0,5,0.0,0.0,83.33,1359488,6,1
M Shahrukh Khan,lbw b Markande,4,3.0,7,1.0,0.0,133.33,1359488,7,1
Harpreet Brar, b Umran Malik,1,2.0,5,0.0,0.0,50.00,1359488,8,1
Rahul Chahar,lbw b Markande,0,8.0,10,0.0,0.0,0.00,1359488,9,1
Nathan Ellis, b Markande,0,5.0,10,0.0,0.0,0.00,1359488,10,1
Mohit Rathee,not out ,1,2.0,25,0.0,0.0,50.00,1359488,11,0
Wriddhiman Saha,c Jagadeesan b Narine,17,17.0,24,3.0,0.0,100.00,1359487,1,1
Shubman Gill,c Yadav b Narine,39,31.0,55,5.0,0.0,125.80,1359487,2,1
Sai Sudharsan,c sub (AS Roy) b Narine,53,38.0,64,3.0,2.0,139.47,1359487,3,1
Abhinav Manohar, b Suyash Sharma,14,8.0,13,3.0,0.0,175.00,1359487,4,1
Vijay Shankar,not out ,63,24.0,33,4.0,5.0,262.50,1359487,5,0
David Miller,not out ,2,3.0,13,0.0,0.0,66.66,1359487,6,0
Rohit Sharma, b Deshpande,21,13.0,22,3.0,1.0,161.53,1359486,1,1
Ishan Kishan,c Pretorius b Jadeja,32,21.0,36,5.0,0.0,152.38,1359486,2,1
Cameron Green,c & b Jadeja,12,11.0,23,1.0,0.0,109.09,1359486,3,1
Suryakumar Yadav,c Dhoni b Santner,1,2.0,6,0.0,0.0,50.00,1359486,4,1
Tilak Varma,lbw b Jadeja,22,18.0,26,2.0,1.0,122.22,1359486,5,1
Arshad Khan,lbw b Santner,2,4.0,4,0.0,0.0,50.00,1359486,6,1
Tim David,c Rahane b Deshpande,31,22.0,35,1.0,2.0,140.90,1359486,7,1
Tristan Stubbs,c Gaikwad b Magala,5,10.0,13,0.0,0.0,50.00,1359486,8,1
Hrithik Shokeen,not out ,18,13.0,20,3.0,0.0,138.46,1359486,9,0
Piyush Chawla,not out ,5,6.0,15,0.0,0.0,83.33,1359486,10,0
Yashasvi Jaiswal,c & b Mukesh Kumar,60,31.0,47,11.0,1.0,193.54,1359485,1,1
Jos Buttler,c & b Mukesh Kumar,79,51.0,94,11.0,1.0,154.90,1359485,2,1
Sanju Samson,c Nortje b Kuldeep Yadav,0,4.0,7,0.0,0.0,0.00,1359485,3,1
Riyan Parag, b Powell,7,11.0,16,0.0,0.0,63.63,1359485,4,1
Shimron Hetmyer,not out ,39,21.0,32,1.0,4.0,185.71,1359485,5,0
Dhruv Jurel,not out ,8,3.0,7,0.0,1.0,266.66,1359485,6,0
Anmolpreet Singh,lbw b Pandya,31,26.0,38,3.0,1.0,119.23,1359484,1,1
Mayank Agarwal,c Stoinis b Pandya,8,7.0,14,1.0,0.0,114.28,1359484,2,1
Rahul Tripathi,c Mishra b Yash Thakur,34,41.0,65,4.0,0.0,82.92,1359484,3,1
Aiden Markram, b Pandya,0,1.0,2,0.0,0.0,0.00,1359484,4,1
Harry Brook,st Pooran b Ravi Bishnoi,3,4.0,5,0.0,0.0,75.00,1359484,5,1
Washington Sundar,c Hooda b Mishra,16,28.0,40,0.0,0.0,57.14,1359484,6,1
Abdul Samad,not out ,21,10.0,11,1.0,2.0,210.00,1359484,7,0
Adil Rashid,c Hooda b Mishra,4,3.0,3,1.0,0.0,133.33,1359484,8,1
Umran Malik,run out (Hooda/Unadkat),0,0.0,1,0.0,0.0,-,1359484,9,1
Bhuvneshwar Kumar,not out ,0,0.0,4,0.0,0.0,-,1359484,10,0
Rahmanullah Gurbaz,c Akash Deep b Sharma,57,44.0,58,6.0,3.0,129.54,1359483,1,1
Venkatesh Iyer, b Willey,3,7.0,18,0.0,0.0,42.85,1359483,2,1
Mandeep Singh, b Willey,0,1.0,2,0.0,0.0,0.00,1359483,3,1
Nitish Rana,c Karthik b Bracewell,1,5.0,17,0.0,0.0,20.00,1359483,4,1
Rinku Singh,c Karthik b Patel,46,33.0,64,2.0,3.0,139.39,1359483,5,1
Andre Russell,c Kohli b Sharma,0,1.0,2,0.0,0.0,0.00,1359483,6,1
Shardul Thakur,c Maxwell b Mohammed Siraj,68,29.0,45,9.0,3.0,234.48,1359483,7,1
Sunil Narine,not out ,0,1.0,6,0.0,0.0,0.00,1359483,8,0
Umesh Yadav,not out ,6,2.0,2,1.0,0.0,300.00,1359483,9,0
Prabhsimran Singh,c Buttler b Holder,60,34.0,49,7.0,3.0,176.47,1359482,1,1
Shikhar Dhawan,not out ,86,56.0,113,9.0,3.0,153.57,1359482,2,0
Bhanuka Rajapaksa,retired hurt ,1,1.0,3,0.0,0.0,100.00,1359482,3,1
Jitesh Sharma,c Parag b Chahal,27,16.0,31,2.0,1.0,168.75,1359482,4,1
Sikandar Raza, b Ashwin,1,2.0,2,0.0,0.0,50.00,1359482,5,1
M Shahrukh Khan,c Buttler b Holder,11,10.0,23,1.0,0.0,110.00,1359482,6,1
Sam Curran,not out ,1,2.0,3,0.0,0.0,50.00,1359482,7,0
David Warner, b Joseph,37,32.0,48,7.0,0.0,115.62,1359481,1,1
Prithvi Shaw,c Joseph b Mohammed Shami,7,5.0,17,1.0,0.0,140.00,1359481,2,1
Mitchell Marsh, b Mohammed Shami,4,4.0,10,1.0,0.0,100.00,1359481,3,1
Sarfaraz Khan,c Little b Rashid Khan,30,34.0,66,2.0,0.0,88.23,1359481,4,1
Rilee Rossouw,c Tewatia b Joseph,0,1.0,4,0.0,0.0,0.00,1359481,5,1
Abishek Porel, b Rashid Khan,20,11.0,25,0.0,2.0,181.81,1359481,6,1
Axar Patel,c Miller b Mohammed Shami,36,22.0,33,2.0,3.0,163.63,1359481,7,1
Aman Hakim Khan,c Pandya b Rashid Khan,8,8.0,10,0.0,1.0,100.00,1359481,8,1
Kuldeep Yadav,not out ,1,1.0,7,0.0,0.0,100.00,1359481,9,0
Anrich Nortje,not out ,4,2.0,1,1.0,0.0,200.00,1359481,10,0
Ruturaj Gaikwad,c Wood b Ravi Bishnoi,57,31.0,55,3.0,4.0,183.87,1359480,1,1
Devon Conway,c Pandya b Wood,47,29.0,62,5.0,2.0,162.06,1359480,2,1
Shivam Dube,c Wood b Ravi Bishnoi,27,16.0,22,1.0,3.0,168.75,1359480,3,1
Moeen Ali,st Pooran b Ravi Bishnoi,19,13.0,25,3.0,0.0,146.15,1359480,4,1
Ben Stokes,c Yash Thakur b Avesh Khan,8,8.0,16,1.0,0.0,100.00,1359480,5,1
Ambati Rayudu,not out ,27,14.0,26,2.0,2.0,192.85,1359480,6,0
Ravindra Jadeja,c Ravi Bishnoi b Wood,3,6.0,13,0.0,0.0,50.00,1359480,7,1
MS Dhoni,c Ravi Bishnoi b Wood,12,3.0,6,0.0,2.0,400.00,1359480,8,1
Mitchell Santner,not out ,1,1.0,2,0.0,0.0,100.00,1359480,9,0
Rohit Sharma,c Karthik b Akash Deep,1,10.0,30,0.0,0.0,10.00,1359479,1,1
Ishan Kishan,c Patel b Mohammed Siraj,10,13.0,13,2.0,0.0,76.92,1359479,2,1
Cameron Green, b Topley,5,4.0,6,1.0,0.0,125.00,1359479,3,1
Suryakumar Yadav,c Shahbaz Ahmed b Bracewell,15,16.0,35,1.0,0.0,93.75,1359479,4,1
Tilak Varma,not out ,84,46.0,85,9.0,4.0,182.60,1359479,5,0
Nehal Wadhera,c Kohli b Sharma,21,13.0,25,1.0,2.0,161.53,1359479,6,1
Tim David, b Sharma,4,7.0,11,0.0,0.0,57.14,1359479,7,1
Hrithik Shokeen,c du Plessis b Patel,5,3.0,12,1.0,0.0,166.66,1359479,8,1
Arshad Khan,not out ,15,9.0,19,0.0,1.0,166.66,1359479,9,0
Yashasvi Jaiswal,c Agarwal b Fazalhaq Farooqi,54,37.0,63,9.0,0.0,145.94,1359478,1,1
Jos Buttler, b Fazalhaq Farooqi,54,22.0,32,7.0,3.0,245.45,1359478,2,1
Sanju Samson,c Abhishek Sharma b Natarajan,55,32.0,66,3.0,4.0,171.87,1359478,3,1
Devdutt Padikkal, b Umran Malik,2,5.0,10,0.0,0.0,40.00,1359478,4,1
Riyan Parag,c Fazalhaq Farooqi b Natarajan,7,6.0,12,1.0,0.0,116.66,1359478,5,1
Shimron Hetmyer,not out ,22,16.0,21,1.0,1.0,137.50,1359478,6,0
Ravichandran Ashwin,not out ,1,2.0,9,0.0,0.0,50.00,1359478,7,0
KL Rahul,c Patel b Sakariya,8,12.0,21,0.0,1.0,66.66,1359477,1,1
Kyle Mayers, b Patel,73,38.0,53,2.0,7.0,192.10,1359477,2,1
Deepak Hooda,c Warner b Kuldeep Yadav,17,18.0,31,0.0,0.0,94.44,1359477,3,1
Krunal Pandya,not out ,15,13.0,51,0.0,1.0,115.38,1359477,4,0
Marcus Stoinis,c Khan b Ahmed,12,10.0,13,0.0,1.0,120.00,1359477,5,1
Nicholas Pooran,c Shaw b Ahmed,36,21.0,24,2.0,3.0,171.42,1359477,6,1
Ayush Badoni,c Khan b Sakariya,18,7.0,10,1.0,2.0,257.14,1359477,7,1
Krishnappa Gowtham,not out ,6,1.0,2,0.0,1.0,600.00,1359477,8,0
Prabhsimran Singh,c Rahmanullah Gurbaz b Southee,23,12.0,10,2.0,2.0,191.66,1359476,1,1
Shikhar Dhawan, b Varun,40,29.0,75,6.0,0.0,137.93,1359476,2,1
Bhanuka Rajapaksa,c Singh b Yadav,50,32.0,47,5.0,2.0,156.25,1359476,3,1
Jitesh Sharma,c Yadav b Southee,21,11.0,13,1.0,2.0,190.90,1359476,4,1
Sikandar Raza,c Rana b Narine,16,13.0,22,1.0,1.0,123.07,1359476,5,1
Sam Curran,not out ,26,17.0,27,0.0,2.0,152.94,1359476,6,0
M Shahrukh Khan,not out ,11,7.0,11,2.0,0.0,157.14,1359476,7,0
Devon Conway, b Mohammed Shami,1,6.0,-,0.0,0.0,16.66,1359475,1,1
Ruturaj Gaikwad,c Shubman Gill b Joseph,92,50.0,-,4.0,9.0,184.00,1359475,2,1
Moeen Ali,c Saha b Rashid Khan,23,17.0,-,4.0,1.0,135.29,1359475,3,1
Ben Stokes,c Saha b Rashid Khan,7,6.0,-,1.0,0.0,116.66,1359475,4,1
Ambati Rayudu, b Little,12,12.0,-,0.0,1.0,100.00,1359475,5,1
Shivam Dube,c Rashid Khan b Mohammed Shami,19,18.0,-,0.0,1.0,105.55,1359475,6,1
Ravindra Jadeja,c Shankar b Joseph,1,2.0,-,0.0,0.0,50.00,1359475,7,1
MS Dhoni,not out ,14,7.0,-,1.0,1.0,200.00,1359475,8,0
Mitchell Santner,not out ,1,3.0,-,0.0,0.0,33.33,1359475,9,0
Ruturaj Gaikwad,c Rashid Khan b Noor Ahmad,26,16.0,30,3.0,1.0,162.50,1370353,1,1
Devon Conway,c Sharma b Noor Ahmad,47,25.0,34,4.0,2.0,188.00,1370353,2,1
Shivam Dube,not out ,32,21.0,49,0.0,2.0,152.38,1370353,3,0
Ajinkya Rahane,c Shankar b Sharma,27,13.0,20,2.0,2.0,207.69,1370353,4,1
Ambati Rayudu,c & b Sharma,19,8.0,8,1.0,2.0,237.50,1370353,5,1
MS Dhoni,c Miller b Sharma,0,1.0,1,0.0,0.0,0.00,1370353,6,1
Ravindra Jadeja,not out ,15,6.0,14,1.0,1.0,250.00,1370353,7,0
Rohit Sharma,c Little b Mohammed Shami,8,7.0,17,1.0,0.0,114.28,1370352,1,1
Nehal Wadhera,c Saha b Mohammed Shami,4,3.0,3,1.0,0.0,133.33,1370352,2,1
Cameron Green, b Little,30,20.0,54,2.0,2.0,150.00,1370352,3,1
Suryakumar Yadav, b Sharma,61,38.0,61,7.0,2.0,160.52,1370352,4,1
Tilak Varma, b Rashid Khan,43,14.0,17,5.0,3.0,307.14,1370352,5,1
Vishnu Vinod,c Pandya b Sharma,5,7.0,19,0.0,0.0,71.42,1370352,6,1
Tim David,lbw b Rashid Khan,2,3.0,6,0.0,0.0,66.66,1370352,7,1
Chris Jordan,c Sai Sudharsan b Sharma,2,5.0,7,0.0,0.0,40.00,1370352,8,1
Piyush Chawla,c Miller b Sharma,0,2.0,5,0.0,0.0,0.00,1370352,9,1
Kumar Kartikeya,c Miller b Sharma,6,7.0,10,1.0,0.0,85.71,1370352,10,1
Jason Behrendorff,not out ,3,5.0,8,0.0,0.0,60.00,1370352,11,0
Kyle Mayers,c Green b Jordan,18,13.0,18,3.0,0.0,138.46,1370351,1,1
Prerak Mankad,c Shokeen b Madhwal,3,6.0,9,0.0,0.0,50.00,1370351,2,1
Krunal Pandya,c David b Chawla,8,11.0,35,1.0,0.0,72.72,1370351,3,1
Marcus Stoinis,run out (David/Ishan Kishan),40,27.0,45,5.0,1.0,148.14,1370351,4,1
Ayush Badoni, b Madhwal,1,7.0,6,0.0,0.0,14.28,1370351,5,1
Nicholas Pooran,c Ishan Kishan b Madhwal,0,1.0,1,0.0,0.0,0.00,1370351,6,1
Deepak Hooda,run out (Green/Madhwal/Sharma),15,13.0,26,0.0,1.0,115.38,1370351,7,1
Krishnappa Gowtham,run out (Sharma),2,3.0,3,0.0,0.0,66.66,1370351,8,1
Ravi Bishnoi,c Jordan b Madhwal,3,6.0,8,0.0,0.0,50.00,1370351,9,1
Naveen-ul-Haq,not out ,1,5.0,10,0.0,0.0,20.00,1370351,10,0
Mohsin Khan, b Madhwal,0,7.0,8,0.0,0.0,0.00,1370351,11,1
Wriddhiman Saha,c Pathirana b Chahar,12,11.0,14,2.0,0.0,109.09,1370350,1,1
Shubman Gill,c Conway b Chahar,42,38.0,58,4.0,1.0,110.52,1370350,2,1
Hardik Pandya,c Jadeja b Theekshana,8,7.0,12,1.0,0.0,114.28,1370350,3,1
Dasun Shanaka,c Theekshana b Jadeja,17,16.0,12,1.0,1.0,106.25,1370350,4,1
David Miller, b Jadeja,4,6.0,11,0.0,0.0,66.66,1370350,5,1
Vijay Shankar,c Gaikwad b Pathirana,14,10.0,30,0.0,1.0,140.00,1370350,6,1
Rahul Tewatia, b Theekshana,3,5.0,8,0.0,0.0,60.00,1370350,7,1
Rashid Khan,c Conway b Deshpande,30,16.0,26,3.0,2.0,187.50,1370350,8,1
Darshan Nalkande,run out (sub [SP Senapati]),0,1.0,1,0.0,0.0,0.00,1370350,9,1
Noor Ahmad,not out ,7,5.0,14,1.0,0.0,140.00,1370350,10,0
Mohammed Shami,c Chahar b Pathirana,5,5.0,8,1.0,0.0,100.00,1370350,11,1
Wriddhiman Saha,c Parnell b Mohammed Siraj,12,14.0,15,2.0,0.0,85.71,1359544,1,1
Shubman Gill,not out ,104,52.0,97,5.0,8.0,200.00,1359544,2,0
Vijay Shankar,c Kohli b Vyshak,53,35.0,53,7.0,2.0,151.42,1359544,3,1
Dasun Shanaka,c sub (SS Prabhudessai) b Patel,0,3.0,5,0.0,0.0,0.00,1359544,4,1
David Miller,c sub (SS Prabhudessai) b Mohammed Siraj,6,7.0,12,1.0,0.0,85.71,1359544,5,1
Rahul Tewatia,not out ,4,5.0,12,0.0,0.0,80.00,1359544,6,0
Ishan Kishan,c Brook b Kumar,14,12.0,14,1.0,1.0,116.66,1359543,1,1
Rohit Sharma,c Nitish Kumar Reddy b Dagar,56,37.0,72,8.0,1.0,151.35,1359543,2,1
Cameron Green,not out ,100,47.0,85,8.0,8.0,212.76,1359543,3,0
Suryakumar Yadav,not out ,25,16.0,27,4.0,0.0,156.25,1359543,4,0
Jason Roy, b Pandya,45,28.0,44,7.0,1.0,160.71,1359542,1,1
Venkatesh Iyer,c Ravi Bishnoi b Gowtham,24,15.0,25,3.0,1.0,160.00,1359542,2,1
Nitish Rana,c Pandya b Ravi Bishnoi,8,10.0,13,1.0,0.0,80.00,1359542,3,1
Rahmanullah Gurbaz,c Ravi Bishnoi b Yash Thakur,10,15.0,25,0.0,0.0,66.66,1359542,4,1
Rinku Singh,not out ,67,33.0,62,6.0,4.0,203.03,1359542,5,0
Andre Russell, b Ravi Bishnoi,7,9.0,13,0.0,1.0,77.77,1359542,6,1
Shardul Thakur,c Mankad b Yash Thakur,3,7.0,14,0.0,0.0,42.85,1359542,7,1
Sunil Narine,run out (Naveen-ul-Haq/de Kock),1,2.0,4,0.0,0.0,50.00,1359542,8,1
Vaibhav Arora,not out ,1,1.0,15,0.0,0.0,100.00,1359542,9,0
Prithvi Shaw,c Rayudu b Deshpande,5,7.0,8,1.0,0.0,71.42,1359541,1,1
David Warner,c Gaikwad b Pathirana,86,58.0,92,7.0,5.0,148.27,1359541,2,1
Phil Salt,c Rahane b Chahar,3,6.0,17,0.0,0.0,50.00,1359541,3,1
Rilee Rossouw, b Chahar,0,1.0,2,0.0,0.0,0.00,1359541,4,1
Yash Dhull,c Deshpande b Jadeja,13,15.0,25,1.0,0.0,86.66,1359541,5,1
Axar Patel,c Gaikwad b Chahar,15,8.0,15,1.0,1.0,187.50,1359541,6,1
Aman Hakim Khan,c Ali b Pathirana,7,9.0,17,1.0,0.0,77.77,1359541,7,1
Lalit Yadav,c Ali b Theekshana,6,12.0,16,0.0,0.0,50.00,1359541,8,1
Anrich Nortje,not out ,0,1.0,10,0.0,0.0,0.00,1359541,9,0
Kuldeep Yadav,lbw b Theekshana,0,1.0,2,0.0,0.0,0.00,1359541,10,1
Chetan Sakariya,not out ,0,2.0,3,0.0,0.0,0.00,1359541,11,0
Yashasvi Jaiswal,c sub (R Dhawan) b Ellis,50,36.0,72,8.0,0.0,138.88,1359540,1,1
Jos Buttler,lbw b Rabada,0,4.0,7,0.0,0.0,0.00,1359540,2,1
Devdutt Padikkal,c Harpreet Brar b Arshdeep Singh,51,30.0,38,5.0,3.0,170.00,1359540,3,1
Sanju Samson,c sub (R Dhawan) b Chahar,2,3.0,6,0.0,0.0,66.66,1359540,4,1
Shimron Hetmyer,c Dhawan b Curran,46,28.0,50,4.0,3.0,164.28,1359540,5,1
Riyan Parag,c Taide b Rabada,20,12.0,21,1.0,2.0,166.66,1359540,6,1
Dhruv Jurel,not out ,10,4.0,11,0.0,1.0,250.00,1359540,7,0
Trent Boult,not out ,1,2.0,6,0.0,0.0,50.00,1359540,8,0
Virat Kohli,c Phillips b Kumar,100,63.0,82,12.0,4.0,158.73,1359539,1,1
Faf du Plessis,c Tripathi b Natarajan,71,47.0,86,7.0,2.0,151.06,1359539,2,1
Glenn Maxwell,not out ,5,3.0,11,1.0,0.0,166.66,1359539,3,0
Michael Bracewell,not out ,4,4.0,6,0.0,0.0,100.00,1359539,4,0
Prabhsimran Singh,c Dhull b Patel,22,19.0,40,4.0,0.0,115.78,1359538,1,1
Shikhar Dhawan,c Aman Hakim Khan b Sharma,0,1.0,9,0.0,0.0,0.00,1359538,2,1
Atharva Taide,retired out ,55,42.0,67,5.0,2.0,130.95,1359538,3,1
Liam Livingstone,c Patel b Sharma,94,48.0,69,5.0,9.0,195.83,1359538,4,1
Jitesh Sharma,c Ahmed b Nortje,0,3.0,4,0.0,0.0,0.00,1359538,5,1
M Shahrukh Khan,c Patel b Ahmed,6,3.0,7,0.0,1.0,200.00,1359538,6,1
Sam Curran, b Nortje,11,5.0,13,1.0,1.0,220.00,1359538,7,1
Harpreet Brar,run out (Salt/Nortje),0,1.0,3,0.0,0.0,0.00,1359538,8,1
Rahul Chahar,not out ,0,0.0,9,0.0,0.0,-,1359538,9,0
Ishan Kishan,c Naveen-ul-Haq b Ravi Bishnoi,59,39.0,54,8.0,1.0,151.28,1359537,1,1
Rohit Sharma,c Hooda b Ravi Bishnoi,37,25.0,47,1.0,3.0,148.00,1359537,2,1
Suryakumar Yadav, b Yash Thakur,7,9.0,22,0.0,0.0,77.77,1359537,3,1
Nehal Wadhera,c sub (K Gowtham) b Mohsin Khan,16,20.0,28,2.0,0.0,80.00,1359537,4,1
Tim David,not out ,32,19.0,41,1.0,3.0,168.42,1359537,5,0
Vishnu Vinod,c Pooran b Yash Thakur,2,4.0,9,0.0,0.0,50.00,1359537,6,1
Cameron Green,not out ,4,6.0,17,0.0,0.0,66.66,1359537,7,0
Anmolpreet Singh,c Rashid Khan b Mohammed Shami,5,4.0,5,1.0,0.0,125.00,1359536,1,1
Abhishek Sharma,c Saha b Yash Dayal,5,5.0,10,1.0,0.0,100.00,1359536,2,1
Aiden Markram,c Shanaka b Mohammed Shami,10,10.0,19,1.0,0.0,100.00,1359536,3,1
Rahul Tripathi,c Tewatia b Mohammed Shami,1,2.0,5,0.0,0.0,50.00,1359536,4,1
Heinrich Klaasen,c Miller b Mohammed Shami,64,44.0,73,4.0,3.0,145.45,1359536,5,1
Sanvir Singh,c Sai Sudharsan b Sharma,7,6.0,12,0.0,1.0,116.66,1359536,6,1
Abdul Samad,c sub (Shivam Mavi) b Sharma,4,3.0,5,1.0,0.0,133.33,1359536,7,1
Marco Jansen,c Pandya b Sharma,3,6.0,11,0.0,0.0,50.00,1359536,8,1
Bhuvneshwar Kumar,c Rashid Khan b Sharma,27,26.0,51,3.0,0.0,103.84,1359536,9,1
Mayank Markande,not out ,18,9.0,17,2.0,1.0,200.00,1359536,10,0
Fazalhaq Farooqi,not out ,1,5.0,5,0.0,0.0,20.00,1359536,11,0
Jason Roy,c Pathirana b Chahar,12,15.0,30,1.0,0.0,80.00,1359535,1,1
Rahmanullah Gurbaz,c Deshpande b Chahar,1,4.0,8,0.0,0.0,25.00,1359535,2,1
Venkatesh Iyer,c Jadeja b Chahar,9,4.0,11,2.0,0.0,225.00,1359535,3,1
Nitish Rana,not out ,57,44.0,72,6.0,1.0,129.54,1359535,4,0
Rinku Singh,run out (Ali),54,43.0,54,4.0,3.0,125.58,1359535,5,1
Andre Russell,not out ,2,2.0,9,0.0,0.0,100.00,1359535,6,0
Yashasvi Jaiswal,c Kohli b Mohammed Siraj,0,2.0,4,0.0,0.0,0.00,1359534,1,1
Jos Buttler,c Mohammed Siraj b Parnell,0,2.0,10,0.0,0.0,0.00,1359534,2,1
Sanju Samson,c Anuj Rawat b Parnell,4,5.0,10,1.0,0.0,80.00,1359534,3,1
Joe Root,lbw b Parnell,10,15.0,26,1.0,0.0,66.66,1359534,4,1
Devdutt Padikkal,c Mohammed Siraj b Bracewell,4,4.0,16,1.0,0.0,100.00,1359534,5,1
Shimron Hetmyer,c Bracewell b Maxwell,35,19.0,28,1.0,4.0,184.21,1359534,6,1
Dhruv Jurel,c Lomror b Bracewell,1,7.0,6,0.0,0.0,14.28,1359534,7,1
Ravichandran Ashwin,run out (Mohammed Siraj/Anuj Rawat),0,0.0,7,0.0,0.0,-,1359534,8,1
Adam Zampa, b Sharma,2,6.0,10,0.0,0.0,33.33,1359534,9,1
Sandeep Sharma,not out ,0,1.0,4,0.0,0.0,0.00,1359534,10,0
KM Asif,c Kohli b Sharma,0,2.0,3,0.0,0.0,0.00,1359534,11,1
David Warner,lbw b Harpreet Brar,54,27.0,49,10.0,1.0,200.00,1359533,1,1
Phil Salt, b Harpreet Brar,21,17.0,31,3.0,0.0,123.52,1359533,2,1
Mitchell Marsh,lbw b Chahar,3,4.0,7,0.0,0.0,75.00,1359533,3,1
Rilee Rossouw,c Sikandar Raza b Harpreet Brar,5,5.0,6,1.0,0.0,100.00,1359533,4,1
Axar Patel,lbw b Chahar,1,2.0,12,0.0,0.0,50.00,1359533,5,1
Manish Pandey, b Harpreet Brar,0,3.0,7,0.0,0.0,0.00,1359533,6,1
Aman Hakim Khan,c Harpreet Brar b Ellis,16,18.0,24,1.0,1.0,88.88,1359533,7,1
Praveen Dubey, b Ellis,16,20.0,29,2.0,0.0,80.00,1359533,8,1
Kuldeep Yadav,not out ,10,17.0,21,0.0,0.0,58.82,1359533,9,0
Mukesh Kumar,not out ,6,7.0,12,0.0,0.0,85.71,1359533,10,0
Kyle Mayers,c Markram b Phillips,2,14.0,16,0.0,0.0,14.28,1359532,1,1
Quinton de Kock,c Abhishek Sharma b Markande,29,19.0,39,3.0,1.0,152.63,1359532,2,1
Prerak Mankad,not out ,64,45.0,78,7.0,2.0,142.22,1359532,3,0
Marcus Stoinis,c Abdul Samad b Abhishek Sharma,40,25.0,34,2.0,3.0,160.00,1359532,4,1
Nicholas Pooran,not out ,44,13.0,22,3.0,4.0,338.46,1359532,5,0
Wriddhiman Saha,lbw b Madhwal,2,5.0,10,0.0,0.0,40.00,1359531,1,1
Shubman Gill, b Madhwal,6,9.0,20,0.0,0.0,66.66,1359531,2,1
Hardik Pandya,c Ishan Kishan b Behrendorff,4,3.0,5,1.0,0.0,133.33,1359531,3,1
Vijay Shankar, b Chawla,29,14.0,22,6.0,0.0,207.14,1359531,4,1
David Miller,lbw b Madhwal,41,26.0,47,4.0,2.0,157.69,1359531,5,1
Abhinav Manohar, b Kartikeya,2,3.0,5,0.0,0.0,66.66,1359531,6,1
Rahul Tewatia,c Green b Chawla,14,13.0,29,1.0,0.0,107.69,1359531,7,1
Rashid Khan,not out ,79,32.0,44,3.0,10.0,246.87,1359531,8,0
Noor Ahmad, b Kartikeya,1,3.0,5,0.0,0.0,33.33,1359531,9,1
Alzarri Joseph,not out ,7,12.0,37,1.0,0.0,58.33,1359531,10,0
Yashasvi Jaiswal,not out ,98,47.0,62,12.0,5.0,208.51,1359530,1,0
Jos Buttler,run out (Russell),0,3.0,10,0.0,0.0,0.00,1359530,2,1
Sanju Samson,not out ,48,29.0,53,2.0,5.0,165.51,1359530,3,0
David Warner,c Rahane b Chahar,0,2.0,2,0.0,0.0,0.00,1359529,1,1
Phil Salt,c Rayudu b Chahar,17,11.0,19,1.0,2.0,154.54,1359529,2,1
Mitchell Marsh,run out (Rahane),5,4.0,21,1.0,0.0,125.00,1359529,3,1
Manish Pandey,lbw b Pathirana,27,29.0,42,1.0,2.0,93.10,1359529,4,1
Rilee Rossouw,c Pathirana b Jadeja,35,37.0,44,2.0,1.0,94.59,1359529,5,1
Ripal Patel,run out (Ali),10,16.0,31,0.0,0.0,62.50,1359529,6,1
Axar Patel,c Rahane b Pathirana,21,12.0,20,2.0,1.0,175.00,1359529,7,1
Aman Hakim Khan,not out ,2,3.0,13,0.0,0.0,66.66,1359529,8,0
Lalit Yadav, b Pathirana,12,5.0,7,3.0,0.0,240.00,1359529,9,1
Kuldeep Yadav,not out ,0,1.0,1,0.0,0.0,0.00,1359529,10,0
Ishan Kishan,c Anuj Rawat b Hasaranga,42,21.0,24,4.0,4.0,200.00,1359528,1,1
Rohit Sharma,lbw b Hasaranga,7,8.0,27,1.0,0.0,87.50,1359528,2,1
Suryakumar Yadav,c Jadhav b Vyshak,83,35.0,60,7.0,6.0,237.14,1359528,3,1
Nehal Wadhera,not out ,52,34.0,61,4.0,3.0,152.94,1359528,4,0
Tim David,c Maxwell b Vyshak,0,1.0,2,0.0,0.0,0.00,1359528,5,1
Cameron Green,not out ,2,2.0,4,0.0,0.0,100.00,1359528,6,0
Jason Roy,c Shahrukh Khan b Harpreet Brar,38,24.0,40,8.0,0.0,158.33,1359527,1,1
Rahmanullah Gurbaz,lbw b Ellis,15,12.0,25,1.0,1.0,125.00,1359527,2,1
Nitish Rana,c Livingstone b Chahar,51,38.0,50,6.0,1.0,134.21,1359527,3,1
Venkatesh Iyer,c Livingstone b Chahar,11,13.0,28,0.0,0.0,84.61,1359527,4,1
Andre Russell,run out (Sharma/Arshdeep Singh),42,23.0,34,3.0,3.0,182.60,1359527,5,1
Rinku Singh,not out ,21,10.0,25,2.0,1.0,210.00,1359527,6,0
Shardul Thakur,not out ,0,0.0,1,0.0,0.0,-,1359527,7,0
Anmolpreet Singh,c Hetmyer b Chahal,33,25.0,26,4.0,1.0,132.00,1359526,1,1
Abhishek Sharma,c Chahal b R Ashwin,55,34.0,57,5.0,2.0,161.76,1359526,2,1
Rahul Tripathi,c Jaiswal b Chahal,47,29.0,57,2.0,3.0,162.06,1359526,3,1
Heinrich Klaasen,c Buttler b Chahal,26,12.0,15,2.0,2.0,216.66,1359526,4,1
Aiden Markram,lbw b Chahal,6,5.0,13,1.0,0.0,120.00,1359526,5,1
Glenn Phillips,c Hetmyer b Yadav,25,7.0,12,1.0,3.0,357.14,1359526,6,1
Abdul Samad,not out ,17,7.0,17,0.0,2.0,242.85,1359526,7,0
Marco Jansen,not out ,3,2.0,10,0.0,0.0,150.00,1359526,8,0
Kyle Mayers,c Rashid Khan b Sharma,48,32.0,46,7.0,2.0,150.00,1359525,1,1
Quinton de Kock, b Rashid Khan,70,41.0,88,7.0,3.0,170.73,1359525,2,1
Deepak Hooda,c Tewatia b Mohammed Shami,11,11.0,24,0.0,0.0,100.00,1359525,3,1
Marcus Stoinis,c Mohammed Shami b Sharma,4,9.0,15,0.0,0.0,44.44,1359525,4,1
Nicholas Pooran,c Mohammed Shami b Noor Ahmad,3,6.0,15,0.0,0.0,50.00,1359525,5,1
Ayush Badoni,c Noor Ahmad b Sharma,21,11.0,15,1.0,2.0,190.90,1359525,6,1
Swapnil Singh,not out ,2,4.0,14,0.0,0.0,50.00,1359525,7,0
Krunal Pandya,c Miller b Sharma,0,1.0,2,0.0,0.0,0.00,1359525,8,1
Ravi Bishnoi,not out ,4,5.0,5,1.0,0.0,80.00,1359525,9,0
David Warner,c du Plessis b Hazlewood,22,14.0,26,3.0,1.0,157.14,1359524,1,1
Phil Salt, b Sharma,87,45.0,76,8.0,6.0,193.33,1359524,2,1
Mitchell Marsh,c Lomror b Patel,26,17.0,22,3.0,1.0,152.94,1359524,3,1
Rilee Rossouw,not out ,35,22.0,34,1.0,3.0,159.09,1359524,4,0
Axar Patel,not out ,8,3.0,5,0.0,1.0,266.66,1359524,5,0
Ruturaj Gaikwad,c Ishan Kishan b Chawla,30,16.0,23,4.0,2.0,187.50,1359523,1,1
Devon Conway,lbw b Madhwal,44,42.0,83,4.0,0.0,104.76,1359523,2,1
Ajinkya Rahane,lbw b Chawla,21,17.0,23,1.0,1.0,123.52,1359523,3,1
Ambati Rayudu,c Goyal b Stubbs,12,11.0,16,0.0,1.0,109.09,1359523,4,1
Shivam Dube,not out ,26,18.0,27,0.0,3.0,144.44,1359523,5,0
MS Dhoni,not out ,2,3.0,7,0.0,0.0,66.66,1359523,6,0
Wriddhiman Saha,not out ,41,34.0,55,5.0,0.0,120.58,1359522,1,0
Shubman Gill,st Samson b Chahal,36,35.0,39,6.0,0.0,102.85,1359522,2,1
Hardik Pandya,not out ,39,15.0,17,3.0,3.0,260.00,1359522,3,0
Abhishek Sharma,c Russell b Thakur,9,10.0,25,1.0,0.0,90.00,1359521,1,1
Mayank Agarwal,c Rahmanullah Gurbaz b Harshit Rana,18,11.0,17,2.0,1.0,163.63,1359521,2,1
Rahul Tripathi,c Arora b Russell,20,9.0,17,3.0,1.0,222.22,1359521,3,1
Aiden Markram,c Singh b Arora,41,40.0,64,4.0,0.0,102.50,1359521,4,1
Harry Brook,lbw b AS Roy,0,4.0,6,0.0,0.0,0.00,1359521,5,1
Heinrich Klaasen,c Russell b Thakur,36,20.0,34,1.0,3.0,180.00,1359521,6,1
Abdul Samad,c AS Roy b Varun,21,18.0,34,3.0,0.0,116.66,1359521,7,1
Marco Jansen,c Rahmanullah Gurbaz b Arora,1,4.0,10,0.0,0.0,25.00,1359521,8,1
Bhuvneshwar Kumar,not out ,5,5.0,16,1.0,0.0,100.00,1359521,9,0
Mayank Markande,not out ,1,2.0,6,0.0,0.0,50.00,1359521,10,0
Rohit Sharma,c Short b R Dhawan,0,3.0,3,0.0,0.0,0.00,1359520,1,1
Ishan Kishan,c R Dhawan b Arshdeep Singh,75,41.0,80,7.0,4.0,182.92,1359520,2,1
Cameron Green,c Chahar b Ellis,23,18.0,29,4.0,0.0,127.77,1359520,3,1
Suryakumar Yadav,c Arshdeep Singh b Ellis,66,31.0,44,8.0,2.0,212.90,1359520,4,1
Tim David,not out ,19,10.0,21,3.0,0.0,190.00,1359520,5,0
Tilak Varma,not out ,26,10.0,15,1.0,3.0,260.00,1359520,6,0
Wriddhiman Saha,c Salt b Ahmed,0,6.0,6,0.0,0.0,0.00,1359518,1,1
Shubman Gill,c Pandey b Nortje,6,7.0,18,1.0,0.0,85.71,1359518,2,1
Hardik Pandya,not out ,59,53.0,94,7.0,0.0,111.32,1359518,3,0
Vijay Shankar, b Sharma,6,9.0,11,1.0,0.0,66.66,1359518,4,1
David Miller, b Kuldeep Yadav,0,3.0,9,0.0,0.0,0.00,1359518,5,1
Abhinav Manohar,c Aman Hakim Khan b Ahmed,26,33.0,44,0.0,1.0,78.78,1359518,6,1
Rahul Tewatia,c Rossouw b Sharma,20,7.0,19,0.0,3.0,285.71,1359518,7,1
Rashid Khan,not out ,3,2.0,3,0.0,0.0,150.00,1359518,8,0
Kyle Mayers,c Anuj Rawat b Mohammed Siraj,0,2.0,3,0.0,0.0,0.00,1359517,1,1
Ayush Badoni,c Kohli b Hazlewood,4,11.0,23,0.0,0.0,36.36,1359517,2,1
Krunal Pandya,c Kohli b Maxwell,14,11.0,17,3.0,0.0,127.27,1359517,3,1
Deepak Hooda,st Karthik b Hasaranga,1,2.0,13,0.0,0.0,50.00,1359517,4,1
Marcus Stoinis,c Prabhudessai b Sharma,13,19.0,31,0.0,1.0,68.42,1359517,5,1
Nicholas Pooran,c Lomror b Sharma,9,7.0,9,0.0,1.0,128.57,1359517,6,1
Krishnappa Gowtham,run out (sub [R Sonu Yadav]/Karthik),23,13.0,20,1.0,2.0,176.92,1359517,7,1
Ravi Bishnoi,run out (Patel/Karthik),5,10.0,19,0.0,0.0,50.00,1359517,8,1
Amit Mishra,c Karthik b Patel,19,30.0,42,2.0,0.0,63.33,1359517,9,1
Naveen-ul-Haq,c Karthik b Hazlewood,13,13.0,20,2.0,0.0,100.00,1359517,10,1
KL Rahul,not out ,0,3.0,7,0.0,0.0,0.00,1359517,11,0
Rohit Sharma, b Sandeep Sharma,3,5.0,12,0.0,0.0,60.00,1359516,1,1
Ishan Kishan,c Boult b Ashwin,28,23.0,44,4.0,0.0,121.73,1359516,2,1
Cameron Green,c Boult b Ashwin,44,26.0,47,4.0,2.0,169.23,1359516,3,1
Suryakumar Yadav,c Sandeep Sharma b Boult,55,29.0,49,8.0,2.0,189.65,1359516,4,1
Tilak Varma,not out ,29,21.0,63,3.0,1.0,138.09,1359516,5,0
Tim David,not out ,45,14.0,27,2.0,5.0,321.42,1359516,6,0
Prabhsimran Singh,st Dhoni b Jadeja,42,24.0,41,4.0,2.0,175.00,1359515,1,1
Shikhar Dhawan,c Pathirana b Deshpande,28,15.0,24,4.0,1.0,186.66,1359515,2,1
Atharva Taide,c & b Jadeja,13,17.0,26,0.0,0.0,76.47,1359515,3,1
Liam Livingstone,c Gaikwad b Deshpande,40,24.0,38,1.0,4.0,166.66,1359515,4,1
Sam Curran, b Pathirana,29,20.0,36,1.0,1.0,145.00,1359515,5,1
Jitesh Sharma,c sub (SK Rasheed) b Deshpande,21,10.0,21,2.0,1.0,210.00,1359515,6,1
M Shahrukh Khan,not out ,2,3.0,21,0.0,0.0,66.66,1359515,7,0
Sikandar Raza,not out ,13,7.0,9,1.0,0.0,185.71,1359515,8,0
David Warner, b Kumar,0,2.0,2,0.0,0.0,0.00,1359514,1,1
Phil Salt,c & b Markande,59,35.0,53,9.0,0.0,168.57,1359514,2,1
Mitchell Marsh,c Markram b Hosein,63,39.0,63,1.0,6.0,161.53,1359514,3,1
Manish Pandey,st Klaasen b Abhishek Sharma,1,3.0,5,0.0,0.0,33.33,1359514,4,1
Priyam Garg, b Markande,12,9.0,15,1.0,0.0,133.33,1359514,5,1
Sarfaraz Khan, b Natarajan,9,10.0,19,1.0,0.0,90.00,1359514,6,1
Axar Patel,not out ,29,14.0,24,1.0,2.0,207.14,1359514,7,0
Ripal Patel,not out ,11,8.0,16,1.0,0.0,137.50,1359514,8,0
Wriddhiman Saha,c Harshit Rana b Russell,10,10.0,21,1.0,0.0,100.00,1359513,1,1
Shubman Gill,c Russell b Narine,49,35.0,53,8.0,0.0,140.00,1359513,2,1
Hardik Pandya,lbw b Harshit Rana,26,20.0,28,2.0,1.0,130.00,1359513,3,1
Vijay Shankar,not out ,51,24.0,37,2.0,5.0,212.50,1359513,4,0
David Miller,not out ,32,18.0,32,2.0,2.0,177.77,1359513,5,0
Prabhsimran Singh,c sub (DR Sams) b Naveen-ul-Haq,9,13.0,24,2.0,0.0,69.23,1359512,1,1
Shikhar Dhawan,c Pandya b Stoinis,1,2.0,5,0.0,0.0,50.00,1359512,2,1
Atharva Taide,c & b Ravi Bishnoi,66,36.0,67,8.0,2.0,183.33,1359512,3,1
Sikandar Raza,c Pandya b Yash Thakur,36,22.0,41,4.0,1.0,163.63,1359512,4,1
Liam Livingstone,lbw b Ravi Bishnoi,23,14.0,19,2.0,1.0,164.28,1359512,5,1
Sam Curran,c Badoni b Naveen-ul-Haq,21,11.0,24,2.0,1.0,190.90,1359512,6,1
Jitesh Sharma,c Rahul b Yash Thakur,24,10.0,17,0.0,3.0,240.00,1359512,7,1
M Shahrukh Khan,c Ravi Bishnoi b Yash Thakur,6,9.0,18,0.0,0.0,66.66,1359512,8,1
Rahul Chahar,c Hooda b Yash Thakur,0,1.0,3,0.0,0.0,0.00,1359512,9,1
Kagiso Rabada, b Naveen-ul-Haq,0,1.0,5,0.0,0.0,0.00,1359512,10,1
Arshdeep Singh,not out ,2,2.0,6,0.0,0.0,100.00,1359512,11,0
Ruturaj Gaikwad,c Padikkal b Zampa,47,29.0,45,5.0,1.0,162.06,1359511,1,1
Devon Conway,c Sandeep Sharma b Zampa,8,16.0,28,1.0,0.0,50.00,1359511,2,1
Ajinkya Rahane,c Buttler b Ashwin,15,13.0,23,0.0,0.0,115.38,1359511,3,1
Shivam Dube,c Buttler b Yadav,52,33.0,52,2.0,4.0,157.57,1359511,4,1
Ambati Rayudu,c Holder b Ashwin,0,2.0,4,0.0,0.0,0.00,1359511,5,1
Moeen Ali,c Samson b Zampa,23,12.0,21,2.0,2.0,191.66,1359511,6,1
Ravindra Jadeja,not out ,23,15.0,27,3.0,0.0,153.33,1359511,7,0
Virat Kohli,c Iyer b Russell,54,37.0,59,6.0,0.0,145.94,1359510,1,1
Faf du Plessis,c Singh b Suyash Sharma,17,7.0,12,1.0,2.0,242.85,1359510,2,1
Shahbaz Ahmed,lbw b Suyash Sharma,2,5.0,11,0.0,0.0,40.00,1359510,3,1
Glenn Maxwell,c Wiese b Varun,5,4.0,6,1.0,0.0,125.00,1359510,4,1
Mahipal Lomror,c Russell b Varun,34,18.0,26,1.0,3.0,188.88,1359510,5,1
Dinesh Karthik,c Singh b Varun,22,18.0,33,1.0,1.0,122.22,1359510,6,1
Suyash Prabhudessai,run out (sub [AS Roy]/Suyash Sharma),10,9.0,15,1.0,0.0,111.11,1359510,7,1
Wanindu Hasaranga,c sub (AS Roy) b Russell,5,4.0,11,0.0,0.0,125.00,1359510,8,1
David Willey,not out ,11,10.0,16,1.0,0.0,110.00,1359510,9,0
Vijaykumar Vyshak,not out ,13,8.0,12,0.0,1.0,162.50,1359510,10,0
Rohit Sharma,c & b Pandya,2,8.0,10,0.0,0.0,25.00,1359509,1,1
Ishan Kishan,c Little b Rashid Khan,13,21.0,35,1.0,0.0,61.90,1359509,2,1
Cameron Green, b Noor Ahmad,33,26.0,43,0.0,3.0,126.92,1359509,3,1
Tilak Varma,lbw b Rashid Khan,2,3.0,6,0.0,0.0,66.66,1359509,4,1
Suryakumar Yadav,c & b Noor Ahmad,23,12.0,27,3.0,1.0,191.66,1359509,5,1
Tim David,c Manohar b Noor Ahmad,0,2.0,3,0.0,0.0,0.00,1359509,6,1
Nehal Wadhera,c Mohammed Shami b Sharma,40,21.0,38,3.0,3.0,190.47,1359509,7,1
Piyush Chawla,run out (Saha/Sharma),18,12.0,22,1.0,1.0,150.00,1359509,8,1
Arjun Tendulkar,c Little b Sharma,13,9.0,13,0.0,1.0,144.44,1359509,9,1
Jason Behrendorff,not out ,3,4.0,12,0.0,0.0,75.00,1359509,10,0
Riley Meredith,not out ,0,2.0,2,0.0,0.0,0.00,1359509,11,0
Harry Brook, b Nortje,7,14.0,26,0.0,0.0,50.00,1359508,1,1
Mayank Agarwal,c Aman Hakim Khan b AR Patel,49,39.0,56,7.0,0.0,125.64,1359508,2,1
Rahul Tripathi,c Salt b Sharma,15,21.0,37,0.0,0.0,71.42,1359508,3,1
Abhishek Sharma,c & b Kuldeep Yadav,5,5.0,13,0.0,0.0,100.00,1359508,4,1
Aiden Markram, b AR Patel,3,5.0,11,0.0,0.0,60.00,1359508,5,1
Heinrich Klaasen,c Aman Hakim Khan b Nortje,31,19.0,25,3.0,1.0,163.15,1359508,6,1
Washington Sundar,not out ,24,15.0,30,3.0,0.0,160.00,1359508,7,0
Marco Jansen,not out ,2,3.0,11,0.0,0.0,66.66,1359508,8,0
Narayan Jagadeesan,c Jadeja b Deshpande,1,3.0,9,0.0,0.0,33.33,1359507,1,1
Sunil Narine, b Akash Singh,0,3.0,4,0.0,0.0,0.00,1359507,2,1
Venkatesh Iyer,lbw b Ali,20,20.0,35,2.0,1.0,100.00,1359507,3,1
Nitish Rana,c Gaikwad b Jadeja,27,20.0,38,4.0,1.0,135.00,1359507,4,1
Jason Roy, b Theekshana,61,26.0,35,5.0,5.0,234.61,1359507,5,1
Rinku Singh,not out ,53,33.0,62,3.0,4.0,160.60,1359507,6,0
Andre Russell,c Dube b Pathirana,9,6.0,14,0.0,1.0,150.00,1359507,7,1
David Wiese,lbw b Deshpande,1,2.0,6,0.0,0.0,50.00,1359507,8,1
Umesh Yadav,c Conway b Theekshana,4,4.0,8,0.0,0.0,100.00,1359507,9,1
Varun Chakravarthy,not out ,0,3.0,9,0.0,0.0,0.00,1359507,10,0
Yashasvi Jaiswal,c Kohli b Patel,47,37.0,63,5.0,2.0,127.02,1359506,1,1
Jos Buttler, b Mohammed Siraj,0,2.0,4,0.0,0.0,0.00,1359506,2,1
Devdutt Padikkal,c Kohli b Willey,52,34.0,48,7.0,1.0,152.94,1359506,3,1
Sanju Samson,c Shahbaz Ahmed b Patel,22,15.0,22,2.0,1.0,146.66,1359506,4,1
Shimron Hetmyer,run out (Prabhudessai),3,9.0,30,0.0,0.0,33.33,1359506,5,1
Dhruv Jurel,not out ,34,16.0,35,2.0,2.0,212.50,1359506,6,0
Ravichandran Ashwin,c Prabhudessai b Patel,12,6.0,14,2.0,0.0,200.00,1359506,7,1
Abdul Basith,not out ,1,1.0,2,0.0,0.0,100.00,1359506,8,0
Rohit Sharma,c & b Livingstone,44,27.0,42,4.0,3.0,162.96,1359505,1,1
Ishan Kishan,c Short b Arshdeep Singh,1,4.0,7,0.0,0.0,25.00,1359505,2,1
Cameron Green,c Curran b Ellis,67,43.0,64,6.0,3.0,155.81,1359505,3,1
Suryakumar Yadav,c Taide b Arshdeep Singh,57,26.0,42,7.0,3.0,219.23,1359505,4,1
Tim David,not out ,25,13.0,34,0.0,2.0,192.30,1359505,5,0
Tilak Varma, b Arshdeep Singh,3,4.0,14,0.0,0.0,75.00,1359505,6,1
Nehal Wadhera, b Arshdeep Singh,0,1.0,2,0.0,0.0,0.00,1359505,7,1
Jofra Archer,not out ,1,2.0,4,0.0,0.0,50.00,1359505,8,0
KL Rahul,c Yadav b Sharma,68,61.0,94,8.0,0.0,111.47,1359504,1,1
Kyle Mayers, b Rashid Khan,24,19.0,31,2.0,1.0,126.31,1359504,2,1
Krunal Pandya,st Saha b Noor Ahmad,23,23.0,36,2.0,1.0,100.00,1359504,3,1
Nicholas Pooran,c Pandya b Noor Ahmad,1,7.0,10,0.0,0.0,14.28,1359504,4,1
Ayush Badoni,run out (Shankar/Sharma),8,6.0,22,0.0,0.0,133.33,1359504,5,1
Marcus Stoinis,c Miller b Sharma,0,1.0,2,0.0,0.0,0.00,1359504,6,1
Deepak Hooda,run out (Rashid Khan/Saha),2,2.0,4,0.0,0.0,100.00,1359504,7,1
Prerak Mankad,not out ,0,0.0,4,0.0,0.0,-,1359504,8,0
Ravi Bishnoi,not out ,0,1.0,1,0.0,0.0,0.00,1359504,9,0
Ruturaj Gaikwad,run out (Umran Malik),35,30.0,50,2.0,0.0,116.66,1359503,1,1
Devon Conway,not out ,77,57.0,84,12.0,1.0,135.08,1359503,2,0
Ajinkya Rahane,c Markram b Markande,9,10.0,15,0.0,0.0,90.00,1359503,3,1
Ambati Rayudu, b Markande,9,9.0,11,1.0,0.0,100.00,1359503,4,1
Moeen Ali,not out ,6,6.0,9,1.0,0.0,100.00,1359503,5,0
David Warner,lbw b Varun,57,41.0,58,11.0,0.0,139.02,1359502,1,1
Prithvi Shaw, b Varun,13,11.0,22,2.0,0.0,118.18,1359502,2,1
Mitchell Marsh,c sub (D Wiese) b Rana,2,9.0,14,0.0,0.0,22.22,1359502,3,1
Phil Salt,c & b AS Roy,5,3.0,6,1.0,0.0,166.66,1359502,4,1
Manish Pandey,c Singh b AS Roy,21,23.0,34,2.0,0.0,91.30,1359502,5,1
Axar Patel,not out ,19,22.0,37,1.0,0.0,86.36,1359502,6,0
Aman Hakim Khan, b Rana,0,2.0,4,0.0,0.0,0.00,1359502,7,1
Lalit Yadav,not out ,4,7.0,21,0.0,0.0,57.14,1359502,8,0
Atharva Taide,lbw b Mohammed Siraj,4,2.0,5,1.0,0.0,200.00,1359501,1,1
Prabhsimran Singh, b Parnell,46,30.0,59,3.0,4.0,153.33,1359501,2,1
Matthew Short, b Hasaranga,8,7.0,9,0.0,1.0,114.28,1359501,3,1
Liam Livingstone,lbw b Mohammed Siraj,2,4.0,7,0.0,0.0,50.00,1359501,4,1
Harpreet Singh,run out (Mohammed Siraj),13,9.0,12,1.0,1.0,144.44,1359501,5,1
Sam Curran,run out (Hasaranga),10,12.0,18,1.0,0.0,83.33,1359501,6,1
Jitesh Sharma,c Shahbaz Ahmed b Patel,41,27.0,48,2.0,3.0,151.85,1359501,7,1
M Shahrukh Khan,st Karthik b Hasaranga,7,5.0,9,0.0,1.0,140.00,1359501,8,1
Harpreet Brar, b Mohammed Siraj,13,13.0,22,1.0,0.0,100.00,1359501,9,1
Nathan Ellis, b Mohammed Siraj,1,2.0,5,0.0,0.0,50.00,1359501,10,1
Arshdeep Singh,not out ,0,0.0,3,0.0,0.0,-,1359501,11,0
Yashasvi Jaiswal,c Avesh Khan b Stoinis,44,35.0,60,4.0,2.0,125.71,1359500,1,1
Jos Buttler,c Ravi Bishnoi b Stoinis,40,41.0,73,4.0,1.0,97.56,1359500,2,1
Sanju Samson,run out (Mishra/Pooran),2,4.0,8,0.0,0.0,50.00,1359500,3,1
Devdutt Padikkal,c Pooran b Avesh Khan,26,21.0,36,4.0,0.0,123.80,1359500,4,1
Shimron Hetmyer,c Rahul b Avesh Khan,2,5.0,12,0.0,0.0,40.00,1359500,5,1
Riyan Parag,not out ,15,12.0,24,1.0,1.0,125.00,1359500,6,0
Dhruv Jurel,c Hooda b Avesh Khan,0,1.0,2,0.0,0.0,0.00,1359500,7,1
Ravichandran Ashwin,not out ,3,2.0,3,0.0,0.0,150.00,1359500,8,0
Harry Brook,c Yadav b Behrendorff,9,7.0,8,2.0,0.0,128.57,1359499,1,1
Mayank Agarwal,c David b Meredith,48,41.0,76,4.0,1.0,117.07,1359499,2,1
Rahul Tripathi,c Ishan Kishan b Behrendorff,7,5.0,13,1.0,0.0,140.00,1359499,3,1
Aiden Markram,c Shokeen b Green,22,17.0,26,1.0,1.0,129.41,1359499,4,1
Abhishek Sharma,c David b Chawla,1,2.0,5,0.0,0.0,50.00,1359499,5,1
Heinrich Klaasen,c David b Chawla,36,16.0,24,4.0,2.0,225.00,1359499,6,1
Abdul Samad,run out (Shokeen/Ishan Kishan),9,12.0,34,1.0,0.0,75.00,1359499,7,1
Marco Jansen,c David b Meredith,13,6.0,11,3.0,0.0,216.66,1359499,8,1
Washington Sundar,run out (David),10,6.0,8,2.0,0.0,166.66,1359499,9,1
Bhuvneshwar Kumar,c Sharma b Tendulkar,2,5.0,16,0.0,0.0,40.00,1359499,10,1
Mayank Markande,not out ,2,2.0,4,0.0,0.0,100.00,1359499,11,0
Virat Kohli, b Akash Singh,6,4.0,3,1.0,0.0,150.00,1359498,1,1
Faf du Plessis,c Dhoni b Ali,62,33.0,64,5.0,4.0,187.87,1359498,2,1
Mahipal Lomror,c Gaikwad b Deshpande,0,5.0,7,0.0,0.0,0.00,1359498,3,1
Glenn Maxwell,c Dhoni b Theekshana,76,36.0,46,3.0,8.0,211.11,1359498,4,1
Shahbaz Ahmed,c Gaikwad b Pathirana,12,10.0,29,0.0,1.0,120.00,1359498,5,1
Dinesh Karthik,c Theekshana b Deshpande,28,14.0,15,3.0,1.0,200.00,1359498,6,1
Suyash Prabhudessai,c Jadeja b Pathirana,19,11.0,20,0.0,2.0,172.72,1359498,7,1
Wayne Parnell,c Dube b Deshpande,2,5.0,7,0.0,0.0,40.00,1359498,8,1
Wanindu Hasaranga,not out ,2,2.0,10,0.0,0.0,100.00,1359498,9,0
Yashasvi Jaiswal,c Shubman Gill b Pandya,1,7.0,9,0.0,0.0,14.28,1359497,1,1
Jos Buttler, b Mohammed Shami,0,5.0,14,0.0,0.0,0.00,1359497,2,1
Devdutt Padikkal,c Sharma b Rashid Khan,26,25.0,38,2.0,2.0,104.00,1359497,3,1
Sanju Samson,c Miller b Noor Ahmad,60,32.0,61,3.0,6.0,187.50,1359497,4,1
Riyan Parag,c Miller b Rashid Khan,5,7.0,10,0.0,0.0,71.42,1359497,5,1
Shimron Hetmyer,not out ,56,26.0,44,2.0,5.0,215.38,1359497,6,0
Dhruv Jurel,c Sharma b Mohammed Shami,18,10.0,19,2.0,1.0,180.00,1359497,7,1
Ravichandran Ashwin,c Tewatia b Mohammed Shami,10,3.0,4,1.0,1.0,333.33,1359497,8,1
Trent Boult,not out ,0,1.0,3,0.0,0.0,0.00,1359497,9,0
Rohit Sharma,c Yadav b Suyash Sharma,20,13.0,25,1.0,2.0,153.84,1359496,1,1
Ishan Kishan, b Varun,58,25.0,39,5.0,5.0,232.00,1359496,2,1
Suryakumar Yadav,c Rahmanullah Gurbaz b Thakur,43,25.0,63,4.0,3.0,172.00,1359496,3,1
Tilak Varma, b Suyash Sharma,30,25.0,32,3.0,1.0,120.00,1359496,4,1
Tim David,not out ,24,13.0,27,1.0,2.0,184.61,1359496,5,0
Nehal Wadhera,c Rahmanullah Gurbaz b Ferguson,6,4.0,7,1.0,0.0,150.00,1359496,6,1
Cameron Green,not out ,1,1.0,3,0.0,0.0,100.00,1359496,7,0
Atharva Taide,c Avesh Khan b Yudhvir Singh,0,3.0,3,0.0,0.0,0.00,1359495,1,1
Prabhsimran Singh, b Yudhvir Singh,4,4.0,12,1.0,0.0,100.00,1359495,2,1
Matthew Short,c Stoinis b Gowtham,34,22.0,30,5.0,1.0,154.54,1359495,3,1
Harpreet Singh,c sub (PN Mankad) b Pandya,22,22.0,41,3.0,0.0,100.00,1359495,4,1
Sikandar Raza,c Stoinis b Ravi Bishnoi,57,41.0,62,4.0,3.0,139.02,1359495,5,1
Sam Curran,c Pandya b Ravi Bishnoi,6,6.0,15,1.0,0.0,100.00,1359495,6,1
Jitesh Sharma,c Rahul b Wood,2,4.0,10,0.0,0.0,50.00,1359495,7,1
M Shahrukh Khan,not out ,23,10.0,26,1.0,2.0,230.00,1359495,8,0
Harpreet Brar,c Pooran b Wood,6,4.0,10,1.0,0.0,150.00,1359495,9,1
Kagiso Rabada,not out ,0,1.0,4,0.0,0.0,0.00,1359495,10,0
David Warner,c Kohli b Vyshak,19,13.0,33,4.0,0.0,146.15,1359494,1,1
Prithvi Shaw,run out (Anuj Rawat),0,2.0,4,0.0,0.0,0.00,1359494,2,1
Mitchell Marsh,c Kohli b Parnell,0,4.0,7,0.0,0.0,0.00,1359494,3,1
Yash Dhull,lbw b Mohammed Siraj,1,4.0,6,0.0,0.0,25.00,1359494,4,1
Manish Pandey,lbw b Hasaranga,50,38.0,59,5.0,1.0,131.57,1359494,5,1
Abishek Porel,c Parnell b Patel,5,8.0,17,0.0,0.0,62.50,1359494,6,1
Axar Patel,c Mohammed Siraj b Vyshak,21,14.0,18,3.0,0.0,150.00,1359494,7,1
Aman Hakim Khan,c Kohli b Mohammed Siraj,18,10.0,27,1.0,1.0,180.00,1359494,8,1
Lalit Yadav,c Maxwell b Vyshak,4,7.0,10,0.0,0.0,57.14,1359494,9,1
Anrich Nortje,not out ,23,14.0,19,4.0,0.0,164.28,1359494,10,0
Kuldeep Yadav,not out ,7,6.0,10,1.0,0.0,116.66,1359494,11,0
Rahmanullah Gurbaz,c Umran Malik b Kumar,0,3.0,3,0.0,0.0,0.00,1359493,1,1
Narayan Jagadeesan,c sub (GD Phillips) b Markande,36,21.0,41,5.0,1.0,171.42,1359493,2,1
Venkatesh Iyer,c Markram b Jansen,10,11.0,15,2.0,0.0,90.90,1359493,3,1
Sunil Narine,c Markram b Jansen,0,1.0,2,0.0,0.0,0.00,1359493,4,1
Nitish Rana,c Washington Sundar b Natarajan,75,41.0,67,5.0,6.0,182.92,1359493,5,1
Andre Russell,c Jansen b Markande,3,6.0,10,0.0,0.0,50.00,1359493,6,1
Rinku Singh,not out ,58,31.0,51,4.0,4.0,187.09,1359493,7,0
Shardul Thakur,c Washington Sundar b Umran Malik,12,7.0,15,2.0,0.0,171.42,1359493,8,1
Umesh Yadav,not out ,1,1.0,4,0.0,0.0,100.00,1359493,9,0
Wriddhiman Saha,c Short b Rabada,30,19.0,-,5.0,0.0,157.89,1359492,1,1
Shubman Gill, b Curran,67,49.0,-,7.0,1.0,136.73,1359492,2,1
Sai Sudharsan,c Prabhsimran Singh b Arshdeep Singh,19,20.0,-,2.0,0.0,95.00,1359492,3,1
Hardik Pandya,c Curran b Harpreet Brar,8,11.0,-,1.0,0.0,72.72,1359492,4,1
David Miller,not out ,17,18.0,-,1.0,0.0,94.44,1359492,5,0
Rahul Tewatia,not out ,5,2.0,-,1.0,0.0,250.00,1359492,6,0
Ruturaj Gaikwad,c Jaiswal b Sandeep Sharma,8,10.0,14,1.0,0.0,80.00,1359491,1,1
Devon Conway,c Jaiswal b Chahal,50,38.0,82,6.0,0.0,131.57,1359491,2,1
Ajinkya Rahane,lbw b Ashwin,31,19.0,38,2.0,1.0,163.15,1359491,3,1
Shivam Dube,lbw b Ashwin,8,9.0,13,1.0,0.0,88.88,1359491,4,1
Moeen Ali,c Sandeep Sharma b Zampa,7,10.0,12,0.0,0.0,70.00,1359491,5,1
Ambati Rayudu,c Hetmyer b Chahal,1,2.0,4,0.0,0.0,50.00,1359491,6,1
Ravindra Jadeja,not out ,25,15.0,35,1.0,2.0,166.66,1359491,7,0
MS Dhoni,not out ,32,17.0,30,1.0,3.0,188.23,1359491,8,0
Rohit Sharma,c Abishek Porel b Mustafizur Rahman,65,45.0,86,6.0,4.0,144.44,1359490,1,1
Ishan Kishan,run out (Mukesh Kumar/Lalit Yadav),31,26.0,32,6.0,0.0,119.23,1359490,2,1
Tilak Varma,c Pandey b Mukesh Kumar,41,29.0,42,1.0,4.0,141.37,1359490,3,1
Suryakumar Yadav,c Kuldeep Yadav b Mukesh Kumar,0,1.0,3,0.0,0.0,0.00,1359490,4,1
Tim David,not out ,13,11.0,27,0.0,1.0,118.18,1359490,5,0
Cameron Green,not out ,17,8.0,20,1.0,1.0,212.50,1359490,6,0
Kyle Mayers, b Mohammed Siraj,0,3.0,5,0.0,0.0,0.00,1359489,1,1
KL Rahul,c Kohli b Mohammed Siraj,18,20.0,61,1.0,0.0,90.00,1359489,2,1
Deepak Hooda,c Karthik b Parnell,9,10.0,19,1.0,0.0,90.00,1359489,3,1
Krunal Pandya,c Karthik b Parnell,0,2.0,3,0.0,0.0,0.00,1359489,4,1
Marcus Stoinis,c Shahbaz Ahmed b Sharma,65,30.0,32,6.0,5.0,216.66,1359489,5,1
Nicholas Pooran,c Shahbaz Ahmed b Mohammed Siraj,62,19.0,38,4.0,7.0,326.31,1359489,6,1
Ayush Badoni,hit wicket b Parnell,30,24.0,45,4.0,0.0,125.00,1359489,7,1
Jaydev Unadkat,c du Plessis b Patel,9,7.0,19,1.0,0.0,128.57,1359489,8,1
Mark Wood, b Patel,1,2.0,6,0.0,0.0,50.00,1359489,9,1
Ravi Bishnoi,not out ,3,2.0,8,0.0,0.0,150.00,1359489,10,0
Avesh Khan,not out ,0,1.0,3,0.0,0.0,0.00,1359489,11,0
Harry Brook, b Arshdeep Singh,13,14.0,18,3.0,0.0,92.85,1359488,1,1
Mayank Agarwal,c Curran b Chahar,21,20.0,38,3.0,0.0,105.00,1359488,2,1
Rahul Tripathi,not out ,74,48.0,61,10.0,3.0,154.16,1359488,3,0
Aiden Markram,not out ,37,21.0,41,6.0,0.0,176.19,1359488,4,0
Rahmanullah Gurbaz,c Yash Dayal b Mohammed Shami,15,12.0,13,1.0,1.0,125.00,1359487,1,1
Narayan Jagadeesan,c Manohar b Little,6,8.0,21,1.0,0.0,75.00,1359487,2,1
Venkatesh Iyer,c Shubman Gill b Joseph,83,40.0,64,8.0,5.0,207.50,1359487,3,1
Nitish Rana,c Mohammed Shami b Joseph,45,29.0,42,4.0,3.0,155.17,1359487,4,1
Rinku Singh,not out ,48,21.0,43,1.0,6.0,228.57,1359487,5,0
Andre Russell,c sub (KS Bharat) b Rashid Khan,1,2.0,6,0.0,0.0,50.00,1359487,6,1
Sunil Narine,c sub (J Yadav) b Rashid Khan,0,1.0,2,0.0,0.0,0.00,1359487,7,1
Shardul Thakur,lbw b Rashid Khan,0,1.0,3,0.0,0.0,0.00,1359487,8,1
Umesh Yadav,not out ,5,6.0,19,0.0,0.0,83.33,1359487,9,0
Devon Conway, b Behrendorff,0,4.0,4,0.0,0.0,0.00,1359486,1,1
Ruturaj Gaikwad,not out ,40,36.0,80,2.0,1.0,111.11,1359486,2,0
Ajinkya Rahane,c Yadav b Chawla,61,27.0,33,7.0,3.0,225.92,1359486,3,1
Shivam Dube, b Kartikeya,28,26.0,28,2.0,1.0,107.69,1359486,4,1
Ambati Rayudu,not out ,20,16.0,16,3.0,0.0,125.00,1359486,5,0
Prithvi Shaw,c Samson b Boult,0,3.0,4,0.0,0.0,0.00,1359485,1,1
David Warner,lbw b Chahal,65,55.0,102,7.0,0.0,118.18,1359485,2,1
Manish Pandey,lbw b Boult,0,1.0,3,0.0,0.0,0.00,1359485,3,1
Rilee Rossouw,c Jaiswal b R Ashwin,14,12.0,24,2.0,0.0,116.66,1359485,4,1
Lalit Yadav, b Boult,38,24.0,35,5.0,0.0,158.33,1359485,5,1
Axar Patel,st Samson b Chahal,2,6.0,12,0.0,0.0,33.33,1359485,6,1
Rovman Powell,c Hetmyer b R Ashwin,2,2.0,6,0.0,0.0,100.00,1359485,7,1
Abishek Porel,c Hetmyer b Chahal,7,9.0,18,1.0,0.0,77.77,1359485,8,1
Kuldeep Yadav,not out ,3,7.0,9,0.0,0.0,42.85,1359485,9,0
Anrich Nortje, b Sandeep Sharma,0,1.0,3,0.0,0.0,0.00,1359485,10,1
Mukesh Kumar,not out ,1,1.0,3,0.0,0.0,100.00,1359485,11,0
Kyle Mayers,c Agarwal b Fazalhaq Farooqi,13,14.0,22,2.0,0.0,92.85,1359484,1,1
KL Rahul,lbw b Rashid,35,31.0,74,4.0,0.0,112.90,1359484,2,1
Deepak Hooda,c & b Kumar,7,8.0,10,0.0,1.0,87.50,1359484,3,1
Krunal Pandya,c Anmolpreet Singh b Umran Malik,34,23.0,33,4.0,1.0,147.82,1359484,4,1
Marcus Stoinis,not out ,10,13.0,22,2.0,0.0,76.92,1359484,5,0
Romario Shepherd,lbw b Rashid,0,1.0,3,0.0,0.0,0.00,1359484,6,1
Nicholas Pooran,not out ,11,6.0,7,1.0,1.0,183.33,1359484,7,0
Virat Kohli, b Narine,21,18.0,20,3.0,0.0,116.66,1359483,1,1
Faf du Plessis, b Varun,23,12.0,24,2.0,2.0,191.66,1359483,2,1
Michael Bracewell,c Rana b Thakur,19,18.0,33,1.0,1.0,105.55,1359483,3,1
Glenn Maxwell, b Varun,5,7.0,9,1.0,0.0,71.42,1359483,4,1
Harshal Patel, b Varun,0,2.0,3,0.0,0.0,0.00,1359483,5,1
Shahbaz Ahmed,c Thakur b Narine,1,5.0,6,0.0,0.0,20.00,1359483,6,1
Dinesh Karthik,c Varun b Suyash Sharma,9,8.0,23,1.0,0.0,112.50,1359483,7,1
Anuj Rawat,c Narine b Suyash Sharma,1,5.0,5,0.0,0.0,20.00,1359483,8,1
David Willey,not out ,20,20.0,28,2.0,0.0,100.00,1359483,9,0
Karn Sharma,c Rana b Suyash Sharma,1,3.0,11,0.0,0.0,33.33,1359483,10,1
Akash Deep,c & b Varun,17,8.0,14,2.0,1.0,212.50,1359483,11,1
Yashasvi Jaiswal,c sub (MW Short) b Arshdeep Singh,11,8.0,12,1.0,1.0,137.50,1359482,1,1
Ravichandran Ashwin,c S Dhawan b Arshdeep Singh,0,4.0,23,0.0,0.0,0.00,1359482,2,1
Jos Buttler,c & b Ellis,19,11.0,24,1.0,1.0,172.72,1359482,3,1
Sanju Samson,c sub (MW Short) b Ellis,42,25.0,39,5.0,1.0,168.00,1359482,4,1
Devdutt Padikkal, b Ellis,21,26.0,47,1.0,0.0,80.76,1359482,5,1
Riyan Parag,c Shahrukh Khan b Ellis,20,12.0,16,1.0,2.0,166.66,1359482,6,1
Shimron Hetmyer,run out (Shahrukh Khan/Curran),36,18.0,35,1.0,3.0,200.00,1359482,7,1
Dhruv Jurel,not out ,32,15.0,32,3.0,2.0,213.33,1359482,8,0
Jason Holder,not out ,1,1.0,4,0.0,0.0,100.00,1359482,9,0
Wriddhiman Saha, b Nortje,14,7.0,9,2.0,1.0,200.00,1359481,1,1
Shubman Gill, b Nortje,14,13.0,19,3.0,0.0,107.69,1359481,2,1
Sai Sudharsan,not out ,62,48.0,92,4.0,2.0,129.16,1359481,3,0
Hardik Pandya,c Abishek Porel b Ahmed,5,4.0,12,1.0,0.0,125.00,1359481,4,1
Vijay Shankar,lbw b Marsh,29,23.0,40,3.0,0.0,126.08,1359481,5,1
David Miller,not out ,31,16.0,28,2.0,2.0,193.75,1359481,6,0
KL Rahul,c Gaikwad b Ali,20,18.0,42,2.0,0.0,111.11,1359480,1,1
Kyle Mayers,c Conway b Ali,53,22.0,35,8.0,2.0,240.90,1359480,2,1
Deepak Hooda,c Stokes b Santner,2,6.0,6,0.0,0.0,33.33,1359480,3,1
Krunal Pandya,c Jadeja b Ali,9,9.0,14,0.0,1.0,100.00,1359480,4,1
Marcus Stoinis, b Ali,21,18.0,26,0.0,1.0,116.66,1359480,5,1
Nicholas Pooran,c Stokes b Deshpande,32,18.0,28,2.0,3.0,177.77,1359480,6,1
Ayush Badoni,c Dhoni b Deshpande,23,18.0,38,0.0,0.0,127.77,1359480,7,1
Krishnappa Gowtham,not out ,17,11.0,26,0.0,1.0,154.54,1359480,8,0
Mark Wood,not out ,10,3.0,2,1.0,1.0,333.33,1359480,9,0
Virat Kohli,not out ,82,49.0,75,6.0,5.0,167.34,1359479,1,0
Faf du Plessis,c David b Arshad Khan,73,43.0,66,5.0,6.0,169.76,1359479,2,1
Dinesh Karthik,c Tilak Varma b Green,0,3.0,6,0.0,0.0,0.00,1359479,3,1
Glenn Maxwell,not out ,12,3.0,5,0.0,2.0,400.00,1359479,4,0
Abhishek Sharma, b Boult,0,3.0,3,0.0,0.0,0.00,1359478,1,1
Mayank Agarwal,c Buttler b Chahal,27,23.0,56,3.0,0.0,117.39,1359478,2,1
Rahul Tripathi,c Holder b Boult,0,2.0,6,0.0,0.0,0.00,1359478,3,1
Harry Brook, b Chahal,13,21.0,28,1.0,0.0,61.90,1359478,4,1
Washington Sundar,c Hetmyer b Holder,1,5.0,10,0.0,0.0,20.00,1359478,5,1
Glenn Phillips,c Asif b Ashwin,8,6.0,6,0.0,1.0,133.33,1359478,6,1
Abdul Samad,not out ,32,32.0,51,2.0,1.0,100.00,1359478,7,0
Adil Rashid,st Samson b Chahal,18,13.0,17,1.0,1.0,138.46,1359478,8,1
Bhuvneshwar Kumar, b Chahal,6,10.0,20,0.0,0.0,60.00,1359478,9,1
Umran Malik,not out ,19,8.0,12,1.0,2.0,237.50,1359478,10,0
Prithvi Shaw, b Wood,12,9.0,24,2.0,0.0,133.33,1359477,1,1
David Warner,c Gowtham b Avesh Khan,56,48.0,87,7.0,0.0,116.66,1359477,2,1
Mitchell Marsh, b Wood,0,1.0,2,0.0,0.0,0.00,1359477,3,1
Sarfaraz Khan,c Gowtham b Wood,4,9.0,16,1.0,0.0,44.44,1359477,4,1
Rilee Rossouw,c Mayers b Ravi Bishnoi,30,20.0,24,3.0,1.0,150.00,1359477,5,1
Rovman Powell,lbw b Ravi Bishnoi,1,3.0,11,0.0,0.0,33.33,1359477,6,1
Aman Hakim Khan,c Pooran b Avesh Khan,4,5.0,11,0.0,0.0,80.00,1359477,7,1
Axar Patel,c sub (PN Mankad) b Wood,16,11.0,21,1.0,1.0,145.45,1359477,8,1
Kuldeep Yadav,not out ,6,10.0,22,0.0,0.0,60.00,1359477,9,0
Chetan Sakariya,c Pandya b Wood,4,4.0,5,1.0,0.0,100.00,1359477,10,1
Mukesh Kumar,not out ,0,1.0,1,0.0,0.0,0.00,1359477,11,0
Mandeep Singh,c Curran b Arshdeep Singh,2,4.0,7,0.0,0.0,50.00,1359476,1,1
Rahmanullah Gurbaz, b Ellis,22,16.0,26,3.0,1.0,137.50,1359476,2,1
Anukul Roy,c Sikandar Raza b Arshdeep Singh,4,5.0,5,1.0,0.0,80.00,1359476,3,1
Venkatesh Iyer,c Chahar b Arshdeep Singh,34,28.0,66,3.0,1.0,121.42,1359476,4,1
Nitish Rana,c Chahar b Sikandar Raza,24,17.0,23,3.0,1.0,141.17,1359476,5,1
Rinku Singh,c Sikandar Raza b Chahar,4,4.0,5,0.0,0.0,100.00,1359476,6,1
Andre Russell,c Sikandar Raza b Curran,35,19.0,24,3.0,2.0,184.21,1359476,7,1
Shardul Thakur,not out ,8,3.0,8,0.0,1.0,266.66,1359476,8,0
Sunil Narine,not out ,7,2.0,4,0.0,1.0,350.00,1359476,9,0
Wriddhiman Saha,c Dube b Hangargekar,25,16.0,-,2.0,2.0,156.25,1359475,1,1
Shubman Gill,c Gaikwad b Deshpande,63,36.0,-,6.0,3.0,175.00,1359475,2,1
Sai Sudharsan,c Dhoni b Hangargekar,22,17.0,-,3.0,0.0,129.41,1359475,3,1
Hardik Pandya, b Jadeja,8,11.0,-,0.0,0.0,72.72,1359475,4,1
Vijay Shankar,c Santner b Hangargekar,27,21.0,-,2.0,1.0,128.57,1359475,5,1
Rahul Tewatia,not out ,15,14.0,-,1.0,1.0,107.14,1359475,6,0
Rashid Khan,not out ,10,3.0,-,1.0,1.0,333.33,1359475,7,0
