batsman,out,run,ball,minutes,4s,6s,sr,match_id,batting_position
Wriddhiman Saha †,c †Dhoni b Chahar,54,39,63,5,1,138.46,1370353,1
Shubman Gill ,st †Dhoni b Jadeja,39,20,34,7,0,195.00,1370353,2
Sai Sudharsan ,lbw b Pathirana,96,47,58,8,6,204.25,1370353,3
Hardik Pandya (c),not out ,21,12,32,0,2,175.00,1370353,4
Rashid Khan ,c Gaikwad b Pathirana,0,2,2,0,0,0.00,1370353,5
Extras,"(b 1, lb 1, w 2)",4,,,,,,1370353,6
TOTAL,20 Ov (RR: 10.70),214/4,,,,,,1370353,7
Wriddhiman Saha †,st †Ishan Kishan b Chawla,18,16,31,3,0,112.50,1370352,1
Shubman Gill ,c David b Madhwal,129,60,86,7,10,215.00,1370352,2
Sai Sudharsan ,retired out ,43,31,68,5,1,138.70,1370352,3
Hardik Pandya (c),not out ,28,13,20,2,2,215.38,1370352,4
Rashid Khan ,not out ,5,2,6,1,0,250.00,1370352,5
Extras,"(lb 2, nb 2, w 6)",10,,,,,,1370352,6
TOTAL,20 Ov (RR: 11.65),233/3,,,,,,1370352,7
Ishan Kishan †,c †Pooran b Yash Thakur,15,12,18,3,0,125.00,1370351,1
Rohit Sharma (c),c Badoni b Naveen-ul-Haq,11,10,11,1,1,110.00,1370351,2
Cameron Green , b Naveen-ul-Haq,41,23,38,6,1,178.26,1370351,3
Suryakumar Yadav ,c Gowtham b Naveen-ul-Haq,33,20,29,2,2,165.00,1370351,4
Tilak Varma ,c Hooda b Naveen-ul-Haq,26,22,43,0,2,118.18,1370351,5
Tim David ,c Hooda b Yash Thakur,13,13,29,1,0,100.00,1370351,6
Nehal Wadhera ,c Ravi Bishnoi b Yash Thakur,23,12,23,2,2,191.66,1370351,7
Chris Jordan ,c Hooda b Mohsin Khan,4,7,7,0,0,57.14,1370351,8
Hrithik Shokeen ,not out ,0,1,6,0,0,0.00,1370351,9
Extras,"(b 8, lb 2, w 6)",16,,,,,,1370351,10
TOTAL,20 Ov (RR: 9.10),182/8,,,,,,1370351,11
Ruturaj Gaikwad ,c Miller b Sharma,60,44,48,7,1,136.36,1370350,1
Devon Conway ,c Rashid Khan b Mohammed Shami,40,34,74,4,0,117.64,1370350,2
Shivam Dube , b Noor Ahmad,1,3,4,0,0,33.33,1370350,3
Ajinkya Rahane ,c Shubman Gill b Nalkande,17,10,15,0,1,170.00,1370350,4
Ambati Rayudu ,c Shanaka b Rashid Khan,17,9,15,1,1,188.88,1370350,5
Ravindra Jadeja , b Mohammed Shami,22,16,25,2,0,137.50,1370350,6
MS Dhoni (c)†,c Pandya b Sharma,1,2,4,0,0,50.00,1370350,7
Moeen Ali ,not out ,9,4,7,0,1,225.00,1370350,8
Extras,"(b 1, lb 2, nb 2)",5,,,,,,1370350,9
TOTAL,20 Ov (RR: 8.60),172/7,,,,,,1370350,10
Virat Kohli ,not out ,101,61,102,13,1,165.57,1359544,1
Faf du Plessis (c),c Tewatia b Noor Ahmad,28,19,35,5,0,147.36,1359544,2
Glenn Maxwell , b Rashid Khan,11,5,7,1,1,220.00,1359544,3
Mahipal Lomror ,st †Saha b Noor Ahmad,1,3,5,0,0,33.33,1359544,4
Michael Bracewell ,c & b Mohammed Shami,26,16,26,5,0,162.50,1359544,5
Dinesh Karthik ,c †Saha b Yash Dayal,0,1,2,0,0,0.00,1359544,6
Anuj Rawat †,not out ,23,15,30,1,1,153.33,1359544,7
Extras,"(lb 2, w 5)",7,,,,,,1359544,8
TOTAL,20 Ov (RR: 9.85),197/5,,,,,,1359544,9
Vivrant Sharma ,c sub (Ramandeep Singh) b Madhwal,69,47,69,9,2,146.80,1359543,1
Mayank Agarwal ,c †Ishan Kishan b Madhwal,83,46,84,8,4,180.43,1359543,2
Heinrich Klaasen †, b Madhwal,18,13,31,2,0,138.46,1359543,3
Glenn Phillips ,c Kartikeya b Jordan,1,4,8,0,0,25.00,1359543,4
Aiden Markram (c),not out ,13,7,19,0,1,185.71,1359543,5
Harry Brook , b Madhwal,0,1,2,0,0,0.00,1359543,6
Sanvir Singh ,not out ,4,3,8,1,0,133.33,1359543,7
Extras,"(lb 5, nb 1, w 6)",12,,,,,,1359543,8
TOTAL,20 Ov (RR: 10.00),200/5,,,,,,1359543,9
Karan Sharma ,c Thakur b Harshit Rana,3,5,15,0,0,60.00,1359542,1
Quinton de Kock †,c Russell b Varun,28,27,55,0,2,103.70,1359542,2
Prerak Mankad ,c Harshit Rana b Arora,26,20,22,5,0,130.00,1359542,3
Marcus Stoinis ,c Iyer b Arora,0,2,5,0,0,0.00,1359542,4
Krunal Pandya (c),c Singh b Narine,9,8,13,0,1,112.50,1359542,5
Ayush Badoni ,c Thakur b Narine,25,21,42,2,1,119.04,1359542,6
Nicholas Pooran ,c Iyer b Thakur,58,30,42,4,5,193.33,1359542,7
Krishnappa Gowtham ,not out ,11,4,9,1,1,275.00,1359542,8
Ravi Bishnoi , b Thakur,2,2,3,0,0,100.00,1359542,9
Naveen-ul-Haq ,not out ,2,3,3,0,0,66.66,1359542,10
Extras,"(b 4, lb 1, nb 2, w 5)",12,,,,,,1359542,11
TOTAL,20 Ov (RR: 8.80),176/8,,,,,,1359542,12
Ruturaj Gaikwad ,c Rossouw b Sakariya,79,50,68,3,7,158.00,1359541,1
Devon Conway ,c Aman Hakim Khan b Nortje,87,52,90,11,3,167.30,1359541,2
Shivam Dube ,c Lalit Yadav b Ahmed,22,9,21,0,3,244.44,1359541,3
MS Dhoni (c)†,not out ,5,4,14,0,0,125.00,1359541,4
Ravindra Jadeja ,not out ,20,7,12,3,1,285.71,1359541,5
Extras,"(lb 1, nb 2, w 7)",10,,,,,,1359541,6
TOTAL,20 Ov (RR: 11.15),223/3,,,,,,1359541,7
Prabhsimran Singh ,c & b Boult,2,2,3,0,0,100.00,1359540,1
Shikhar Dhawan (c),lbw b Zampa,17,12,31,2,1,141.66,1359540,2
Atharva Taide ,c Padikkal b Saini,19,12,19,3,1,158.33,1359540,3
Liam Livingstone , b Saini,9,13,16,1,0,69.23,1359540,4
Sam Curran ,not out ,49,31,72,4,2,158.06,1359540,5
Jitesh Sharma †,c sub (D Ferreira) b Saini,44,28,36,3,3,157.14,1359540,6
M Shahrukh Khan ,not out ,41,23,31,4,2,178.26,1359540,7
Extras,"(nb 1, w 5)",6,,,,,,1359540,8
TOTAL,20 Ov (RR: 9.35),187/5,,,,,,1359540,9
Abhishek Sharma ,c Lomror b Bracewell,11,14,22,2,0,78.57,1359539,1
Rahul Tripathi ,c Patel b Bracewell,15,12,25,2,1,125.00,1359539,2
Aiden Markram (c), b Shahbaz Ahmed,18,20,37,0,0,90.00,1359539,3
Heinrich Klaasen †, b Patel,104,51,62,8,6,203.92,1359539,4
Harry Brook ,not out ,27,19,37,2,1,142.10,1359539,5
Glenn Phillips ,c Parnell b Mohammed Siraj,5,4,10,1,0,125.00,1359539,6
Extras,"(b 1, w 5)",6,,,,,,1359539,7
TOTAL,20 Ov (RR: 9.30),186/5,,,,,,1359539,8
David Warner (c),c Dhawan b Curran,46,31,53,5,2,148.38,1359538,1
Prithvi Shaw ,c Taide b Curran,54,38,74,7,1,142.10,1359538,2
Rilee Rossouw ,not out ,82,37,44,6,6,221.62,1359538,3
Phil Salt †,not out ,26,14,21,2,2,185.71,1359538,4
Extras,(w 5),5,,,,,,1359538,5
TOTAL,20 Ov (RR: 10.65),213/2,,,,,,1359538,6
Deepak Hooda ,c David b Behrendorff,5,7,12,0,0,71.42,1359537,1
Quinton de Kock †,c †Ishan Kishan b Chawla,16,15,31,0,2,106.66,1359537,2
Prerak Mankad ,c †Ishan Kishan b Behrendorff,0,1,2,0,0,0.00,1359537,3
Krunal Pandya (c),retired hurt ,49,42,71,1,1,116.66,1359537,4
Marcus Stoinis ,not out ,89,47,80,4,8,189.36,1359537,5
Nicholas Pooran ,not out ,8,8,25,1,0,100.00,1359537,6
Extras,"(lb 5, w 5)",10,,,,,,1359537,7
TOTAL,20 Ov (RR: 8.85),177/3,,,,,,1359537,8
Wriddhiman Saha †,c Abhishek Sharma b Kumar,0,3,4,0,0,0.00,1359536,1
Shubman Gill ,c Abdul Samad b Kumar,101,58,100,13,1,174.13,1359536,2
Sai Sudharsan ,c Natarajan b Jansen,47,36,70,6,1,130.55,1359536,3
Hardik Pandya (c),c Tripathi b Kumar,8,6,7,1,0,133.33,1359536,4
David Miller ,c Markram b Natarajan,7,5,8,1,0,140.00,1359536,5
Rahul Tewatia ,c Jansen b Fazalhaq Farooqi,3,3,7,0,0,100.00,1359536,6
Dasun Shanaka ,not out ,9,7,12,1,0,128.57,1359536,7
Rashid Khan ,c †Klaasen b Kumar,0,1,2,0,0,0.00,1359536,8
Noor Ahmad ,run out (†Klaasen/Kumar),0,1,1,0,0,0.00,1359536,9
Mohammed Shami ,c Jansen b Kumar,0,1,3,0,0,0.00,1359536,10
Mohit Sharma ,not out ,0,1,1,0,0,0.00,1359536,11
Extras,"(b 1, nb 2, w 10)",13,,,,,,1359536,12
TOTAL,20 Ov (RR: 9.40),188/9,,,,,,1359536,13
Ruturaj Gaikwad ,c Arora b Varun,17,13,19,2,0,130.76,1359535,1
Devon Conway ,c Singh b Thakur,30,28,51,3,0,107.14,1359535,2
Ajinkya Rahane ,c Roy b Varun,16,11,24,1,1,145.45,1359535,3
Ambati Rayudu , b Narine,4,7,14,0,0,57.14,1359535,4
Shivam Dube ,not out ,48,34,55,1,3,141.17,1359535,5
Moeen Ali , b Narine,1,2,5,0,0,50.00,1359535,6
Ravindra Jadeja ,c Varun b Arora,20,24,43,0,1,83.33,1359535,7
MS Dhoni (c)†,not out ,2,3,4,0,0,66.66,1359535,8
Extras,"(nb 2, w 4)",6,,,,,,1359535,9
TOTAL,20 Ov (RR: 7.20),144/6,,,,,,1359535,10
Virat Kohli ,c Jaiswal b Asif,18,19,31,1,0,94.73,1359534,1
Faf du Plessis (c),c Jaiswal b Asif,55,44,65,3,2,125.00,1359534,2
Glenn Maxwell , b Sandeep Sharma,54,33,51,5,3,163.63,1359534,3
Mahipal Lomror ,c Jurel b Zampa,1,2,5,0,0,50.00,1359534,4
Dinesh Karthik †,lbw b Zampa,0,2,3,0,0,0.00,1359534,5
Michael Bracewell ,not out ,9,9,21,0,0,100.00,1359534,6
Anuj Rawat ,not out ,29,11,12,3,2,263.63,1359534,7
Extras,(w 5),5,,,,,,1359534,8
TOTAL,20 Ov (RR: 8.55),171/5,,,,,,1359534,9
Prabhsimran Singh , b Mukesh Kumar,103,65,87,10,6,158.46,1359533,1
Shikhar Dhawan (c),c Rossouw b Sharma,7,5,9,0,1,140.00,1359533,2
Liam Livingstone , b Sharma,4,5,15,1,0,80.00,1359533,3
Jitesh Sharma †, b Patel,5,5,8,1,0,100.00,1359533,4
Sam Curran ,c Aman Hakim Khan b Dubey,20,24,39,1,0,83.33,1359533,5
Harpreet Brar ,c Marsh b Kuldeep Yadav,2,5,9,0,0,40.00,1359533,6
M Shahrukh Khan ,run out (†Salt/Ahmed),2,4,22,0,0,50.00,1359533,7
Sikandar Raza ,not out ,11,7,11,0,1,157.14,1359533,8
Rishi Dhawan ,not out ,0,0,1,0,0,-,1359533,9
Extras,"(lb 2, w 11)",13,,,,,,1359533,10
TOTAL,20 Ov (RR: 8.35),167/7,,,,,,1359533,11
Anmolpreet Singh ,c & b Mishra,36,27,46,7,0,133.33,1359532,1
Abhishek Sharma ,c †de Kock b Yudhvir Singh,7,5,14,1,0,140.00,1359532,2
Rahul Tripathi ,c †de Kock b Yash Thakur,20,13,19,4,0,153.84,1359532,3
Aiden Markram (c),st †de Kock b Pandya,28,20,28,2,1,140.00,1359532,4
Heinrich Klaasen †,c Mankad b Avesh Khan,47,29,52,3,3,162.06,1359532,5
Glenn Phillips , b Pandya,0,1,2,0,0,0.00,1359532,6
Abdul Samad ,not out ,37,25,41,1,4,148.00,1359532,7
Bhuvneshwar Kumar ,not out ,2,1,6,0,0,200.00,1359532,8
Extras,"(lb 2, nb 1, w 2)",5,,,,,,1359532,9
TOTAL,20 Ov (RR: 9.10),182/6,,,,,,1359532,10
Ishan Kishan †,lbw b Rashid Khan,31,20,38,4,1,155.00,1359531,1
Rohit Sharma (c),c Tewatia b Rashid Khan,29,18,34,3,2,161.11,1359531,2
Suryakumar Yadav ,not out ,103,49,73,11,6,210.20,1359531,3
Nehal Wadhera , b Rashid Khan,15,7,12,1,1,214.28,1359531,4
Vishnu Vinod ,c Manohar b Sharma,30,20,36,2,2,150.00,1359531,5
Tim David ,c & b Rashid Khan,5,3,6,1,0,166.66,1359531,6
Cameron Green ,not out ,3,3,18,0,0,100.00,1359531,7
Extras,(lb 2),2,,,,,,1359531,8
TOTAL,20 Ov (RR: 10.90),218/5,,,,,,1359531,9
Jason Roy ,c Hetmyer b Boult,10,8,14,2,0,125.00,1359530,1
Rahmanullah Gurbaz †,c Sandeep Sharma b Boult,18,12,23,1,2,150.00,1359530,2
Venkatesh Iyer ,c Boult b Chahal,57,42,68,2,4,135.71,1359530,3
Nitish Rana (c),c Hetmyer b Chahal,22,17,26,2,0,129.41,1359530,4
Andre Russell ,c Ashwin b Asif,10,10,19,0,1,100.00,1359530,5
Rinku Singh ,c Root b Chahal,16,18,30,0,1,88.88,1359530,6
Shardul Thakur ,lbw b Chahal,1,2,5,0,0,50.00,1359530,7
Anukul Roy ,not out ,6,6,20,0,0,100.00,1359530,8
Sunil Narine ,c Root b Sandeep Sharma,6,5,9,1,0,120.00,1359530,9
Extras,"(lb 2, w 1)",3,,,,,,1359530,10
TOTAL,20 Ov (RR: 7.45),149/8,,,,,,1359530,11
Ruturaj Gaikwad ,c Aman Hakim Khan b AR Patel,24,18,39,4,0,133.33,1359529,1
Devon Conway ,lbw b AR Patel,10,13,28,1,0,76.92,1359529,2
Ajinkya Rahane ,c & b Lalit Yadav,21,20,31,2,0,105.00,1359529,3
Moeen Ali ,c Marsh b Kuldeep Yadav,7,12,13,0,0,58.33,1359529,4
Shivam Dube ,c Warner b Marsh,25,12,24,0,3,208.33,1359529,5
Ambati Rayudu ,c RV Patel b Ahmed,23,17,28,1,1,135.29,1359529,6
Ravindra Jadeja ,c AR Patel b Marsh,21,16,30,1,1,131.25,1359529,7
MS Dhoni (c)†,c Warner b Marsh,20,9,22,1,2,222.22,1359529,8
Deepak Chahar ,not out ,1,2,6,0,0,50.00,1359529,9
Tushar Deshpande ,not out ,0,1,2,0,0,0.00,1359529,10
Extras,"(b 1, lb 4, w 10)",15,,,,,,1359529,11
TOTAL,20 Ov (RR: 8.35),167/8,,,,,,1359529,12
Virat Kohli ,c †Ishan Kishan b Behrendorff,1,4,7,0,0,25.00,1359528,1
Faf du Plessis (c),c sub (Vishnu Vinod) b Green,65,41,78,5,3,158.53,1359528,2
Anuj Rawat ,c Green b Behrendorff,6,4,8,1,0,150.00,1359528,3
Glenn Maxwell ,c Wadhera b Behrendorff,68,33,53,8,4,206.06,1359528,4
Mahipal Lomror , b Kartikeya,1,3,6,0,0,33.33,1359528,5
Dinesh Karthik †,c Wadhera b Jordan,30,18,31,4,1,166.66,1359528,6
Kedar Jadhav ,not out ,12,10,33,1,0,120.00,1359528,7
Wanindu Hasaranga ,not out ,12,8,11,2,0,150.00,1359528,8
Extras,"(lb 1, nb 1, w 2)",4,,,,,,1359528,9
TOTAL,20 Ov (RR: 9.95),199/6,,,,,,1359528,10
Prabhsimran Singh ,c †Rahmanullah Gurbaz b Harshit Rana,12,8,11,3,0,150.00,1359527,1
Shikhar Dhawan (c),c Arora b Rana,57,47,80,9,1,121.27,1359527,2
Bhanuka Rajapaksa ,c †Rahmanullah Gurbaz b Harshit Rana,0,3,11,0,0,0.00,1359527,3
Liam Livingstone ,lbw b Varun,15,9,16,3,0,166.66,1359527,4
Jitesh Sharma †,c †Rahmanullah Gurbaz b Varun,21,18,34,0,2,116.66,1359527,5
Sam Curran ,c †Rahmanullah Gurbaz b Suyash Sharma,4,9,25,0,0,44.44,1359527,6
Rishi Dhawan , b Varun,19,11,12,1,1,172.72,1359527,7
M Shahrukh Khan ,not out ,21,8,20,3,1,262.50,1359527,8
Harpreet Brar ,not out ,17,9,17,2,1,188.88,1359527,9
Extras,"(b 4, lb 3, nb 2, w 4)",13,,,,,,1359527,10
TOTAL,20 Ov (RR: 8.95),179/7,,,,,,1359527,11
Yashasvi Jaiswal ,c Natarajan b Jansen,35,18,27,5,2,194.44,1359526,1
Jos Buttler ,lbw b Kumar,95,59,84,10,4,161.01,1359526,2
Sanju Samson (c)†,not out ,66,38,66,4,5,173.68,1359526,3
Shimron Hetmyer ,not out ,7,5,8,0,0,140.00,1359526,4
Extras,"(b 1, lb 5, w 5)",11,,,,,,1359526,5
TOTAL,20 Ov (RR: 10.70),214/2,,,,,,1359526,6
Wriddhiman Saha †,c sub (PN Mankad) b Avesh Khan,81,43,59,10,4,188.37,1359525,1
Shubman Gill ,not out ,94,51,96,2,7,184.31,1359525,2
Hardik Pandya (c),c Pandya b Mohsin Khan,25,15,20,1,2,166.66,1359525,3
David Miller ,not out ,21,12,19,2,1,175.00,1359525,4
Extras,"(lb 1, nb 1, w 4)",6,,,,,,1359525,5
TOTAL,20 Ov (RR: 11.35),227/2,,,,,,1359525,6
Virat Kohli ,c Ahmed b Mukesh Kumar,55,46,74,5,0,119.56,1359524,1
Faf du Plessis (c),c AR Patel b Marsh,45,32,46,5,1,140.62,1359524,2
Glenn Maxwell ,c †Salt b Marsh,0,1,2,0,0,0.00,1359524,3
Mahipal Lomror ,not out ,54,29,53,6,3,186.20,1359524,4
Dinesh Karthik †,c Warner b Ahmed,11,9,22,0,1,122.22,1359524,5
Anuj Rawat ,not out ,8,3,5,0,1,266.66,1359524,6
Extras,"(lb 2, w 6)",8,,,,,,1359524,7
TOTAL,20 Ov (RR: 9.05),181/4,,,,,,1359524,8
Cameron Green , b Deshpande,6,4,10,1,0,150.00,1359523,1
Ishan Kishan †,c Theekshana b Chahar,7,9,15,1,0,77.77,1359523,2
Rohit Sharma (c),c Jadeja b Chahar,0,3,9,0,0,0.00,1359523,3
Nehal Wadhera , b Pathirana,64,51,68,8,1,125.49,1359523,4
Suryakumar Yadav , b Jadeja,26,22,35,3,0,118.18,1359523,5
Tristan Stubbs ,c Jadeja b Pathirana,20,21,44,2,0,95.23,1359523,6
Tim David ,c Gaikwad b Deshpande,2,4,7,0,0,50.00,1359523,7
Arshad Khan ,c Gaikwad b Pathirana,1,2,6,0,0,50.00,1359523,8
Jofra Archer ,not out ,3,2,5,0,0,150.00,1359523,9
Piyush Chawla ,not out ,2,2,2,0,0,100.00,1359523,10
Extras,"(lb 5, w 3)",8,,,,,,1359523,11
TOTAL,20 Ov (RR: 6.95),139/8,,,,,,1359523,12
Yashasvi Jaiswal ,run out (Sharma/Rashid Khan),14,11,31,1,1,127.27,1359522,1
Jos Buttler ,c Sharma b Pandya,8,6,10,2,0,133.33,1359522,2
Sanju Samson (c)†,c Pandya b Little,30,20,27,3,1,150.00,1359522,3
Devdutt Padikkal , b Noor Ahmad,12,12,30,1,0,100.00,1359522,4
Ravichandran Ashwin , b Rashid Khan,2,6,6,0,0,33.33,1359522,5
Riyan Parag ,lbw b Rashid Khan,4,6,8,0,0,66.66,1359522,6
Shimron Hetmyer ,lbw b Rashid Khan,7,13,29,0,0,53.84,1359522,7
Dhruv Jurel ,lbw b Noor Ahmad,9,8,13,1,0,112.50,1359522,8
Trent Boult , b Mohammed Shami,15,11,15,1,1,136.36,1359522,9
Adam Zampa ,run out (Manohar),7,9,19,0,0,77.77,1359522,10
Sandeep Sharma ,not out ,2,5,8,0,0,40.00,1359522,11
Extras,"(lb 1, w 7)",8,,,,,,1359522,12
TOTAL,17.5 Ov (RR: 6.61),118,,,,,,1359522,13
Jason Roy ,c Agarwal b Kartik Tyagi,20,19,27,4,0,105.26,1359521,1
Rahmanullah Gurbaz †,c Brook b Jansen,0,1,7,0,0,0.00,1359521,2
Venkatesh Iyer ,c †Klaasen b Jansen,7,4,6,1,0,175.00,1359521,3
Nitish Rana (c),c & b Markram,42,31,46,3,3,135.48,1359521,4
Rinku Singh ,c Abdul Samad b Natarajan,46,35,67,4,1,131.42,1359521,5
Andre Russell ,c Natarajan b Markande,24,15,13,1,2,160.00,1359521,6
Sunil Narine ,c Agarwal b Kumar,1,2,6,0,0,50.00,1359521,7
Shardul Thakur ,c Abdul Samad b Natarajan,8,6,9,1,0,133.33,1359521,8
Anukul Roy ,not out ,13,7,11,2,0,185.71,1359521,9
Harshit Rana ,run out (†Klaasen/Natarajan),0,1,2,0,0,0.00,1359521,10
Vaibhav Arora ,not out ,2,1,2,0,0,200.00,1359521,11
Extras,"(lb 1, nb 2, w 5)",8,,,,,,1359521,12
TOTAL,20 Ov (RR: 8.55),171/9,,,,,,1359521,13
Prabhsimran Singh ,c †Ishan Kishan b Arshad Khan,9,7,8,1,0,128.57,1359520,1
Shikhar Dhawan (c),st †Ishan Kishan b Chawla,30,20,35,5,0,150.00,1359520,2
Matthew Short , b Chawla,27,26,46,2,1,103.84,1359520,3
Liam Livingstone ,not out ,82,42,65,7,4,195.23,1359520,4
Jitesh Sharma †,not out ,49,27,46,5,2,181.48,1359520,5
Extras,"(lb 5, nb 2, w 10)",17,,,,,,1359520,6
TOTAL,20 Ov (RR: 10.70),214/3,,,,,,1359520,7
Phil Salt †,c Miller b Mohammed Shami,0,1,2,0,0,0.00,1359518,1
David Warner (c),run out (Rashid Khan),2,2,10,0,0,100.00,1359518,2
Priyam Garg ,c †Saha b Mohammed Shami,10,14,26,0,0,71.42,1359518,3
Rilee Rossouw ,c †Saha b Mohammed Shami,8,6,9,2,0,133.33,1359518,4
Manish Pandey ,c †Saha b Mohammed Shami,1,4,7,0,0,25.00,1359518,5
Axar Patel ,c Rashid Khan b Sharma,27,30,43,2,1,90.00,1359518,6
Aman Hakim Khan ,c Manohar b Rashid Khan,51,44,62,3,3,115.90,1359518,7
Ripal Patel ,c Pandya b Sharma,23,13,32,2,1,176.92,1359518,8
Anrich Nortje ,not out ,3,6,8,0,0,50.00,1359518,9
Kuldeep Yadav ,not out ,0,1,1,0,0,0.00,1359518,10
Extras,"(lb 1, nb 1, w 3)",5,,,,,,1359518,11
TOTAL,20 Ov (RR: 6.50),130/8,,,,,,1359518,12
Virat Kohli ,st †Pooran b Ravi Bishnoi,31,30,42,3,0,103.33,1359517,1
Faf du Plessis (c),c Pandya b Mishra,44,40,83,1,1,110.00,1359517,2
Anuj Rawat ,c Mayers b Gowtham,9,11,13,0,0,81.81,1359517,3
Glenn Maxwell ,lbw b Ravi Bishnoi,4,5,8,0,0,80.00,1359517,4
Suyash Prabhudessai ,c Gowtham b Mishra,6,7,10,0,0,85.71,1359517,5
Dinesh Karthik †,run out (Yash Thakur),16,11,25,1,1,145.45,1359517,6
Mahipal Lomror ,lbw b Naveen-ul-Haq,3,4,7,0,0,75.00,1359517,7
Wanindu Hasaranga ,not out ,8,7,14,1,0,114.28,1359517,8
Karn Sharma ,c Gowtham b Naveen-ul-Haq,2,2,5,0,0,100.00,1359517,9
Mohammed Siraj ,c †Pooran b Naveen-ul-Haq,0,1,3,0,0,0.00,1359517,10
Josh Hazlewood ,not out ,1,2,3,0,0,50.00,1359517,11
Extras,(w 2),2,,,,,,1359517,12
TOTAL,20 Ov (RR: 6.30),126/9,,,,,,1359517,13
Yashasvi Jaiswal ,c & b Arshad Khan,124,62,112,16,8,200.00,1359516,1
Jos Buttler ,c sub (Ramandeep Singh) b Chawla,18,19,40,2,1,94.73,1359516,2
Sanju Samson (c)†,c Tilak Varma b Arshad Khan,14,10,15,1,1,140.00,1359516,3
Devdutt Padikkal , b Chawla,2,4,6,0,0,50.00,1359516,4
Jason Holder ,c David b Archer,11,9,18,0,1,122.22,1359516,5
Shimron Hetmyer ,c Yadav b Arshad Khan,8,9,14,0,1,88.88,1359516,6
Dhruv Jurel ,c Tilak Varma b Meredith,2,3,6,0,0,66.66,1359516,7
Ravichandran Ashwin ,not out ,8,5,20,1,0,160.00,1359516,8
Trent Boult ,not out ,0,0,4,0,0,-,1359516,9
Extras,"(b 1, lb 7, nb 1, w 16)",25,,,,,,1359516,10
TOTAL,20 Ov (RR: 10.60),212/7,,,,,,1359516,11
Ruturaj Gaikwad ,st †Sharma b Sikandar Raza,37,31,47,4,1,119.35,1359515,1
Devon Conway ,not out ,92,52,103,16,1,176.92,1359515,2
Shivam Dube ,c Shahrukh Khan b Arshdeep Singh,28,17,23,1,2,164.70,1359515,3
Moeen Ali ,st †Sharma b Chahar,10,6,12,2,0,166.66,1359515,4
Ravindra Jadeja ,c Livingstone b Curran,12,10,15,0,0,120.00,1359515,5
MS Dhoni (c)†,not out ,13,4,8,0,2,325.00,1359515,6
Extras,"(lb 1, w 7)",8,,,,,,1359515,7
TOTAL,20 Ov (RR: 10.00),200/4,,,,,,1359515,8
Abhishek Sharma ,c Warner b AR Patel,67,36,62,12,1,186.11,1359514,1
Mayank Agarwal ,c †Salt b Sharma,5,6,15,1,0,83.33,1359514,2
Rahul Tripathi ,c Pandey b Marsh,10,6,12,0,1,166.66,1359514,3
Aiden Markram (c),c AR Patel b Marsh,8,13,21,0,0,61.53,1359514,4
Harry Brook ,c AR Patel b Marsh,0,2,3,0,0,0.00,1359514,5
Heinrich Klaasen †,not out ,53,27,50,2,4,196.29,1359514,6
Abdul Samad ,c †Salt b Marsh,28,21,21,1,2,133.33,1359514,7
Akeal Hosein ,not out ,16,10,17,1,1,160.00,1359514,8
Extras,"(lb 1, nb 1, w 8)",10,,,,,,1359514,9
TOTAL,20 Ov (RR: 9.85),197/6,,,,,,1359514,10
Narayan Jagadeesan †,lbw b Mohammed Shami,19,15,16,4,0,126.66,1359513,1
Rahmanullah Gurbaz ,c Rashid Khan b Noor Ahmad,81,39,80,5,7,207.69,1359513,2
Shardul Thakur ,c Sharma b Mohammed Shami,0,4,13,0,0,0.00,1359513,3
Venkatesh Iyer ,lbw b Little,11,14,27,0,0,78.57,1359513,4
Nitish Rana (c),c Tewatia b Little,4,3,5,1,0,133.33,1359513,5
Rinku Singh ,c Little b Noor Ahmad,19,20,33,0,1,95.00,1359513,6
Andre Russell ,c Tewatia b Mohammed Shami,34,19,22,2,3,178.94,1359513,7
David Wiese ,not out ,8,6,13,0,1,133.33,1359513,8
Extras,(w 3),3,,,,,,1359513,9
TOTAL,20 Ov (RR: 8.95),179/7,,,,,,1359513,10
KL Rahul (c),c Shahrukh Khan b Rabada,12,9,19,1,1,133.33,1359512,1
Kyle Mayers ,c Dhawan b Rabada,54,24,31,7,4,225.00,1359512,2
Ayush Badoni ,c Chahar b Livingstone,43,24,49,3,3,179.16,1359512,3
Marcus Stoinis ,c †Sharma b Curran,72,40,63,6,5,180.00,1359512,4
Nicholas Pooran †,lbw b Arshdeep Singh,45,19,36,7,1,236.84,1359512,5
Deepak Hooda ,not out ,11,6,12,2,0,183.33,1359512,6
Krunal Pandya ,not out ,5,2,3,1,0,250.00,1359512,7
Extras,"(lb 6, nb 4, w 5)",15,,,,,,1359512,8
TOTAL,20 Ov (RR: 12.85),257/5,,,,,,1359512,9
Yashasvi Jaiswal ,c Rahane b Deshpande,77,43,67,8,4,179.06,1359511,1
Jos Buttler ,c Dube b Jadeja,27,21,40,4,0,128.57,1359511,2
Sanju Samson (c)†,c Gaikwad b Deshpande,17,17,21,1,0,100.00,1359511,3
Shimron Hetmyer , b Theekshana,8,10,16,0,0,80.00,1359511,4
Dhruv Jurel ,run out (†Dhoni),34,15,32,3,2,226.66,1359511,5
Devdutt Padikkal ,not out ,27,13,22,5,0,207.69,1359511,6
Ravichandran Ashwin ,not out ,1,1,3,0,0,100.00,1359511,7
Extras,"(b 4, lb 3, w 4)",11,,,,,,1359511,8
TOTAL,20 Ov (RR: 10.10),202/5,,,,,,1359511,9
Jason Roy , b Vyshak,56,29,50,4,5,193.10,1359510,1
Narayan Jagadeesan †,c Willey b Vyshak,27,29,44,4,0,93.10,1359510,2
Venkatesh Iyer ,c Maxwell b Hasaranga,31,26,44,3,0,119.23,1359510,3
Nitish Rana (c),c Vyshak b Hasaranga,48,21,28,3,4,228.57,1359510,4
Andre Russell , b Mohammed Siraj,1,2,10,0,0,50.00,1359510,5
Rinku Singh ,not out ,18,10,12,2,1,180.00,1359510,6
David Wiese ,not out ,12,3,5,0,2,400.00,1359510,7
Extras,"(lb 2, w 5)",7,,,,,,1359510,8
TOTAL,20 Ov (RR: 10.00),200/5,,,,,,1359510,9
Wriddhiman Saha †,c †Ishan Kishan b Tendulkar,4,7,13,0,0,57.14,1359509,1
Shubman Gill ,c Yadav b Kartikeya,56,34,57,7,1,164.70,1359509,2
Hardik Pandya (c),c Yadav b Chawla,13,14,23,1,0,92.85,1359509,3
Vijay Shankar ,c David b Chawla,19,16,27,1,1,118.75,1359509,4
David Miller ,c Yadav b Behrendorff,46,22,47,2,4,209.09,1359509,5
Abhinav Manohar ,c Behrendorff b Meredith,42,21,30,3,3,200.00,1359509,6
Rahul Tewatia ,not out ,20,5,13,0,3,400.00,1359509,7
Rashid Khan ,not out ,2,1,2,0,0,200.00,1359509,8
Extras,(w 5),5,,,,,,1359509,9
TOTAL,20 Ov (RR: 10.35),207/6,,,,,,1359509,10
David Warner (c),c Brook b Washington Sundar,21,20,39,2,1,105.00,1359508,1
Phil Salt †,c †Klaasen b Kumar,0,1,4,0,0,0.00,1359508,2
Mitchell Marsh ,lbw b Natarajan,25,15,22,5,0,166.66,1359508,3
Sarfaraz Khan ,c Kumar b Washington Sundar,10,9,16,0,1,111.11,1359508,4
Manish Pandey ,run out (Washington Sundar/†Klaasen),34,27,53,2,0,125.92,1359508,5
Aman Hakim Khan ,c Abhishek Sharma b Washington Sundar,4,2,3,1,0,200.00,1359508,6
Axar Patel , b Kumar,34,34,43,4,0,100.00,1359508,7
Ripal Patel ,run out (†Klaasen),5,6,13,0,0,83.33,1359508,8
Anrich Nortje ,run out (Umran Malik/†Klaasen),2,2,7,0,0,100.00,1359508,9
Kuldeep Yadav ,not out ,4,3,5,1,0,133.33,1359508,10
Ishant Sharma ,not out ,1,1,2,0,0,100.00,1359508,11
Extras,"(lb 2, w 2)",4,,,,,,1359508,12
TOTAL,20 Ov (RR: 7.20),144/9,,,,,,1359508,13
Ruturaj Gaikwad , b Suyash Sharma,35,20,35,2,3,175.00,1359507,1
Devon Conway ,c Wiese b Varun,56,40,56,4,3,140.00,1359507,2
Ajinkya Rahane ,not out ,71,29,70,6,5,244.82,1359507,3
Shivam Dube ,c Roy b Khejroliya,50,21,31,2,5,238.09,1359507,4
Ravindra Jadeja ,c Singh b Khejroliya,18,8,13,0,2,225.00,1359507,5
MS Dhoni (c)†,not out ,2,3,4,0,0,66.66,1359507,6
Extras,"(nb 1, w 2)",3,,,,,,1359507,7
TOTAL,20 Ov (RR: 11.75),235/4,,,,,,1359507,8
Virat Kohli (c),lbw b Boult,0,1,2,0,0,0.00,1359506,1
Faf du Plessis ,run out (Jaiswal),62,39,71,8,2,158.97,1359506,2
Shahbaz Ahmed ,c Jaiswal b Boult,2,4,10,0,0,50.00,1359506,3
Glenn Maxwell ,c Holder b Ashwin,77,44,66,6,4,175.00,1359506,4
Mahipal Lomror ,c Padikkal b Chahal,8,6,16,1,0,133.33,1359506,5
Dinesh Karthik †,c Buttler b Sandeep Sharma,16,13,28,2,0,123.07,1359506,6
Suyash Prabhudessai ,run out (Jaiswal/†Samson),0,2,5,0,0,0.00,1359506,7
Wanindu Hasaranga ,run out (†Samson/Sandeep Sharma),6,7,14,0,0,85.71,1359506,8
David Willey ,not out ,4,2,8,1,0,200.00,1359506,9
Vijaykumar Vyshak ,c Hetmyer b Sandeep Sharma,0,1,2,0,0,0.00,1359506,10
Mohammed Siraj ,not out ,1,1,4,0,0,100.00,1359506,11
Extras,"(lb 3, w 10)",13,,,,,,1359506,12
TOTAL,20 Ov (RR: 9.45),189/9,,,,,,1359506,13
Matthew Short ,c Chawla b Green,11,10,15,2,0,110.00,1359505,1
Prabhsimran Singh ,lbw b Tendulkar,26,17,37,1,2,152.94,1359505,2
Atharva Taide , b Chawla,29,17,38,3,1,170.58,1359505,3
Liam Livingstone ,st †Ishan Kishan b Chawla,10,12,12,0,1,83.33,1359505,4
Harpreet Singh , b Green,41,28,47,4,2,146.42,1359505,5
Sam Curran (c),c & b Archer,55,29,51,5,4,189.65,1359505,6
Jitesh Sharma †, b Behrendorff,25,7,12,0,4,357.14,1359505,7
M Shahrukh Khan ,not out ,0,0,6,0,0,-,1359505,8
Harpreet Brar ,run out (Tilak Varma/†Ishan Kishan),5,2,3,1,0,250.00,1359505,9
Extras,"(lb 3, nb 2, w 7)",12,,,,,,1359505,10
TOTAL,20 Ov (RR: 10.70),214/8,,,,,,1359505,11
Wriddhiman Saha †,c Hooda b Pandya,47,37,51,6,0,127.02,1359504,1
Shubman Gill ,c Ravi Bishnoi b Pandya,0,2,9,0,0,0.00,1359504,2
Hardik Pandya (c),c Rahul b Stoinis,66,50,89,2,4,132.00,1359504,3
Abhinav Manohar ,c Naveen-ul-Haq b Mishra,3,5,7,0,0,60.00,1359504,4
Vijay Shankar , b Naveen-ul-Haq,10,12,17,1,0,83.33,1359504,5
David Miller ,c Hooda b Stoinis,6,12,28,0,0,50.00,1359504,6
Rahul Tewatia ,not out ,2,2,4,0,0,100.00,1359504,7
Extras,(lb 1),1,,,,,,1359504,8
TOTAL,20 Ov (RR: 6.75),135/6,,,,,,1359504,9
Harry Brook ,c Gaikwad b Akash Singh,18,13,23,3,0,138.46,1359503,1
Abhishek Sharma ,c Rahane b Jadeja,34,26,43,3,1,130.76,1359503,2
Rahul Tripathi ,c Akash Singh b Jadeja,21,21,31,1,1,100.00,1359503,3
Aiden Markram (c),c †Dhoni b Theekshana,12,12,15,1,0,100.00,1359503,4
Heinrich Klaasen †,c Gaikwad b Pathirana,17,16,27,1,0,106.25,1359503,5
Mayank Agarwal ,st †Dhoni b Jadeja,2,4,6,0,0,50.00,1359503,6
Marco Jansen ,not out ,17,22,29,1,0,77.27,1359503,7
Washington Sundar ,run out (†Dhoni),9,6,14,1,0,150.00,1359503,8
Extras,"(lb 2, w 2)",4,,,,,,1359503,9
TOTAL,20 Ov (RR: 6.70),134/7,,,,,,1359503,10
Jason Roy ,c Aman Hakim Khan b Kuldeep Yadav,43,39,74,5,1,110.25,1359502,1
Litton Das †,c Lalit Yadav b Mukesh Kumar,4,4,13,1,0,100.00,1359502,2
Venkatesh Iyer ,c Marsh b Nortje,0,2,9,0,0,0.00,1359502,3
Nitish Rana (c),c Mukesh Kumar b Sharma,4,7,11,1,0,57.14,1359502,4
Mandeep Singh , b Patel,12,11,16,0,1,109.09,1359502,5
Rinku Singh ,c Lalit Yadav b Patel,6,8,9,1,0,75.00,1359502,6
Sunil Narine ,c Warner b Sharma,4,6,6,1,0,66.66,1359502,7
Andre Russell ,not out ,38,31,49,1,4,122.58,1359502,8
Anukul Roy ,lbw b Kuldeep Yadav,0,1,2,0,0,0.00,1359502,9
Umesh Yadav ,c & b Nortje,3,5,5,0,0,60.00,1359502,10
Varun Chakravarthy ,run out (sub [YV Dhull]/†Salt),1,6,28,0,0,16.66,1359502,11
Extras,"(lb 1, w 11)",12,,,,,,1359502,12
TOTAL,20 Ov (RR: 6.35),127,,,,,,1359502,13
Virat Kohli (c),c †Sharma b Harpreet Brar,59,47,72,5,1,125.53,1359501,1
Faf du Plessis ,c Curran b Ellis,84,56,78,5,5,150.00,1359501,2
Glenn Maxwell ,c Taide b Harpreet Brar,0,1,1,0,0,0.00,1359501,3
Dinesh Karthik †,c Taide b Arshdeep Singh,7,5,16,1,0,140.00,1359501,4
Mahipal Lomror ,not out ,7,9,15,1,0,77.77,1359501,5
Shahbaz Ahmed ,not out ,5,3,5,0,0,166.66,1359501,6
Extras,"(lb 8, nb 1, w 3)",12,,,,,,1359501,7
TOTAL,20 Ov (RR: 8.70),174/4,,,,,,1359501,8
KL Rahul (c),c Buttler b Holder,39,32,51,4,1,121.87,1359500,1
Kyle Mayers , b Ashwin,51,42,69,4,3,121.42,1359500,2
Ayush Badoni , b Boult,1,4,6,0,0,25.00,1359500,3
Deepak Hooda ,c Hetmyer b Ashwin,2,4,7,0,0,50.00,1359500,4
Marcus Stoinis ,c †Samson b Sandeep Sharma,21,16,31,2,0,131.25,1359500,5
Nicholas Pooran †,run out (†Samson),29,20,27,2,1,145.00,1359500,6
Krunal Pandya ,not out ,4,2,4,1,0,200.00,1359500,7
Yudhvir Singh ,run out (Hetmyer/†Samson),1,1,2,0,0,100.00,1359500,8
Extras,"(lb 4, nb 1, w 1)",6,,,,,,1359500,9
TOTAL,20 Ov (RR: 7.70),154/7,,,,,,1359500,10
Rohit Sharma (c),c Markram b Natarajan,28,18,22,6,0,155.55,1359499,1
Ishan Kishan †,c Markram b Jansen,38,31,51,3,2,122.58,1359499,2
Cameron Green ,not out ,64,40,75,6,2,160.00,1359499,3
Suryakumar Yadav ,c Markram b Jansen,7,3,6,0,1,233.33,1359499,4
Tilak Varma ,c Agarwal b Kumar,37,17,24,2,4,217.64,1359499,5
Tim David ,run out (Abhishek Sharma/Natarajan),16,11,19,2,0,145.45,1359499,6
Extras,(w 2),2,,,,,,1359499,7
TOTAL,20 Ov (RR: 9.60),192/5,,,,,,1359499,8
Ruturaj Gaikwad ,c Parnell b Mohammed Siraj,3,6,12,0,0,50.00,1359498,1
Devon Conway , b Patel,83,45,73,6,6,184.44,1359498,2
Ajinkya Rahane , b Hasaranga,37,20,33,3,2,185.00,1359498,3
Shivam Dube ,c Mohammed Siraj b Parnell,52,27,35,2,5,192.59,1359498,4
Ambati Rayudu ,c †Karthik b Vyshak,14,6,11,1,1,233.33,1359498,5
Moeen Ali ,not out ,19,9,24,0,2,211.11,1359498,6
Ravindra Jadeja ,c Prabhudessai b Maxwell,10,8,17,0,1,125.00,1359498,7
MS Dhoni (c)†,not out ,1,1,2,0,0,100.00,1359498,8
Extras,"(lb 1, nb 2, w 4)",7,,,,,,1359498,9
TOTAL,20 Ov (RR: 11.30),226/6,,,,,,1359498,10
Wriddhiman Saha †,c & b Boult,4,3,4,1,0,133.33,1359497,1
Shubman Gill ,c Buttler b Sandeep Sharma,45,34,70,4,1,132.35,1359497,2
Sai Sudharsan ,run out (Buttler/†Samson),20,19,23,2,0,105.26,1359497,3
Hardik Pandya (c),c Jaiswal b Chahal,28,19,22,3,1,147.36,1359497,4
David Miller ,c Hetmyer b Sandeep Sharma,46,30,43,3,2,153.33,1359497,5
Abhinav Manohar ,c Padikkal b Zampa,27,13,17,0,3,207.69,1359497,6
Rahul Tewatia ,not out ,1,1,10,0,0,100.00,1359497,7
Rashid Khan ,run out (Buttler/Sandeep Sharma),1,1,4,0,0,100.00,1359497,8
Alzarri Joseph ,not out ,0,0,2,0,0,-,1359497,9
Extras,"(lb 1, w 4)",5,,,,,,1359497,10
TOTAL,20 Ov (RR: 8.85),177/7,,,,,,1359497,11
Rahmanullah Gurbaz †,c Jansen b Chawla,8,12,39,0,0,66.66,1359496,1
Narayan Jagadeesan ,c Shokeen b Green,0,5,12,0,0,0.00,1359496,2
Venkatesh Iyer ,c Jansen b Meredith,104,51,82,6,9,203.92,1359496,3
Nitish Rana (c),c sub (Ramandeep Singh) b Shokeen,5,10,13,0,0,50.00,1359496,4
Shardul Thakur ,c Tilak Varma b Shokeen,13,11,23,1,0,118.18,1359496,5
Rinku Singh ,c Wadhera b Jansen,18,18,32,2,0,100.00,1359496,6
Andre Russell ,not out ,21,11,18,3,1,190.90,1359496,7
Sunil Narine ,not out ,2,2,9,0,0,100.00,1359496,8
Extras,"(lb 2, w 12)",14,,,,,,1359496,9
TOTAL,20 Ov (RR: 9.25),185/6,,,,,,1359496,10
KL Rahul (c),c sub (NT Ellis) b Arshdeep Singh,74,56,101,8,1,132.14,1359495,1
Kyle Mayers ,c Harpreet Singh b Harpreet Brar,29,23,34,1,3,126.08,1359495,2
Deepak Hooda ,lbw b Sikandar Raza,2,3,7,0,0,66.66,1359495,3
Krunal Pandya ,c Shahrukh Khan b Rabada,18,17,30,2,0,105.88,1359495,4
Nicholas Pooran †,c Shahrukh Khan b Rabada,0,1,5,0,0,0.00,1359495,5
Marcus Stoinis ,c †Sharma b Curran,15,11,22,0,2,136.36,1359495,6
Ayush Badoni ,not out ,5,6,17,0,0,83.33,1359495,7
Krishnappa Gowtham ,c Sikandar Raza b Curran,1,2,7,0,0,50.00,1359495,8
Yudhvir Singh ,c Shahrukh Khan b Curran,0,1,3,0,0,0.00,1359495,9
Ravi Bishnoi ,not out ,3,1,3,0,0,300.00,1359495,10
Extras,"(lb 5, nb 1, w 6)",12,,,,,,1359495,11
TOTAL,20 Ov (RR: 7.95),159/8,,,,,,1359495,12
Virat Kohli ,c Dhull b Lalit Yadav,50,34,46,6,1,147.05,1359494,1
Faf du Plessis (c),c Aman Hakim Khan b Marsh,22,16,21,3,1,137.50,1359494,2
Mahipal Lomror ,c †Abishek Porel b Marsh,26,18,38,0,2,144.44,1359494,3
Glenn Maxwell ,c Warner b Kuldeep Yadav,24,14,25,0,3,171.42,1359494,4
Harshal Patel ,c †Abishek Porel b Patel,6,4,9,0,1,150.00,1359494,5
Shahbaz Ahmed ,not out ,20,12,31,3,0,166.66,1359494,6
Dinesh Karthik †,c Lalit Yadav b Kuldeep Yadav,0,1,2,0,0,0.00,1359494,7
Anuj Rawat ,not out ,15,22,26,1,0,68.18,1359494,8
Extras,"(b 1, lb 6, nb 1, w 3)",11,,,,,,1359494,9
TOTAL,20 Ov (RR: 8.70),174/6,,,,,,1359494,10
Harry Brook ,not out ,100,55,99,12,3,181.81,1359493,1
Mayank Agarwal ,c Varun b Russell,9,13,22,0,0,69.23,1359493,2
Rahul Tripathi ,c †Rahmanullah Gurbaz b Russell,9,4,6,2,0,225.00,1359493,3
Aiden Markram (c),c Russell b Varun,50,26,32,2,5,192.30,1359493,4
Abhishek Sharma ,c Thakur b Russell,32,17,28,3,2,188.23,1359493,5
Heinrich Klaasen †,not out ,16,6,13,2,1,266.66,1359493,6
Extras,"(nb 1, w 11)",12,,,,,,1359493,7
TOTAL,20 Ov (RR: 11.40),228/4,,,,,,1359493,8
Prabhsimran Singh ,c Rashid Khan b Mohammed Shami,0,2,3,0,0,0.00,1359492,1
Shikhar Dhawan (c),c Joseph b Little,8,8,20,2,0,100.00,1359492,2
Matthew Short , b Rashid Khan,36,24,38,6,1,150.00,1359492,3
Bhanuka Rajapaksa ,c Shubman Gill b Joseph,20,26,73,1,0,76.92,1359492,4
Jitesh Sharma †,c †Saha b Sharma,25,23,29,5,0,108.69,1359492,5
Sam Curran ,c Shubman Gill b Sharma,22,22,33,1,1,100.00,1359492,6
M Shahrukh Khan ,run out (Miller/†Saha),22,9,19,1,2,244.44,1359492,7
Harpreet Brar ,not out ,8,5,12,0,1,160.00,1359492,8
Rishi Dhawan ,run out (†Saha),1,1,4,0,0,100.00,1359492,9
Extras,"(lb 2, w 9)",11,,,,,,1359492,10
TOTAL,20 Ov (RR: 7.65),153/8,,,,,,1359492,11
Yashasvi Jaiswal ,c Dube b Deshpande,10,8,9,2,0,125.00,1359491,1
Jos Buttler , b Ali,52,36,79,1,3,144.44,1359491,2
Devdutt Padikkal ,c Conway b Jadeja,38,26,33,5,0,146.15,1359491,3
Sanju Samson (c)†, b Jadeja,0,2,2,0,0,0.00,1359491,4
Ravichandran Ashwin ,c Magala b Akash Singh,30,22,29,1,2,136.36,1359491,5
Shimron Hetmyer ,not out ,30,18,28,2,2,166.66,1359491,6
Dhruv Jurel ,c Dube b Akash Singh,4,6,15,0,0,66.66,1359491,7
Jason Holder ,c Conway b Deshpande,0,1,6,0,0,0.00,1359491,8
Adam Zampa ,run out (Theekshana/†Dhoni),1,1,2,0,0,100.00,1359491,9
Extras,(w 10),10,,,,,,1359491,10
TOTAL,20 Ov (RR: 8.75),175/8,,,,,,1359491,11
David Warner (c),c Meredith b Behrendorff,51,47,94,6,0,108.51,1359490,1
Prithvi Shaw ,c Green b Shokeen,15,10,17,3,0,150.00,1359490,2
Manish Pandey ,c Behrendorff b Chawla,26,18,24,5,0,144.44,1359490,3
Yash Dhull ,c Wadhera b Meredith,2,4,7,0,0,50.00,1359490,4
Rovman Powell ,lbw b Chawla,4,4,6,1,0,100.00,1359490,5
Lalit Yadav , b Chawla,2,4,10,0,0,50.00,1359490,6
Axar Patel ,c Arshad Khan b Behrendorff,54,25,29,4,5,216.00,1359490,7
Abishek Porel †,c Green b Behrendorff,1,3,8,0,0,33.33,1359490,8
Kuldeep Yadav ,run out (Wadhera),0,1,2,0,0,0.00,1359490,9
Anrich Nortje , b Meredith,5,3,7,1,0,166.66,1359490,10
Mustafizur Rahman ,not out ,1,1,5,0,0,100.00,1359490,11
Extras,"(lb 1, nb 2, w 8)",11,,,,,,1359490,12
TOTAL,19.4 Ov (RR: 8.74),172,,,,,,1359490,13
Virat Kohli ,c Stoinis b Mishra,61,44,50,4,4,138.63,1359489,1
Faf du Plessis (c),not out ,79,46,104,5,5,171.73,1359489,2
Glenn Maxwell , b Wood,59,29,54,3,6,203.44,1359489,3
Dinesh Karthik †,not out ,1,1,2,0,0,100.00,1359489,4
Extras,"(lb 8, w 4)",12,,,,,,1359489,5
TOTAL,20 Ov (RR: 10.60),212/2,,,,,,1359489,6
Prabhsimran Singh ,lbw b Kumar,0,1,2,0,0,0.00,1359488,1
Shikhar Dhawan (c),not out ,99,66,105,12,5,150.00,1359488,2
Matthew Short ,lbw b Jansen,1,3,9,0,0,33.33,1359488,3
Jitesh Sharma †,c Markram b Jansen,4,9,13,1,0,44.44,1359488,4
Sam Curran ,c Kumar b Markande,22,15,25,3,1,146.66,1359488,5
Sikandar Raza ,c Agarwal b Umran Malik,5,6,5,0,0,83.33,1359488,6
M Shahrukh Khan ,lbw b Markande,4,3,7,1,0,133.33,1359488,7
Harpreet Brar , b Umran Malik,1,2,5,0,0,50.00,1359488,8
Rahul Chahar ,lbw b Markande,0,8,10,0,0,0.00,1359488,9
Nathan Ellis , b Markande,0,5,10,0,0,0.00,1359488,10
Mohit Rathee ,not out ,1,2,25,0,0,50.00,1359488,11
Extras,"(lb 1, w 5)",6,,,,,,1359488,12
TOTAL,20 Ov (RR: 7.15),143/9,,,,,,1359488,13
Wriddhiman Saha †,c Jagadeesan b Narine,17,17,24,3,0,100.00,1359487,1
Shubman Gill ,c Yadav b Narine,39,31,55,5,0,125.80,1359487,2
Sai Sudharsan ,c sub (AS Roy) b Narine,53,38,64,3,2,139.47,1359487,3
Abhinav Manohar , b Suyash Sharma,14,8,13,3,0,175.00,1359487,4
Vijay Shankar ,not out ,63,24,33,4,5,262.50,1359487,5
David Miller ,not out ,2,3,13,0,0,66.66,1359487,6
Extras,"(b 1, lb 4, nb 1, w 10)",16,,,,,,1359487,7
TOTAL,20 Ov (RR: 10.20),204/4,,,,,,1359487,8
Rohit Sharma (c), b Deshpande,21,13,22,3,1,161.53,1359486,1
Ishan Kishan †,c Pretorius b Jadeja,32,21,36,5,0,152.38,1359486,2
Cameron Green ,c & b Jadeja,12,11,23,1,0,109.09,1359486,3
Suryakumar Yadav ,c †Dhoni b Santner,1,2,6,0,0,50.00,1359486,4
Tilak Varma ,lbw b Jadeja,22,18,26,2,1,122.22,1359486,5
Arshad Khan ,lbw b Santner,2,4,4,0,0,50.00,1359486,6
Tim David ,c Rahane b Deshpande,31,22,35,1,2,140.90,1359486,7
Tristan Stubbs ,c Gaikwad b Magala,5,10,13,0,0,50.00,1359486,8
Hrithik Shokeen ,not out ,18,13,20,3,0,138.46,1359486,9
Piyush Chawla ,not out ,5,6,15,0,0,83.33,1359486,10
Extras,"(b 1, lb 2, w 5)",8,,,,,,1359486,11
TOTAL,20 Ov (RR: 7.85),157/8,,,,,,1359486,12
Yashasvi Jaiswal ,c & b Mukesh Kumar,60,31,47,11,1,193.54,1359485,1
Jos Buttler ,c & b Mukesh Kumar,79,51,94,11,1,154.90,1359485,2
Sanju Samson (c)†,c Nortje b Kuldeep Yadav,0,4,7,0,0,0.00,1359485,3
Riyan Parag , b Powell,7,11,16,0,0,63.63,1359485,4
Shimron Hetmyer ,not out ,39,21,32,1,4,185.71,1359485,5
Dhruv Jurel ,not out ,8,3,7,0,1,266.66,1359485,6
Extras,"(lb 1, nb 1, w 4)",6,,,,,,1359485,7
TOTAL,20 Ov (RR: 9.95),199/4,,,,,,1359485,8
Anmolpreet Singh †,lbw b Pandya,31,26,38,3,1,119.23,1359484,1
Mayank Agarwal ,c Stoinis b Pandya,8,7,14,1,0,114.28,1359484,2
Rahul Tripathi ,c Mishra b Yash Thakur,34,41,65,4,0,82.92,1359484,3
Aiden Markram (c), b Pandya,0,1,2,0,0,0.00,1359484,4
Harry Brook ,st †Pooran b Ravi Bishnoi,3,4,5,0,0,75.00,1359484,5
Washington Sundar ,c Hooda b Mishra,16,28,40,0,0,57.14,1359484,6
Abdul Samad ,not out ,21,10,11,1,2,210.00,1359484,7
Adil Rashid ,c Hooda b Mishra,4,3,3,1,0,133.33,1359484,8
Umran Malik ,run out (Hooda/Unadkat),0,0,1,0,0,-,1359484,9
Bhuvneshwar Kumar ,not out ,0,0,4,0,0,-,1359484,10
Extras,"(b 1, lb 1, w 2)",4,,,,,,1359484,11
TOTAL,20 Ov (RR: 6.05),121/8,,,,,,1359484,12
Rahmanullah Gurbaz †,c Akash Deep b Sharma,57,44,58,6,3,129.54,1359483,1
Venkatesh Iyer , b Willey,3,7,18,0,0,42.85,1359483,2
Mandeep Singh , b Willey,0,1,2,0,0,0.00,1359483,3
Nitish Rana (c),c †Karthik b Bracewell,1,5,17,0,0,20.00,1359483,4
Rinku Singh ,c †Karthik b Patel,46,33,64,2,3,139.39,1359483,5
Andre Russell ,c Kohli b Sharma,0,1,2,0,0,0.00,1359483,6
Shardul Thakur ,c Maxwell b Mohammed Siraj,68,29,45,9,3,234.48,1359483,7
Sunil Narine ,not out ,0,1,6,0,0,0.00,1359483,8
Umesh Yadav ,not out ,6,2,2,1,0,300.00,1359483,9
Extras,"(b 4, lb 6, nb 3, w 10)",23,,,,,,1359483,10
TOTAL,20 Ov (RR: 10.20),204/7,,,,,,1359483,11
Prabhsimran Singh ,c Buttler b Holder,60,34,49,7,3,176.47,1359482,1
Shikhar Dhawan (c),not out ,86,56,113,9,3,153.57,1359482,2
Bhanuka Rajapaksa ,retired hurt ,1,1,3,0,0,100.00,1359482,3
Jitesh Sharma †,c Parag b Chahal,27,16,31,2,1,168.75,1359482,4
Sikandar Raza , b Ashwin,1,2,2,0,0,50.00,1359482,5
M Shahrukh Khan ,c Buttler b Holder,11,10,23,1,0,110.00,1359482,6
Sam Curran ,not out ,1,2,3,0,0,50.00,1359482,7
Extras,"(b 1, nb 1, w 8)",10,,,,,,1359482,8
TOTAL,20 Ov (RR: 9.85),197/4,,,,,,1359482,9
David Warner (c), b Joseph,37,32,48,7,0,115.62,1359481,1
Prithvi Shaw ,c Joseph b Mohammed Shami,7,5,17,1,0,140.00,1359481,2
Mitchell Marsh , b Mohammed Shami,4,4,10,1,0,100.00,1359481,3
Sarfaraz Khan ,c Little b Rashid Khan,30,34,66,2,0,88.23,1359481,4
Rilee Rossouw ,c Tewatia b Joseph,0,1,4,0,0,0.00,1359481,5
Abishek Porel †, b Rashid Khan,20,11,25,0,2,181.81,1359481,6
Axar Patel ,c Miller b Mohammed Shami,36,22,33,2,3,163.63,1359481,7
Aman Hakim Khan ,c Pandya b Rashid Khan,8,8,10,0,1,100.00,1359481,8
Kuldeep Yadav ,not out ,1,1,7,0,0,100.00,1359481,9
Anrich Nortje ,not out ,4,2,1,1,0,200.00,1359481,10
Extras,"(lb 4, w 11)",15,,,,,,1359481,11
TOTAL,20 Ov (RR: 8.10),162/8,,,,,,1359481,12
Ruturaj Gaikwad ,c Wood b Ravi Bishnoi,57,31,55,3,4,183.87,1359480,1
Devon Conway ,c Pandya b Wood,47,29,62,5,2,162.06,1359480,2
Shivam Dube ,c Wood b Ravi Bishnoi,27,16,22,1,3,168.75,1359480,3
Moeen Ali ,st †Pooran b Ravi Bishnoi,19,13,25,3,0,146.15,1359480,4
Ben Stokes ,c Yash Thakur b Avesh Khan,8,8,16,1,0,100.00,1359480,5
Ambati Rayudu ,not out ,27,14,26,2,2,192.85,1359480,6
Ravindra Jadeja ,c Ravi Bishnoi b Wood,3,6,13,0,0,50.00,1359480,7
MS Dhoni (c)†,c Ravi Bishnoi b Wood,12,3,6,0,2,400.00,1359480,8
Mitchell Santner ,not out ,1,1,2,0,0,100.00,1359480,9
Extras,"(b 4, lb 4, nb 1, w 7)",16,,,,,,1359480,10
TOTAL,20 Ov (RR: 10.85),217/7,,,,,,1359480,11
Rohit Sharma (c),c †Karthik b Akash Deep,1,10,30,0,0,10.00,1359479,1
Ishan Kishan †,c Patel b Mohammed Siraj,10,13,13,2,0,76.92,1359479,2
Cameron Green , b Topley,5,4,6,1,0,125.00,1359479,3
Suryakumar Yadav ,c Shahbaz Ahmed b Bracewell,15,16,35,1,0,93.75,1359479,4
Tilak Varma ,not out ,84,46,85,9,4,182.60,1359479,5
Nehal Wadhera ,c Kohli b Sharma,21,13,25,1,2,161.53,1359479,6
Tim David , b Sharma,4,7,11,0,0,57.14,1359479,7
Hrithik Shokeen ,c du Plessis b Patel,5,3,12,1,0,166.66,1359479,8
Arshad Khan ,not out ,15,9,19,0,1,166.66,1359479,9
Extras,"(nb 1, w 10)",11,,,,,,1359479,10
TOTAL,20 Ov (RR: 8.55),171/7,,,,,,1359479,11
Yashasvi Jaiswal ,c Agarwal b Fazalhaq Farooqi,54,37,63,9,0,145.94,1359478,1
Jos Buttler , b Fazalhaq Farooqi,54,22,32,7,3,245.45,1359478,2
Sanju Samson (c)†,c Abhishek Sharma b Natarajan,55,32,66,3,4,171.87,1359478,3
Devdutt Padikkal , b Umran Malik,2,5,10,0,0,40.00,1359478,4
Riyan Parag ,c Fazalhaq Farooqi b Natarajan,7,6,12,1,0,116.66,1359478,5
Shimron Hetmyer ,not out ,22,16,21,1,1,137.50,1359478,6
Ravichandran Ashwin ,not out ,1,2,9,0,0,50.00,1359478,7
Extras,"(b 5, lb 1, w 2)",8,,,,,,1359478,8
TOTAL,20 Ov (RR: 10.15),203/5,,,,,,1359478,9
KL Rahul (c),c Patel b Sakariya,8,12,21,0,1,66.66,1359477,1
Kyle Mayers , b Patel,73,38,53,2,7,192.10,1359477,2
Deepak Hooda ,c Warner b Kuldeep Yadav,17,18,31,0,0,94.44,1359477,3
Krunal Pandya ,not out ,15,13,51,0,1,115.38,1359477,4
Marcus Stoinis ,c †Khan b Ahmed,12,10,13,0,1,120.00,1359477,5
Nicholas Pooran †,c Shaw b Ahmed,36,21,24,2,3,171.42,1359477,6
Ayush Badoni ,c †Khan b Sakariya,18,7,10,1,2,257.14,1359477,7
Krishnappa Gowtham ,not out ,6,1,2,0,1,600.00,1359477,8
Extras,"(b 1, lb 2, w 5)",8,,,,,,1359477,9
TOTAL,20 Ov (RR: 9.65),193/6,,,,,,1359477,10
Prabhsimran Singh ,c †Rahmanullah Gurbaz b Southee,23,12,10,2,2,191.66,1359476,1
Shikhar Dhawan (c), b Varun,40,29,75,6,0,137.93,1359476,2
Bhanuka Rajapaksa ,c Singh b Yadav,50,32,47,5,2,156.25,1359476,3
Jitesh Sharma †,c Yadav b Southee,21,11,13,1,2,190.90,1359476,4
Sikandar Raza ,c Rana b Narine,16,13,22,1,1,123.07,1359476,5
Sam Curran ,not out ,26,17,27,0,2,152.94,1359476,6
M Shahrukh Khan ,not out ,11,7,11,2,0,157.14,1359476,7
Extras,"(lb 1, nb 1, w 2)",4,,,,,,1359476,8
TOTAL,20 Ov (RR: 9.55),191/5,,,,,,1359476,9
Devon Conway , b Mohammed Shami,1,6,-,0,0,16.66,1359475,1
Ruturaj Gaikwad ,c Shubman Gill b Joseph,92,50,-,4,9,184.00,1359475,2
Moeen Ali ,c †Saha b Rashid Khan,23,17,-,4,1,135.29,1359475,3
Ben Stokes ,c †Saha b Rashid Khan,7,6,-,1,0,116.66,1359475,4
Ambati Rayudu , b Little,12,12,-,0,1,100.00,1359475,5
Shivam Dube ,c Rashid Khan b Mohammed Shami,19,18,-,0,1,105.55,1359475,6
Ravindra Jadeja ,c Shankar b Joseph,1,2,-,0,0,50.00,1359475,7
MS Dhoni (c)†,not out ,14,7,-,1,1,200.00,1359475,8
Mitchell Santner ,not out ,1,3,-,0,0,33.33,1359475,9
Extras,"(b 1, lb 6, nb 1)",8,,,,,,1359475,10
TOTAL,20 Ov (RR: 8.90),178/7,,,,,,1359475,11
Ruturaj Gaikwad ,c Rashid Khan b Noor Ahmad,26,16,30,3,1,162.50,1370353,1
Devon Conway ,c Sharma b Noor Ahmad,47,25,34,4,2,188.00,1370353,2
Shivam Dube ,not out ,32,21,49,0,2,152.38,1370353,3
Ajinkya Rahane ,c Shankar b Sharma,27,13,20,2,2,207.69,1370353,4
Ambati Rayudu ,c & b Sharma,19,8,8,1,2,237.50,1370353,5
MS Dhoni (c)†,c Miller b Sharma,0,1,1,0,0,0.00,1370353,6
Ravindra Jadeja ,not out ,15,6,14,1,1,250.00,1370353,7
Extras,"(lb 1, w 4)",5,,,,,,1370353,8
TOTAL,15 Ov (RR: 11.40),171/5,,,,,,1370353,9
Rohit Sharma (c),c Little b Mohammed Shami,8,7,17,1,0,114.28,1370352,1
Nehal Wadhera ,c †Saha b Mohammed Shami,4,3,3,1,0,133.33,1370352,2
Cameron Green , b Little,30,20,54,2,2,150.00,1370352,3
Suryakumar Yadav , b Sharma,61,38,61,7,2,160.52,1370352,4
Tilak Varma , b Rashid Khan,43,14,17,5,3,307.14,1370352,5
Vishnu Vinod †,c Pandya b Sharma,5,7,19,0,0,71.42,1370352,6
Tim David ,lbw b Rashid Khan,2,3,6,0,0,66.66,1370352,7
Chris Jordan ,c Sai Sudharsan b Sharma,2,5,7,0,0,40.00,1370352,8
Piyush Chawla ,c Miller b Sharma,0,2,5,0,0,0.00,1370352,9
Kumar Kartikeya ,c Miller b Sharma,6,7,10,1,0,85.71,1370352,10
Jason Behrendorff ,not out ,3,5,8,0,0,60.00,1370352,11
Extras,"(lb 2, nb 1, w 4)",7,,,,,,1370352,12
TOTAL,18.2 Ov (RR: 9.32),171,,,,,,1370352,13
Kyle Mayers ,c Green b Jordan,18,13,18,3,0,138.46,1370351,1
Prerak Mankad ,c Shokeen b Madhwal,3,6,9,0,0,50.00,1370351,2
Krunal Pandya (c),c David b Chawla,8,11,35,1,0,72.72,1370351,3
Marcus Stoinis ,run out (David/†Ishan Kishan),40,27,45,5,1,148.14,1370351,4
Ayush Badoni , b Madhwal,1,7,6,0,0,14.28,1370351,5
Nicholas Pooran †,c †Ishan Kishan b Madhwal,0,1,1,0,0,0.00,1370351,6
Deepak Hooda ,run out (Green/Madhwal/Sharma),15,13,26,0,1,115.38,1370351,7
Krishnappa Gowtham ,run out (Sharma),2,3,3,0,0,66.66,1370351,8
Ravi Bishnoi ,c Jordan b Madhwal,3,6,8,0,0,50.00,1370351,9
Naveen-ul-Haq ,not out ,1,5,10,0,0,20.00,1370351,10
Mohsin Khan , b Madhwal,0,7,8,0,0,0.00,1370351,11
Extras,"(b 2, lb 5, w 3)",10,,,,,,1370351,12
TOTAL,16.3 Ov (RR: 6.12),101,,,,,,1370351,13
Wriddhiman Saha †,c Pathirana b Chahar,12,11,14,2,0,109.09,1370350,1
Shubman Gill ,c Conway b Chahar,42,38,58,4,1,110.52,1370350,2
Hardik Pandya (c),c Jadeja b Theekshana,8,7,12,1,0,114.28,1370350,3
Dasun Shanaka ,c Theekshana b Jadeja,17,16,12,1,1,106.25,1370350,4
David Miller , b Jadeja,4,6,11,0,0,66.66,1370350,5
Vijay Shankar ,c Gaikwad b Pathirana,14,10,30,0,1,140.00,1370350,6
Rahul Tewatia , b Theekshana,3,5,8,0,0,60.00,1370350,7
Rashid Khan ,c Conway b Deshpande,30,16,26,3,2,187.50,1370350,8
Darshan Nalkande ,run out (sub [SP Senapati]),0,1,1,0,0,0.00,1370350,9
Noor Ahmad ,not out ,7,5,14,1,0,140.00,1370350,10
Mohammed Shami ,c Chahar b Pathirana,5,5,8,1,0,100.00,1370350,11
Extras,"(lb 2, w 13)",15,,,,,,1370350,12
TOTAL,20 Ov (RR: 7.85),157,,,,,,1370350,13
Wriddhiman Saha †,c Parnell b Mohammed Siraj,12,14,15,2,0,85.71,1359544,1
Shubman Gill ,not out ,104,52,97,5,8,200.00,1359544,2
Vijay Shankar ,c Kohli b Vyshak,53,35,53,7,2,151.42,1359544,3
Dasun Shanaka ,c sub (SS Prabhudessai) b Patel,0,3,5,0,0,0.00,1359544,4
David Miller ,c sub (SS Prabhudessai) b Mohammed Siraj,6,7,12,1,0,85.71,1359544,5
Rahul Tewatia ,not out ,4,5,12,0,0,80.00,1359544,6
Extras,"(b 5, lb 6, nb 1, w 7)",19,,,,,,1359544,7
TOTAL,19.1 Ov (RR: 10.33),198/4,,,,,,1359544,8
Ishan Kishan †,c Brook b Kumar,14,12,14,1,1,116.66,1359543,1
Rohit Sharma (c),c Nitish Kumar Reddy b Dagar,56,37,72,8,1,151.35,1359543,2
Cameron Green ,not out ,100,47,85,8,8,212.76,1359543,3
Suryakumar Yadav ,not out ,25,16,27,4,0,156.25,1359543,4
Extras,"(lb 1, nb 4, w 1)",6,,,,,,1359543,5
TOTAL,18 Ov (RR: 11.16),201/2,,,,,,1359543,6
Jason Roy , b Pandya,45,28,44,7,1,160.71,1359542,1
Venkatesh Iyer ,c Ravi Bishnoi b Gowtham,24,15,25,3,1,160.00,1359542,2
Nitish Rana (c),c Pandya b Ravi Bishnoi,8,10,13,1,0,80.00,1359542,3
Rahmanullah Gurbaz †,c Ravi Bishnoi b Yash Thakur,10,15,25,0,0,66.66,1359542,4
Rinku Singh ,not out ,67,33,62,6,4,203.03,1359542,5
Andre Russell , b Ravi Bishnoi,7,9,13,0,1,77.77,1359542,6
Shardul Thakur ,c Mankad b Yash Thakur,3,7,14,0,0,42.85,1359542,7
Sunil Narine ,run out (Naveen-ul-Haq/†de Kock),1,2,4,0,0,50.00,1359542,8
Vaibhav Arora ,not out ,1,1,15,0,0,100.00,1359542,9
Extras,"(lb 4, w 5)",9,,,,,,1359542,10
TOTAL,20 Ov (RR: 8.75),175/7,,,,,,1359542,11
Prithvi Shaw ,c Rayudu b Deshpande,5,7,8,1,0,71.42,1359541,1
David Warner (c),c Gaikwad b Pathirana,86,58,92,7,5,148.27,1359541,2
Phil Salt †,c Rahane b Chahar,3,6,17,0,0,50.00,1359541,3
Rilee Rossouw , b Chahar,0,1,2,0,0,0.00,1359541,4
Yash Dhull ,c Deshpande b Jadeja,13,15,25,1,0,86.66,1359541,5
Axar Patel ,c Gaikwad b Chahar,15,8,15,1,1,187.50,1359541,6
Aman Hakim Khan ,c Ali b Pathirana,7,9,17,1,0,77.77,1359541,7
Lalit Yadav ,c Ali b Theekshana,6,12,16,0,0,50.00,1359541,8
Anrich Nortje ,not out ,0,1,10,0,0,0.00,1359541,9
Kuldeep Yadav ,lbw b Theekshana,0,1,2,0,0,0.00,1359541,10
Chetan Sakariya ,not out ,0,2,3,0,0,0.00,1359541,11
Extras,"(lb 3, w 8)",11,,,,,,1359541,12
TOTAL,20 Ov (RR: 7.30),146/9,,,,,,1359541,13
Yashasvi Jaiswal ,c sub (R Dhawan) b Ellis,50,36,72,8,0,138.88,1359540,1
Jos Buttler ,lbw b Rabada,0,4,7,0,0,0.00,1359540,2
Devdutt Padikkal ,c Harpreet Brar b Arshdeep Singh,51,30,38,5,3,170.00,1359540,3
Sanju Samson (c)†,c sub (R Dhawan) b Chahar,2,3,6,0,0,66.66,1359540,4
Shimron Hetmyer ,c Dhawan b Curran,46,28,50,4,3,164.28,1359540,5
Riyan Parag ,c Taide b Rabada,20,12,21,1,2,166.66,1359540,6
Dhruv Jurel ,not out ,10,4,11,0,1,250.00,1359540,7
Trent Boult ,not out ,1,2,6,0,0,50.00,1359540,8
Extras,"(lb 1, nb 1, w 7)",9,,,,,,1359540,9
TOTAL,19.4 Ov (RR: 9.61),189/6,,,,,,1359540,10
Virat Kohli ,c Phillips b Kumar,100,63,82,12,4,158.73,1359539,1
Faf du Plessis (c),c Tripathi b Natarajan,71,47,86,7,2,151.06,1359539,2
Glenn Maxwell ,not out ,5,3,11,1,0,166.66,1359539,3
Michael Bracewell ,not out ,4,4,6,0,0,100.00,1359539,4
Extras,"(b 2, nb 1, w 4)",7,,,,,,1359539,5
TOTAL,19.2 Ov (RR: 9.67),187/2,,,,,,1359539,6
Prabhsimran Singh ,c Dhull b Patel,22,19,40,4,0,115.78,1359538,1
Shikhar Dhawan (c),c Aman Hakim Khan b Sharma,0,1,9,0,0,0.00,1359538,2
Atharva Taide ,retired out ,55,42,67,5,2,130.95,1359538,3
Liam Livingstone ,c Patel b Sharma,94,48,69,5,9,195.83,1359538,4
Jitesh Sharma †,c Ahmed b Nortje,0,3,4,0,0,0.00,1359538,5
M Shahrukh Khan ,c Patel b Ahmed,6,3,7,0,1,200.00,1359538,6
Sam Curran , b Nortje,11,5,13,1,1,220.00,1359538,7
Harpreet Brar ,run out (†Salt/Nortje),0,1,3,0,0,0.00,1359538,8
Rahul Chahar ,not out ,0,0,9,0,0,-,1359538,9
Extras,"(lb 6, nb 2, w 2)",10,,,,,,1359538,10
TOTAL,20 Ov (RR: 9.90),198/8,,,,,,1359538,11
Ishan Kishan †,c Naveen-ul-Haq b Ravi Bishnoi,59,39,54,8,1,151.28,1359537,1
Rohit Sharma (c),c Hooda b Ravi Bishnoi,37,25,47,1,3,148.00,1359537,2
Suryakumar Yadav , b Yash Thakur,7,9,22,0,0,77.77,1359537,3
Nehal Wadhera ,c sub (K Gowtham) b Mohsin Khan,16,20,28,2,0,80.00,1359537,4
Tim David ,not out ,32,19,41,1,3,168.42,1359537,5
Vishnu Vinod ,c Pooran b Yash Thakur,2,4,9,0,0,50.00,1359537,6
Cameron Green ,not out ,4,6,17,0,0,66.66,1359537,7
Extras,"(b 4, lb 1, nb 2, w 8)",15,,,,,,1359537,8
TOTAL,20 Ov (RR: 8.60),172/5,,,,,,1359537,9
Anmolpreet Singh ,c Rashid Khan b Mohammed Shami,5,4,5,1,0,125.00,1359536,1
Abhishek Sharma ,c †Saha b Yash Dayal,5,5,10,1,0,100.00,1359536,2
Aiden Markram (c),c Shanaka b Mohammed Shami,10,10,19,1,0,100.00,1359536,3
Rahul Tripathi ,c Tewatia b Mohammed Shami,1,2,5,0,0,50.00,1359536,4
Heinrich Klaasen †,c Miller b Mohammed Shami,64,44,73,4,3,145.45,1359536,5
Sanvir Singh ,c Sai Sudharsan b Sharma,7,6,12,0,1,116.66,1359536,6
Abdul Samad ,c sub (Shivam Mavi) b Sharma,4,3,5,1,0,133.33,1359536,7
Marco Jansen ,c Pandya b Sharma,3,6,11,0,0,50.00,1359536,8
Bhuvneshwar Kumar ,c Rashid Khan b Sharma,27,26,51,3,0,103.84,1359536,9
Mayank Markande ,not out ,18,9,17,2,1,200.00,1359536,10
Fazalhaq Farooqi ,not out ,1,5,5,0,0,20.00,1359536,11
Extras,"(lb 4, w 5)",9,,,,,,1359536,12
TOTAL,20 Ov (RR: 7.70),154/9,,,,,,1359536,13
Jason Roy ,c Pathirana b Chahar,12,15,30,1,0,80.00,1359535,1
Rahmanullah Gurbaz †,c Deshpande b Chahar,1,4,8,0,0,25.00,1359535,2
Venkatesh Iyer ,c Jadeja b Chahar,9,4,11,2,0,225.00,1359535,3
Nitish Rana (c),not out ,57,44,72,6,1,129.54,1359535,4
Rinku Singh ,run out (Ali),54,43,54,4,3,125.58,1359535,5
Andre Russell ,not out ,2,2,9,0,0,100.00,1359535,6
Extras,"(lb 1, nb 1, w 10)",12,,,,,,1359535,7
TOTAL,18.3 Ov (RR: 7.94),147/4,,,,,,1359535,8
Yashasvi Jaiswal ,c Kohli b Mohammed Siraj,0,2,4,0,0,0.00,1359534,1
Jos Buttler ,c Mohammed Siraj b Parnell,0,2,10,0,0,0.00,1359534,2
Sanju Samson (c)†,c Anuj Rawat b Parnell,4,5,10,1,0,80.00,1359534,3
Joe Root ,lbw b Parnell,10,15,26,1,0,66.66,1359534,4
Devdutt Padikkal ,c Mohammed Siraj b Bracewell,4,4,16,1,0,100.00,1359534,5
Shimron Hetmyer ,c Bracewell b Maxwell,35,19,28,1,4,184.21,1359534,6
Dhruv Jurel ,c Lomror b Bracewell,1,7,6,0,0,14.28,1359534,7
Ravichandran Ashwin ,run out (Mohammed Siraj/Anuj Rawat),0,0,7,0,0,-,1359534,8
Adam Zampa , b Sharma,2,6,10,0,0,33.33,1359534,9
Sandeep Sharma ,not out ,0,1,4,0,0,0.00,1359534,10
KM Asif ,c Kohli b Sharma,0,2,3,0,0,0.00,1359534,11
Extras,"(lb 1, w 2)",3,,,,,,1359534,12
TOTAL,10.3 Ov (RR: 5.61),59,,,,,,1359534,13
David Warner (c),lbw b Harpreet Brar,54,27,49,10,1,200.00,1359533,1
Phil Salt †, b Harpreet Brar,21,17,31,3,0,123.52,1359533,2
Mitchell Marsh ,lbw b Chahar,3,4,7,0,0,75.00,1359533,3
Rilee Rossouw ,c Sikandar Raza b Harpreet Brar,5,5,6,1,0,100.00,1359533,4
Axar Patel ,lbw b Chahar,1,2,12,0,0,50.00,1359533,5
Manish Pandey , b Harpreet Brar,0,3,7,0,0,0.00,1359533,6
Aman Hakim Khan ,c Harpreet Brar b Ellis,16,18,24,1,1,88.88,1359533,7
Praveen Dubey , b Ellis,16,20,29,2,0,80.00,1359533,8
Kuldeep Yadav ,not out ,10,17,21,0,0,58.82,1359533,9
Mukesh Kumar ,not out ,6,7,12,0,0,85.71,1359533,10
Extras,"(lb 1, w 3)",4,,,,,,1359533,11
TOTAL,20 Ov (RR: 6.80),136/8,,,,,,1359533,12
Kyle Mayers ,c Markram b Phillips,2,14,16,0,0,14.28,1359532,1
Quinton de Kock †,c Abhishek Sharma b Markande,29,19,39,3,1,152.63,1359532,2
Prerak Mankad ,not out ,64,45,78,7,2,142.22,1359532,3
Marcus Stoinis ,c Abdul Samad b Abhishek Sharma,40,25,34,2,3,160.00,1359532,4
Nicholas Pooran ,not out ,44,13,22,3,4,338.46,1359532,5
Extras,"(lb 1, w 5)",6,,,,,,1359532,6
TOTAL,19.2 Ov (RR: 9.56),185/3,,,,,,1359532,7
Wriddhiman Saha †,lbw b Madhwal,2,5,10,0,0,40.00,1359531,1
Shubman Gill , b Madhwal,6,9,20,0,0,66.66,1359531,2
Hardik Pandya (c),c †Ishan Kishan b Behrendorff,4,3,5,1,0,133.33,1359531,3
Vijay Shankar , b Chawla,29,14,22,6,0,207.14,1359531,4
David Miller ,lbw b Madhwal,41,26,47,4,2,157.69,1359531,5
Abhinav Manohar , b Kartikeya,2,3,5,0,0,66.66,1359531,6
Rahul Tewatia ,c Green b Chawla,14,13,29,1,0,107.69,1359531,7
Rashid Khan ,not out ,79,32,44,3,10,246.87,1359531,8
Noor Ahmad , b Kartikeya,1,3,5,0,0,33.33,1359531,9
Alzarri Joseph ,not out ,7,12,37,1,0,58.33,1359531,10
Extras,"(lb 3, w 3)",6,,,,,,1359531,11
TOTAL,20 Ov (RR: 9.55),191/8,,,,,,1359531,12
Yashasvi Jaiswal ,not out ,98,47,62,12,5,208.51,1359530,1
Jos Buttler ,run out (Russell),0,3,10,0,0,0.00,1359530,2
Sanju Samson (c)†,not out ,48,29,53,2,5,165.51,1359530,3
Extras,"(b 1, lb 1, w 3)",5,,,,,,1359530,4
TOTAL,13.1 Ov (RR: 11.46),151/1,,,,,,1359530,5
David Warner (c),c Rahane b Chahar,0,2,2,0,0,0.00,1359529,1
Phil Salt †,c Rayudu b Chahar,17,11,19,1,2,154.54,1359529,2
Mitchell Marsh ,run out (Rahane),5,4,21,1,0,125.00,1359529,3
Manish Pandey ,lbw b Pathirana,27,29,42,1,2,93.10,1359529,4
Rilee Rossouw ,c Pathirana b Jadeja,35,37,44,2,1,94.59,1359529,5
Ripal Patel ,run out (Ali),10,16,31,0,0,62.50,1359529,6
Axar Patel ,c Rahane b Pathirana,21,12,20,2,1,175.00,1359529,7
Aman Hakim Khan ,not out ,2,3,13,0,0,66.66,1359529,8
Lalit Yadav , b Pathirana,12,5,7,3,0,240.00,1359529,9
Kuldeep Yadav ,not out ,0,1,1,0,0,0.00,1359529,10
Extras,"(lb 6, w 5)",11,,,,,,1359529,11
TOTAL,20 Ov (RR: 7.00),140/8,,,,,,1359529,12
Ishan Kishan †,c †Anuj Rawat b Hasaranga,42,21,24,4,4,200.00,1359528,1
Rohit Sharma (c),lbw b Hasaranga,7,8,27,1,0,87.50,1359528,2
Suryakumar Yadav ,c Jadhav b Vyshak,83,35,60,7,6,237.14,1359528,3
Nehal Wadhera ,not out ,52,34,61,4,3,152.94,1359528,4
Tim David ,c Maxwell b Vyshak,0,1,2,0,0,0.00,1359528,5
Cameron Green ,not out ,2,2,4,0,0,100.00,1359528,6
Extras,"(lb 6, nb 2, w 6)",14,,,,,,1359528,7
TOTAL,16.3 Ov (RR: 12.12),200/4,,,,,,1359528,8
Jason Roy ,c Shahrukh Khan b Harpreet Brar,38,24,40,8,0,158.33,1359527,1
Rahmanullah Gurbaz †,lbw b Ellis,15,12,25,1,1,125.00,1359527,2
Nitish Rana (c),c Livingstone b Chahar,51,38,50,6,1,134.21,1359527,3
Venkatesh Iyer ,c Livingstone b Chahar,11,13,28,0,0,84.61,1359527,4
Andre Russell ,run out (†Sharma/Arshdeep Singh),42,23,34,3,3,182.60,1359527,5
Rinku Singh ,not out ,21,10,25,2,1,210.00,1359527,6
Shardul Thakur ,not out ,0,0,1,0,0,-,1359527,7
Extras,"(lb 1, w 3)",4,,,,,,1359527,8
TOTAL,20 Ov (RR: 9.10),182/5,,,,,,1359527,9
Anmolpreet Singh ,c Hetmyer b Chahal,33,25,26,4,1,132.00,1359526,1
Abhishek Sharma ,c Chahal b R Ashwin,55,34,57,5,2,161.76,1359526,2
Rahul Tripathi ,c Jaiswal b Chahal,47,29,57,2,3,162.06,1359526,3
Heinrich Klaasen †,c Buttler b Chahal,26,12,15,2,2,216.66,1359526,4
Aiden Markram (c),lbw b Chahal,6,5,13,1,0,120.00,1359526,5
Glenn Phillips ,c Hetmyer b Yadav,25,7,12,1,3,357.14,1359526,6
Abdul Samad ,not out ,17,7,17,0,2,242.85,1359526,7
Marco Jansen ,not out ,3,2,10,0,0,150.00,1359526,8
Extras,"(nb 1, w 4)",5,,,,,,1359526,9
TOTAL,20 Ov (RR: 10.85),217/6,,,,,,1359526,10
Kyle Mayers ,c Rashid Khan b Sharma,48,32,46,7,2,150.00,1359525,1
Quinton de Kock †, b Rashid Khan,70,41,88,7,3,170.73,1359525,2
Deepak Hooda ,c Tewatia b Mohammed Shami,11,11,24,0,0,100.00,1359525,3
Marcus Stoinis ,c Mohammed Shami b Sharma,4,9,15,0,0,44.44,1359525,4
Nicholas Pooran ,c Mohammed Shami b Noor Ahmad,3,6,15,0,0,50.00,1359525,5
Ayush Badoni ,c Noor Ahmad b Sharma,21,11,15,1,2,190.90,1359525,6
Swapnil Singh ,not out ,2,4,14,0,0,50.00,1359525,7
Krunal Pandya (c),c Miller b Sharma,0,1,2,0,0,0.00,1359525,8
Ravi Bishnoi ,not out ,4,5,5,1,0,80.00,1359525,9
Extras,"(lb 3, w 5)",8,,,,,,1359525,10
TOTAL,20 Ov (RR: 8.55),171/7,,,,,,1359525,11
David Warner (c),c du Plessis b Hazlewood,22,14,26,3,1,157.14,1359524,1
Phil Salt †, b Sharma,87,45,76,8,6,193.33,1359524,2
Mitchell Marsh ,c Lomror b Patel,26,17,22,3,1,152.94,1359524,3
Rilee Rossouw ,not out ,35,22,34,1,3,159.09,1359524,4
Axar Patel ,not out ,8,3,5,0,1,266.66,1359524,5
Extras,"(b 4, lb 2, nb 1, w 2)",9,,,,,,1359524,6
TOTAL,16.4 Ov (RR: 11.22),187/3,,,,,,1359524,7
Ruturaj Gaikwad ,c †Ishan Kishan b Chawla,30,16,23,4,2,187.50,1359523,1
Devon Conway ,lbw b Madhwal,44,42,83,4,0,104.76,1359523,2
Ajinkya Rahane ,lbw b Chawla,21,17,23,1,1,123.52,1359523,3
Ambati Rayudu ,c Goyal b Stubbs,12,11,16,0,1,109.09,1359523,4
Shivam Dube ,not out ,26,18,27,0,3,144.44,1359523,5
MS Dhoni (c)†,not out ,2,3,7,0,0,66.66,1359523,6
Extras,"(lb 2, nb 1, w 2)",5,,,,,,1359523,7
TOTAL,17.4 Ov (RR: 7.92),140/4,,,,,,1359523,8
Wriddhiman Saha †,not out ,41,34,55,5,0,120.58,1359522,1
Shubman Gill ,st †Samson b Chahal,36,35,39,6,0,102.85,1359522,2
Hardik Pandya (c),not out ,39,15,17,3,3,260.00,1359522,3
Extras,"(lb 2, nb 1)",3,,,,,,1359522,4
TOTAL,13.5 Ov (RR: 8.60),119/1,,,,,,1359522,5
Abhishek Sharma ,c Russell b Thakur,9,10,25,1,0,90.00,1359521,1
Mayank Agarwal ,c †Rahmanullah Gurbaz b Harshit Rana,18,11,17,2,1,163.63,1359521,2
Rahul Tripathi ,c Arora b Russell,20,9,17,3,1,222.22,1359521,3
Aiden Markram (c),c Singh b Arora,41,40,64,4,0,102.50,1359521,4
Harry Brook ,lbw b AS Roy,0,4,6,0,0,0.00,1359521,5
Heinrich Klaasen †,c Russell b Thakur,36,20,34,1,3,180.00,1359521,6
Abdul Samad ,c AS Roy b Varun,21,18,34,3,0,116.66,1359521,7
Marco Jansen ,c †Rahmanullah Gurbaz b Arora,1,4,10,0,0,25.00,1359521,8
Bhuvneshwar Kumar ,not out ,5,5,16,1,0,100.00,1359521,9
Mayank Markande ,not out ,1,2,6,0,0,50.00,1359521,10
Extras,"(b 1, lb 6, nb 3, w 4)",14,,,,,,1359521,11
TOTAL,20 Ov (RR: 8.30),166/8,,,,,,1359521,12
Rohit Sharma (c),c Short b R Dhawan,0,3,3,0,0,0.00,1359520,1
Ishan Kishan †,c R Dhawan b Arshdeep Singh,75,41,80,7,4,182.92,1359520,2
Cameron Green ,c Chahar b Ellis,23,18,29,4,0,127.77,1359520,3
Suryakumar Yadav ,c Arshdeep Singh b Ellis,66,31,44,8,2,212.90,1359520,4
Tim David ,not out ,19,10,21,3,0,190.00,1359520,5
Tilak Varma ,not out ,26,10,15,1,3,260.00,1359520,6
Extras,"(b 4, w 3)",7,,,,,,1359520,7
TOTAL,18.5 Ov (RR: 11.46),216/4,,,,,,1359520,8
Wriddhiman Saha †,c †Salt b Ahmed,0,6,6,0,0,0.00,1359518,1
Shubman Gill ,c Pandey b Nortje,6,7,18,1,0,85.71,1359518,2
Hardik Pandya (c),not out ,59,53,94,7,0,111.32,1359518,3
Vijay Shankar , b Sharma,6,9,11,1,0,66.66,1359518,4
David Miller , b Kuldeep Yadav,0,3,9,0,0,0.00,1359518,5
Abhinav Manohar ,c Aman Hakim Khan b Ahmed,26,33,44,0,1,78.78,1359518,6
Rahul Tewatia ,c Rossouw b Sharma,20,7,19,0,3,285.71,1359518,7
Rashid Khan ,not out ,3,2,3,0,0,150.00,1359518,8
Extras,(w 5),5,,,,,,1359518,9
TOTAL,20 Ov (RR: 6.25),125/6,,,,,,1359518,10
Kyle Mayers ,c Anuj Rawat b Mohammed Siraj,0,2,3,0,0,0.00,1359517,1
Ayush Badoni ,c Kohli b Hazlewood,4,11,23,0,0,36.36,1359517,2
Krunal Pandya ,c Kohli b Maxwell,14,11,17,3,0,127.27,1359517,3
Deepak Hooda ,st †Karthik b Hasaranga,1,2,13,0,0,50.00,1359517,4
Marcus Stoinis ,c Prabhudessai b Sharma,13,19,31,0,1,68.42,1359517,5
Nicholas Pooran †,c Lomror b Sharma,9,7,9,0,1,128.57,1359517,6
Krishnappa Gowtham ,run out (sub [R Sonu Yadav]/†Karthik),23,13,20,1,2,176.92,1359517,7
Ravi Bishnoi ,run out (Patel/†Karthik),5,10,19,0,0,50.00,1359517,8
Amit Mishra ,c †Karthik b Patel,19,30,42,2,0,63.33,1359517,9
Naveen-ul-Haq ,c †Karthik b Hazlewood,13,13,20,2,0,100.00,1359517,10
KL Rahul (c),not out ,0,3,7,0,0,0.00,1359517,11
Extras,"(b 1, lb 1, nb 2, w 3)",7,,,,,,1359517,12
TOTAL,19.5 Ov (RR: 5.44),108,,,,,,1359517,13
Rohit Sharma (c), b Sandeep Sharma,3,5,12,0,0,60.00,1359516,1
Ishan Kishan †,c Boult b Ashwin,28,23,44,4,0,121.73,1359516,2
Cameron Green ,c Boult b Ashwin,44,26,47,4,2,169.23,1359516,3
Suryakumar Yadav ,c Sandeep Sharma b Boult,55,29,49,8,2,189.65,1359516,4
Tilak Varma ,not out ,29,21,63,3,1,138.09,1359516,5
Tim David ,not out ,45,14,27,2,5,321.42,1359516,6
Extras,"(lb 2, nb 1, w 7)",10,,,,,,1359516,7
TOTAL,19.3 Ov (RR: 10.97),214/4,,,,,,1359516,8
Prabhsimran Singh ,st †Dhoni b Jadeja,42,24,41,4,2,175.00,1359515,1
Shikhar Dhawan (c),c Pathirana b Deshpande,28,15,24,4,1,186.66,1359515,2
Atharva Taide ,c & b Jadeja,13,17,26,0,0,76.47,1359515,3
Liam Livingstone ,c Gaikwad b Deshpande,40,24,38,1,4,166.66,1359515,4
Sam Curran , b Pathirana,29,20,36,1,1,145.00,1359515,5
Jitesh Sharma †,c sub (SK Rasheed) b Deshpande,21,10,21,2,1,210.00,1359515,6
M Shahrukh Khan ,not out ,2,3,21,0,0,66.66,1359515,7
Sikandar Raza ,not out ,13,7,9,1,0,185.71,1359515,8
Extras,"(lb 7, w 6)",13,,,,,,1359515,9
TOTAL,20 Ov (RR: 10.05),201/6,,,,,,1359515,10
David Warner (c), b Kumar,0,2,2,0,0,0.00,1359514,1
Phil Salt †,c & b Markande,59,35,53,9,0,168.57,1359514,2
Mitchell Marsh ,c Markram b Hosein,63,39,63,1,6,161.53,1359514,3
Manish Pandey ,st †Klaasen b Abhishek Sharma,1,3,5,0,0,33.33,1359514,4
Priyam Garg , b Markande,12,9,15,1,0,133.33,1359514,5
Sarfaraz Khan , b Natarajan,9,10,19,1,0,90.00,1359514,6
Axar Patel ,not out ,29,14,24,1,2,207.14,1359514,7
Ripal Patel ,not out ,11,8,16,1,0,137.50,1359514,8
Extras,"(lb 1, w 3)",4,,,,,,1359514,9
TOTAL,20 Ov (RR: 9.40),188/6,,,,,,1359514,10
Wriddhiman Saha †,c Harshit Rana b Russell,10,10,21,1,0,100.00,1359513,1
Shubman Gill ,c Russell b Narine,49,35,53,8,0,140.00,1359513,2
Hardik Pandya (c),lbw b Harshit Rana,26,20,28,2,1,130.00,1359513,3
Vijay Shankar ,not out ,51,24,37,2,5,212.50,1359513,4
David Miller ,not out ,32,18,32,2,2,177.77,1359513,5
Extras,"(lb 9, w 3)",12,,,,,,1359513,6
TOTAL,17.5 Ov (RR: 10.09),180/3,,,,,,1359513,7
Prabhsimran Singh ,c sub (DR Sams) b Naveen-ul-Haq,9,13,24,2,0,69.23,1359512,1
Shikhar Dhawan (c),c Pandya b Stoinis,1,2,5,0,0,50.00,1359512,2
Atharva Taide ,c & b Ravi Bishnoi,66,36,67,8,2,183.33,1359512,3
Sikandar Raza ,c Pandya b Yash Thakur,36,22,41,4,1,163.63,1359512,4
Liam Livingstone ,lbw b Ravi Bishnoi,23,14,19,2,1,164.28,1359512,5
Sam Curran ,c Badoni b Naveen-ul-Haq,21,11,24,2,1,190.90,1359512,6
Jitesh Sharma †,c Rahul b Yash Thakur,24,10,17,0,3,240.00,1359512,7
M Shahrukh Khan ,c Ravi Bishnoi b Yash Thakur,6,9,18,0,0,66.66,1359512,8
Rahul Chahar ,c Hooda b Yash Thakur,0,1,3,0,0,0.00,1359512,9
Kagiso Rabada , b Naveen-ul-Haq,0,1,5,0,0,0.00,1359512,10
Arshdeep Singh ,not out ,2,2,6,0,0,100.00,1359512,11
Extras,"(lb 4, nb 2, w 7)",13,,,,,,1359512,12
TOTAL,19.5 Ov (RR: 10.13),201,,,,,,1359512,13
Ruturaj Gaikwad ,c Padikkal b Zampa,47,29,45,5,1,162.06,1359511,1
Devon Conway ,c Sandeep Sharma b Zampa,8,16,28,1,0,50.00,1359511,2
Ajinkya Rahane ,c Buttler b Ashwin,15,13,23,0,0,115.38,1359511,3
Shivam Dube ,c Buttler b Yadav,52,33,52,2,4,157.57,1359511,4
Ambati Rayudu ,c Holder b Ashwin,0,2,4,0,0,0.00,1359511,5
Moeen Ali ,c †Samson b Zampa,23,12,21,2,2,191.66,1359511,6
Ravindra Jadeja ,not out ,23,15,27,3,0,153.33,1359511,7
Extras,"(lb 1, w 1)",2,,,,,,1359511,8
TOTAL,20 Ov (RR: 8.50),170/6,,,,,,1359511,9
Virat Kohli (c),c Iyer b Russell,54,37,59,6,0,145.94,1359510,1
Faf du Plessis ,c Singh b Suyash Sharma,17,7,12,1,2,242.85,1359510,2
Shahbaz Ahmed ,lbw b Suyash Sharma,2,5,11,0,0,40.00,1359510,3
Glenn Maxwell ,c Wiese b Varun,5,4,6,1,0,125.00,1359510,4
Mahipal Lomror ,c Russell b Varun,34,18,26,1,3,188.88,1359510,5
Dinesh Karthik †,c Singh b Varun,22,18,33,1,1,122.22,1359510,6
Suyash Prabhudessai ,run out (sub [AS Roy]/Suyash Sharma),10,9,15,1,0,111.11,1359510,7
Wanindu Hasaranga ,c sub (AS Roy) b Russell,5,4,11,0,0,125.00,1359510,8
David Willey ,not out ,11,10,16,1,0,110.00,1359510,9
Vijaykumar Vyshak ,not out ,13,8,12,0,1,162.50,1359510,10
Extras,"(lb 3, w 3)",6,,,,,,1359510,11
TOTAL,20 Ov (RR: 8.95),179/8,,,,,,1359510,12
Rohit Sharma (c),c & b Pandya,2,8,10,0,0,25.00,1359509,1
Ishan Kishan †,c Little b Rashid Khan,13,21,35,1,0,61.90,1359509,2
Cameron Green , b Noor Ahmad,33,26,43,0,3,126.92,1359509,3
Tilak Varma ,lbw b Rashid Khan,2,3,6,0,0,66.66,1359509,4
Suryakumar Yadav ,c & b Noor Ahmad,23,12,27,3,1,191.66,1359509,5
Tim David ,c Manohar b Noor Ahmad,0,2,3,0,0,0.00,1359509,6
Nehal Wadhera ,c Mohammed Shami b Sharma,40,21,38,3,3,190.47,1359509,7
Piyush Chawla ,run out (†Saha/Sharma),18,12,22,1,1,150.00,1359509,8
Arjun Tendulkar ,c Little b Sharma,13,9,13,0,1,144.44,1359509,9
Jason Behrendorff ,not out ,3,4,12,0,0,75.00,1359509,10
Riley Meredith ,not out ,0,2,2,0,0,0.00,1359509,11
Extras,"(b 4, w 1)",5,,,,,,1359509,12
TOTAL,20 Ov (RR: 7.60),152/9,,,,,,1359509,13
Harry Brook , b Nortje,7,14,26,0,0,50.00,1359508,1
Mayank Agarwal ,c Aman Hakim Khan b AR Patel,49,39,56,7,0,125.64,1359508,2
Rahul Tripathi ,c †Salt b Sharma,15,21,37,0,0,71.42,1359508,3
Abhishek Sharma ,c & b Kuldeep Yadav,5,5,13,0,0,100.00,1359508,4
Aiden Markram (c), b AR Patel,3,5,11,0,0,60.00,1359508,5
Heinrich Klaasen †,c Aman Hakim Khan b Nortje,31,19,25,3,1,163.15,1359508,6
Washington Sundar ,not out ,24,15,30,3,0,160.00,1359508,7
Marco Jansen ,not out ,2,3,11,0,0,66.66,1359508,8
Extras,(nb 1),1,,,,,,1359508,9
TOTAL,20 Ov (RR: 6.85),137/6,,,,,,1359508,10
Narayan Jagadeesan †,c Jadeja b Deshpande,1,3,9,0,0,33.33,1359507,1
Sunil Narine , b Akash Singh,0,3,4,0,0,0.00,1359507,2
Venkatesh Iyer ,lbw b Ali,20,20,35,2,1,100.00,1359507,3
Nitish Rana (c),c Gaikwad b Jadeja,27,20,38,4,1,135.00,1359507,4
Jason Roy , b Theekshana,61,26,35,5,5,234.61,1359507,5
Rinku Singh ,not out ,53,33,62,3,4,160.60,1359507,6
Andre Russell ,c Dube b Pathirana,9,6,14,0,1,150.00,1359507,7
David Wiese ,lbw b Deshpande,1,2,6,0,0,50.00,1359507,8
Umesh Yadav ,c Conway b Theekshana,4,4,8,0,0,100.00,1359507,9
Varun Chakravarthy ,not out ,0,3,9,0,0,0.00,1359507,10
Extras,"(lb 1, w 9)",10,,,,,,1359507,11
TOTAL,20 Ov (RR: 9.30),186/8,,,,,,1359507,12
Yashasvi Jaiswal ,c Kohli b Patel,47,37,63,5,2,127.02,1359506,1
Jos Buttler , b Mohammed Siraj,0,2,4,0,0,0.00,1359506,2
Devdutt Padikkal ,c Kohli b Willey,52,34,48,7,1,152.94,1359506,3
Sanju Samson (c)†,c Shahbaz Ahmed b Patel,22,15,22,2,1,146.66,1359506,4
Shimron Hetmyer ,run out (Prabhudessai),3,9,30,0,0,33.33,1359506,5
Dhruv Jurel ,not out ,34,16,35,2,2,212.50,1359506,6
Ravichandran Ashwin ,c Prabhudessai b Patel,12,6,14,2,0,200.00,1359506,7
Abdul Basith ,not out ,1,1,2,0,0,100.00,1359506,8
Extras,"(b 1, lb 3, w 7)",11,,,,,,1359506,9
TOTAL,20 Ov (RR: 9.10),182/6,,,,,,1359506,10
Rohit Sharma (c),c & b Livingstone,44,27,42,4,3,162.96,1359505,1
Ishan Kishan †,c Short b Arshdeep Singh,1,4,7,0,0,25.00,1359505,2
Cameron Green ,c Curran b Ellis,67,43,64,6,3,155.81,1359505,3
Suryakumar Yadav ,c Taide b Arshdeep Singh,57,26,42,7,3,219.23,1359505,4
Tim David ,not out ,25,13,34,0,2,192.30,1359505,5
Tilak Varma , b Arshdeep Singh,3,4,14,0,0,75.00,1359505,6
Nehal Wadhera , b Arshdeep Singh,0,1,2,0,0,0.00,1359505,7
Jofra Archer ,not out ,1,2,4,0,0,50.00,1359505,8
Extras,(w 3),3,,,,,,1359505,9
TOTAL,20 Ov (RR: 10.05),201/6,,,,,,1359505,10
KL Rahul (c),c Yadav b Sharma,68,61,94,8,0,111.47,1359504,1
Kyle Mayers , b Rashid Khan,24,19,31,2,1,126.31,1359504,2
Krunal Pandya ,st †Saha b Noor Ahmad,23,23,36,2,1,100.00,1359504,3
Nicholas Pooran †,c Pandya b Noor Ahmad,1,7,10,0,0,14.28,1359504,4
Ayush Badoni ,run out (Shankar/Sharma),8,6,22,0,0,133.33,1359504,5
Marcus Stoinis ,c Miller b Sharma,0,1,2,0,0,0.00,1359504,6
Deepak Hooda ,run out (Rashid Khan/†Saha),2,2,4,0,0,100.00,1359504,7
Prerak Mankad ,not out ,0,0,4,0,0,-,1359504,8
Ravi Bishnoi ,not out ,0,1,1,0,0,0.00,1359504,9
Extras,"(lb 1, w 1)",2,,,,,,1359504,10
TOTAL,20 Ov (RR: 6.40),128/7,,,,,,1359504,11
Ruturaj Gaikwad ,run out (Umran Malik),35,30,50,2,0,116.66,1359503,1
Devon Conway ,not out ,77,57,84,12,1,135.08,1359503,2
Ajinkya Rahane ,c Markram b Markande,9,10,15,0,0,90.00,1359503,3
Ambati Rayudu , b Markande,9,9,11,1,0,100.00,1359503,4
Moeen Ali ,not out ,6,6,9,1,0,100.00,1359503,5
Extras,(lb 2),2,,,,,,1359503,6
TOTAL,18.4 Ov (RR: 7.39),138/3,,,,,,1359503,7
David Warner (c),lbw b Varun,57,41,58,11,0,139.02,1359502,1
Prithvi Shaw , b Varun,13,11,22,2,0,118.18,1359502,2
Mitchell Marsh ,c sub (D Wiese) b Rana,2,9,14,0,0,22.22,1359502,3
Phil Salt †,c & b AS Roy,5,3,6,1,0,166.66,1359502,4
Manish Pandey ,c Singh b AS Roy,21,23,34,2,0,91.30,1359502,5
Axar Patel ,not out ,19,22,37,1,0,86.36,1359502,6
Aman Hakim Khan , b Rana,0,2,4,0,0,0.00,1359502,7
Lalit Yadav ,not out ,4,7,21,0,0,57.14,1359502,8
Extras,"(lb 2, nb 2, w 3)",7,,,,,,1359502,9
TOTAL,19.2 Ov (RR: 6.62),128/6,,,,,,1359502,10
Atharva Taide ,lbw b Mohammed Siraj,4,2,5,1,0,200.00,1359501,1
Prabhsimran Singh , b Parnell,46,30,59,3,4,153.33,1359501,2
Matthew Short , b Hasaranga,8,7,9,0,1,114.28,1359501,3
Liam Livingstone ,lbw b Mohammed Siraj,2,4,7,0,0,50.00,1359501,4
Harpreet Singh ,run out (Mohammed Siraj),13,9,12,1,1,144.44,1359501,5
Sam Curran (c),run out (Hasaranga),10,12,18,1,0,83.33,1359501,6
Jitesh Sharma †,c Shahbaz Ahmed b Patel,41,27,48,2,3,151.85,1359501,7
M Shahrukh Khan ,st †Karthik b Hasaranga,7,5,9,0,1,140.00,1359501,8
Harpreet Brar , b Mohammed Siraj,13,13,22,1,0,100.00,1359501,9
Nathan Ellis , b Mohammed Siraj,1,2,5,0,0,50.00,1359501,10
Arshdeep Singh ,not out ,0,0,3,0,0,-,1359501,11
Extras,"(b 1, lb 1, nb 1, w 2)",5,,,,,,1359501,12
TOTAL,18.2 Ov (RR: 8.18),150,,,,,,1359501,13
Yashasvi Jaiswal ,c Avesh Khan b Stoinis,44,35,60,4,2,125.71,1359500,1
Jos Buttler ,c Ravi Bishnoi b Stoinis,40,41,73,4,1,97.56,1359500,2
Sanju Samson (c)†,run out (Mishra/†Pooran),2,4,8,0,0,50.00,1359500,3
Devdutt Padikkal ,c †Pooran b Avesh Khan,26,21,36,4,0,123.80,1359500,4
Shimron Hetmyer ,c Rahul b Avesh Khan,2,5,12,0,0,40.00,1359500,5
Riyan Parag ,not out ,15,12,24,1,1,125.00,1359500,6
Dhruv Jurel ,c Hooda b Avesh Khan,0,1,2,0,0,0.00,1359500,7
Ravichandran Ashwin ,not out ,3,2,3,0,0,150.00,1359500,8
Extras,"(b 1, lb 4, nb 1, w 6)",12,,,,,,1359500,9
TOTAL,20 Ov (RR: 7.20),144/6,,,,,,1359500,10
Harry Brook ,c Yadav b Behrendorff,9,7,8,2,0,128.57,1359499,1
Mayank Agarwal ,c David b Meredith,48,41,76,4,1,117.07,1359499,2
Rahul Tripathi ,c †Ishan Kishan b Behrendorff,7,5,13,1,0,140.00,1359499,3
Aiden Markram (c),c Shokeen b Green,22,17,26,1,1,129.41,1359499,4
Abhishek Sharma ,c David b Chawla,1,2,5,0,0,50.00,1359499,5
Heinrich Klaasen †,c David b Chawla,36,16,24,4,2,225.00,1359499,6
Abdul Samad ,run out (Shokeen/†Ishan Kishan),9,12,34,1,0,75.00,1359499,7
Marco Jansen ,c David b Meredith,13,6,11,3,0,216.66,1359499,8
Washington Sundar ,run out (David),10,6,8,2,0,166.66,1359499,9
Bhuvneshwar Kumar ,c Sharma b Tendulkar,2,5,16,0,0,40.00,1359499,10
Mayank Markande ,not out ,2,2,4,0,0,100.00,1359499,11
Extras,"(b 1, lb 5, w 13)",19,,,,,,1359499,12
TOTAL,19.5 Ov (RR: 8.97),178,,,,,,1359499,13
Virat Kohli , b Akash Singh,6,4,3,1,0,150.00,1359498,1
Faf du Plessis (c),c †Dhoni b Ali,62,33,64,5,4,187.87,1359498,2
Mahipal Lomror ,c Gaikwad b Deshpande,0,5,7,0,0,0.00,1359498,3
Glenn Maxwell ,c †Dhoni b Theekshana,76,36,46,3,8,211.11,1359498,4
Shahbaz Ahmed ,c Gaikwad b Pathirana,12,10,29,0,1,120.00,1359498,5
Dinesh Karthik †,c Theekshana b Deshpande,28,14,15,3,1,200.00,1359498,6
Suyash Prabhudessai ,c Jadeja b Pathirana,19,11,20,0,2,172.72,1359498,7
Wayne Parnell ,c Dube b Deshpande,2,5,7,0,0,40.00,1359498,8
Wanindu Hasaranga ,not out ,2,2,10,0,0,100.00,1359498,9
Extras,"(lb 5, w 6)",11,,,,,,1359498,10
TOTAL,20 Ov (RR: 10.90),218/8,,,,,,1359498,11
Yashasvi Jaiswal ,c Shubman Gill b Pandya,1,7,9,0,0,14.28,1359497,1
Jos Buttler , b Mohammed Shami,0,5,14,0,0,0.00,1359497,2
Devdutt Padikkal ,c Sharma b Rashid Khan,26,25,38,2,2,104.00,1359497,3
Sanju Samson (c)†,c Miller b Noor Ahmad,60,32,61,3,6,187.50,1359497,4
Riyan Parag ,c Miller b Rashid Khan,5,7,10,0,0,71.42,1359497,5
Shimron Hetmyer ,not out ,56,26,44,2,5,215.38,1359497,6
Dhruv Jurel ,c Sharma b Mohammed Shami,18,10,19,2,1,180.00,1359497,7
Ravichandran Ashwin ,c Tewatia b Mohammed Shami,10,3,4,1,1,333.33,1359497,8
Trent Boult ,not out ,0,1,3,0,0,0.00,1359497,9
Extras,"(lb 1, w 2)",3,,,,,,1359497,10
TOTAL,19.2 Ov (RR: 9.25),179/7,,,,,,1359497,11
Rohit Sharma ,c Yadav b Suyash Sharma,20,13,25,1,2,153.84,1359496,1
Ishan Kishan †, b Varun,58,25,39,5,5,232.00,1359496,2
Suryakumar Yadav (c),c †Rahmanullah Gurbaz b Thakur,43,25,63,4,3,172.00,1359496,3
Tilak Varma , b Suyash Sharma,30,25,32,3,1,120.00,1359496,4
Tim David ,not out ,24,13,27,1,2,184.61,1359496,5
Nehal Wadhera ,c †Rahmanullah Gurbaz b Ferguson,6,4,7,1,0,150.00,1359496,6
Cameron Green ,not out ,1,1,3,0,0,100.00,1359496,7
Extras,(w 4),4,,,,,,1359496,8
TOTAL,17.4 Ov (RR: 10.52),186/5,,,,,,1359496,9
Atharva Taide ,c Avesh Khan b Yudhvir Singh,0,3,3,0,0,0.00,1359495,1
Prabhsimran Singh , b Yudhvir Singh,4,4,12,1,0,100.00,1359495,2
Matthew Short ,c Stoinis b Gowtham,34,22,30,5,1,154.54,1359495,3
Harpreet Singh ,c sub (PN Mankad) b Pandya,22,22,41,3,0,100.00,1359495,4
Sikandar Raza ,c Stoinis b Ravi Bishnoi,57,41,62,4,3,139.02,1359495,5
Sam Curran (c),c Pandya b Ravi Bishnoi,6,6,15,1,0,100.00,1359495,6
Jitesh Sharma †,c Rahul b Wood,2,4,10,0,0,50.00,1359495,7
M Shahrukh Khan ,not out ,23,10,26,1,2,230.00,1359495,8
Harpreet Brar ,c †Pooran b Wood,6,4,10,1,0,150.00,1359495,9
Kagiso Rabada ,not out ,0,1,4,0,0,0.00,1359495,10
Extras,"(lb 2, w 5)",7,,,,,,1359495,11
TOTAL,19.3 Ov (RR: 8.25),161/8,,,,,,1359495,12
David Warner (c),c Kohli b Vyshak,19,13,33,4,0,146.15,1359494,1
Prithvi Shaw ,run out (Anuj Rawat),0,2,4,0,0,0.00,1359494,2
Mitchell Marsh ,c Kohli b Parnell,0,4,7,0,0,0.00,1359494,3
Yash Dhull ,lbw b Mohammed Siraj,1,4,6,0,0,25.00,1359494,4
Manish Pandey ,lbw b Hasaranga,50,38,59,5,1,131.57,1359494,5
Abishek Porel †,c Parnell b Patel,5,8,17,0,0,62.50,1359494,6
Axar Patel ,c Mohammed Siraj b Vyshak,21,14,18,3,0,150.00,1359494,7
Aman Hakim Khan ,c Kohli b Mohammed Siraj,18,10,27,1,1,180.00,1359494,8
Lalit Yadav ,c Maxwell b Vyshak,4,7,10,0,0,57.14,1359494,9
Anrich Nortje ,not out ,23,14,19,4,0,164.28,1359494,10
Kuldeep Yadav ,not out ,7,6,10,1,0,116.66,1359494,11
Extras,(w 3),3,,,,,,1359494,12
TOTAL,20 Ov (RR: 7.55),151/9,,,,,,1359494,13
Rahmanullah Gurbaz †,c Umran Malik b Kumar,0,3,3,0,0,0.00,1359493,1
Narayan Jagadeesan ,c sub (GD Phillips) b Markande,36,21,41,5,1,171.42,1359493,2
Venkatesh Iyer ,c Markram b Jansen,10,11,15,2,0,90.90,1359493,3
Sunil Narine ,c Markram b Jansen,0,1,2,0,0,0.00,1359493,4
Nitish Rana (c),c Washington Sundar b Natarajan,75,41,67,5,6,182.92,1359493,5
Andre Russell ,c Jansen b Markande,3,6,10,0,0,50.00,1359493,6
Rinku Singh ,not out ,58,31,51,4,4,187.09,1359493,7
Shardul Thakur ,c Washington Sundar b Umran Malik,12,7,15,2,0,171.42,1359493,8
Umesh Yadav ,not out ,1,1,4,0,0,100.00,1359493,9
Extras,"(lb 2, nb 2, w 6)",10,,,,,,1359493,10
TOTAL,20 Ov (RR: 10.25),205/7,,,,,,1359493,11
Wriddhiman Saha †,c Short b Rabada,30,19,-,5,0,157.89,1359492,1
Shubman Gill , b Curran,67,49,-,7,1,136.73,1359492,2
Sai Sudharsan ,c Prabhsimran Singh b Arshdeep Singh,19,20,-,2,0,95.00,1359492,3
Hardik Pandya (c),c Curran b Harpreet Brar,8,11,-,1,0,72.72,1359492,4
David Miller ,not out ,17,18,-,1,0,94.44,1359492,5
Rahul Tewatia ,not out ,5,2,-,1,0,250.00,1359492,6
Extras,(lb 8),8,,,,,,1359492,7
TOTAL,19.5 Ov (RR: 7.76),154/4,,,,,,1359492,8
Ruturaj Gaikwad ,c Jaiswal b Sandeep Sharma,8,10,14,1,0,80.00,1359491,1
Devon Conway ,c Jaiswal b Chahal,50,38,82,6,0,131.57,1359491,2
Ajinkya Rahane ,lbw b Ashwin,31,19,38,2,1,163.15,1359491,3
Shivam Dube ,lbw b Ashwin,8,9,13,1,0,88.88,1359491,4
Moeen Ali ,c Sandeep Sharma b Zampa,7,10,12,0,0,70.00,1359491,5
Ambati Rayudu ,c Hetmyer b Chahal,1,2,4,0,0,50.00,1359491,6
Ravindra Jadeja ,not out ,25,15,35,1,2,166.66,1359491,7
MS Dhoni (c)†,not out ,32,17,30,1,3,188.23,1359491,8
Extras,"(lb 2, w 8)",10,,,,,,1359491,9
TOTAL,20 Ov (RR: 8.60),172/6,,,,,,1359491,10
Rohit Sharma (c),c †Abishek Porel b Mustafizur Rahman,65,45,86,6,4,144.44,1359490,1
Ishan Kishan †,run out (Mukesh Kumar/Lalit Yadav),31,26,32,6,0,119.23,1359490,2
Tilak Varma ,c Pandey b Mukesh Kumar,41,29,42,1,4,141.37,1359490,3
Suryakumar Yadav ,c Kuldeep Yadav b Mukesh Kumar,0,1,3,0,0,0.00,1359490,4
Tim David ,not out ,13,11,27,0,1,118.18,1359490,5
Cameron Green ,not out ,17,8,20,1,1,212.50,1359490,6
Extras,"(lb 4, w 2)",6,,,,,,1359490,7
TOTAL,20 Ov (RR: 8.65),173/4,,,,,,1359490,8
Kyle Mayers , b Mohammed Siraj,0,3,5,0,0,0.00,1359489,1
KL Rahul (c),c Kohli b Mohammed Siraj,18,20,61,1,0,90.00,1359489,2
Deepak Hooda ,c †Karthik b Parnell,9,10,19,1,0,90.00,1359489,3
Krunal Pandya ,c †Karthik b Parnell,0,2,3,0,0,0.00,1359489,4
Marcus Stoinis ,c Shahbaz Ahmed b Sharma,65,30,32,6,5,216.66,1359489,5
Nicholas Pooran †,c Shahbaz Ahmed b Mohammed Siraj,62,19,38,4,7,326.31,1359489,6
Ayush Badoni ,hit wicket b Parnell,30,24,45,4,0,125.00,1359489,7
Jaydev Unadkat ,c du Plessis b Patel,9,7,19,1,0,128.57,1359489,8
Mark Wood , b Patel,1,2,6,0,0,50.00,1359489,9
Ravi Bishnoi ,not out ,3,2,8,0,0,150.00,1359489,10
Avesh Khan ,not out ,0,1,3,0,0,0.00,1359489,11
Extras,"(b 1, lb 6, w 9)",16,,,,,,1359489,12
TOTAL,20 Ov (RR: 10.65),213/9,,,,,,1359489,13
Harry Brook , b Arshdeep Singh,13,14,18,3,0,92.85,1359488,1
Mayank Agarwal ,c Curran b Chahar,21,20,38,3,0,105.00,1359488,2
Rahul Tripathi ,not out ,74,48,61,10,3,154.16,1359488,3
Aiden Markram (c),not out ,37,21,41,6,0,176.19,1359488,4
Extras,,0,,,,,,1359488,5
TOTAL,17.1 Ov (RR: 8.44),145/2,,,,,,1359488,6
Rahmanullah Gurbaz †,c Yash Dayal b Mohammed Shami,15,12,13,1,1,125.00,1359487,1
Narayan Jagadeesan ,c Manohar b Little,6,8,21,1,0,75.00,1359487,2
Venkatesh Iyer ,c Shubman Gill b Joseph,83,40,64,8,5,207.50,1359487,3
Nitish Rana (c),c Mohammed Shami b Joseph,45,29,42,4,3,155.17,1359487,4
Rinku Singh ,not out ,48,21,43,1,6,228.57,1359487,5
Andre Russell ,c sub (†KS Bharat) b Rashid Khan,1,2,6,0,0,50.00,1359487,6
Sunil Narine ,c sub (J Yadav) b Rashid Khan,0,1,2,0,0,0.00,1359487,7
Shardul Thakur ,lbw b Rashid Khan,0,1,3,0,0,0.00,1359487,8
Umesh Yadav ,not out ,5,6,19,0,0,83.33,1359487,9
Extras,"(lb 1, w 3)",4,,,,,,1359487,10
TOTAL,20 Ov (RR: 10.35),207/7,,,,,,1359487,11
Devon Conway , b Behrendorff,0,4,4,0,0,0.00,1359486,1
Ruturaj Gaikwad ,not out ,40,36,80,2,1,111.11,1359486,2
Ajinkya Rahane ,c Yadav b Chawla,61,27,33,7,3,225.92,1359486,3
Shivam Dube , b Kartikeya,28,26,28,2,1,107.69,1359486,4
Ambati Rayudu ,not out ,20,16,16,3,0,125.00,1359486,5
Extras,"(lb 4, w 6)",10,,,,,,1359486,6
TOTAL,18.1 Ov (RR: 8.75),159/3,,,,,,1359486,7
Prithvi Shaw ,c †Samson b Boult,0,3,4,0,0,0.00,1359485,1
David Warner (c),lbw b Chahal,65,55,102,7,0,118.18,1359485,2
Manish Pandey ,lbw b Boult,0,1,3,0,0,0.00,1359485,3
Rilee Rossouw ,c Jaiswal b R Ashwin,14,12,24,2,0,116.66,1359485,4
Lalit Yadav , b Boult,38,24,35,5,0,158.33,1359485,5
Axar Patel ,st †Samson b Chahal,2,6,12,0,0,33.33,1359485,6
Rovman Powell ,c Hetmyer b R Ashwin,2,2,6,0,0,100.00,1359485,7
Abishek Porel †,c Hetmyer b Chahal,7,9,18,1,0,77.77,1359485,8
Kuldeep Yadav ,not out ,3,7,9,0,0,42.85,1359485,9
Anrich Nortje , b Sandeep Sharma,0,1,3,0,0,0.00,1359485,10
Mukesh Kumar ,not out ,1,1,3,0,0,100.00,1359485,11
Extras,"(lb 2, nb 1, w 7)",10,,,,,,1359485,12
TOTAL,20 Ov (RR: 7.10),142/9,,,,,,1359485,13
Kyle Mayers ,c Agarwal b Fazalhaq Farooqi,13,14,22,2,0,92.85,1359484,1
KL Rahul (c),lbw b Rashid,35,31,74,4,0,112.90,1359484,2
Deepak Hooda ,c & b Kumar,7,8,10,0,1,87.50,1359484,3
Krunal Pandya ,c †Anmolpreet Singh b Umran Malik,34,23,33,4,1,147.82,1359484,4
Marcus Stoinis ,not out ,10,13,22,2,0,76.92,1359484,5
Romario Shepherd ,lbw b Rashid,0,1,3,0,0,0.00,1359484,6
Nicholas Pooran †,not out ,11,6,7,1,1,183.33,1359484,7
Extras,"(b 2, w 15)",17,,,,,,1359484,8
TOTAL,16 Ov (RR: 7.93),127/5,,,,,,1359484,9
Virat Kohli , b Narine,21,18,20,3,0,116.66,1359483,1
Faf du Plessis (c), b Varun,23,12,24,2,2,191.66,1359483,2
Michael Bracewell ,c Rana b Thakur,19,18,33,1,1,105.55,1359483,3
Glenn Maxwell , b Varun,5,7,9,1,0,71.42,1359483,4
Harshal Patel , b Varun,0,2,3,0,0,0.00,1359483,5
Shahbaz Ahmed ,c Thakur b Narine,1,5,6,0,0,20.00,1359483,6
Dinesh Karthik †,c Varun b Suyash Sharma,9,8,23,1,0,112.50,1359483,7
Anuj Rawat ,c Narine b Suyash Sharma,1,5,5,0,0,20.00,1359483,8
David Willey ,not out ,20,20,28,2,0,100.00,1359483,9
Karn Sharma ,c Rana b Suyash Sharma,1,3,11,0,0,33.33,1359483,10
Akash Deep ,c & b Varun,17,8,14,2,1,212.50,1359483,11
Extras,"(b 4, lb 1, w 1)",6,,,,,,1359483,12
TOTAL,17.4 Ov (RR: 6.96),123,,,,,,1359483,13
Yashasvi Jaiswal ,c sub (MW Short) b Arshdeep Singh,11,8,12,1,1,137.50,1359482,1
Ravichandran Ashwin ,c S Dhawan b Arshdeep Singh,0,4,23,0,0,0.00,1359482,2
Jos Buttler ,c & b Ellis,19,11,24,1,1,172.72,1359482,3
Sanju Samson (c)†,c sub (MW Short) b Ellis,42,25,39,5,1,168.00,1359482,4
Devdutt Padikkal , b Ellis,21,26,47,1,0,80.76,1359482,5
Riyan Parag ,c Shahrukh Khan b Ellis,20,12,16,1,2,166.66,1359482,6
Shimron Hetmyer ,run out (Shahrukh Khan/Curran),36,18,35,1,3,200.00,1359482,7
Dhruv Jurel ,not out ,32,15,32,3,2,213.33,1359482,8
Jason Holder ,not out ,1,1,4,0,0,100.00,1359482,9
Extras,"(b 1, w 9)",10,,,,,,1359482,10
TOTAL,20 Ov (RR: 9.60),192/7,,,,,,1359482,11
Wriddhiman Saha †, b Nortje,14,7,9,2,1,200.00,1359481,1
Shubman Gill , b Nortje,14,13,19,3,0,107.69,1359481,2
Sai Sudharsan ,not out ,62,48,92,4,2,129.16,1359481,3
Hardik Pandya (c),c †Abishek Porel b Ahmed,5,4,12,1,0,125.00,1359481,4
Vijay Shankar ,lbw b Marsh,29,23,40,3,0,126.08,1359481,5
David Miller ,not out ,31,16,28,2,2,193.75,1359481,6
Extras,"(b 1, lb 1, nb 2, w 4)",8,,,,,,1359481,7
TOTAL,18.1 Ov (RR: 8.97),163/4,,,,,,1359481,8
KL Rahul (c),c Gaikwad b Ali,20,18,42,2,0,111.11,1359480,1
Kyle Mayers ,c Conway b Ali,53,22,35,8,2,240.90,1359480,2
Deepak Hooda ,c Stokes b Santner,2,6,6,0,0,33.33,1359480,3
Krunal Pandya ,c Jadeja b Ali,9,9,14,0,1,100.00,1359480,4
Marcus Stoinis , b Ali,21,18,26,0,1,116.66,1359480,5
Nicholas Pooran †,c Stokes b Deshpande,32,18,28,2,3,177.77,1359480,6
Ayush Badoni ,c †Dhoni b Deshpande,23,18,38,0,0,127.77,1359480,7
Krishnappa Gowtham ,not out ,17,11,26,0,1,154.54,1359480,8
Mark Wood ,not out ,10,3,2,1,1,333.33,1359480,9
Extras,"(lb 2, nb 3, w 13)",18,,,,,,1359480,10
TOTAL,20 Ov (RR: 10.25),205/7,,,,,,1359480,11
Virat Kohli ,not out ,82,49,75,6,5,167.34,1359479,1
Faf du Plessis (c),c David b Arshad Khan,73,43,66,5,6,169.76,1359479,2
Dinesh Karthik †,c Tilak Varma b Green,0,3,6,0,0,0.00,1359479,3
Glenn Maxwell ,not out ,12,3,5,0,2,400.00,1359479,4
Extras,"(lb 1, w 4)",5,,,,,,1359479,5
TOTAL,16.2 Ov (RR: 10.53),172/2,,,,,,1359479,6
Abhishek Sharma , b Boult,0,3,3,0,0,0.00,1359478,1
Mayank Agarwal ,c Buttler b Chahal,27,23,56,3,0,117.39,1359478,2
Rahul Tripathi ,c Holder b Boult,0,2,6,0,0,0.00,1359478,3
Harry Brook , b Chahal,13,21,28,1,0,61.90,1359478,4
Washington Sundar ,c Hetmyer b Holder,1,5,10,0,0,20.00,1359478,5
Glenn Phillips †,c Asif b Ashwin,8,6,6,0,1,133.33,1359478,6
Abdul Samad ,not out ,32,32,51,2,1,100.00,1359478,7
Adil Rashid ,st †Samson b Chahal,18,13,17,1,1,138.46,1359478,8
Bhuvneshwar Kumar (c), b Chahal,6,10,20,0,0,60.00,1359478,9
Umran Malik ,not out ,19,8,12,1,2,237.50,1359478,10
Extras,"(lb 1, nb 3, w 3)",7,,,,,,1359478,11
TOTAL,20 Ov (RR: 6.55),131/8,,,,,,1359478,12
Prithvi Shaw , b Wood,12,9,24,2,0,133.33,1359477,1
David Warner (c),c Gowtham b Avesh Khan,56,48,87,7,0,116.66,1359477,2
Mitchell Marsh , b Wood,0,1,2,0,0,0.00,1359477,3
Sarfaraz Khan †,c Gowtham b Wood,4,9,16,1,0,44.44,1359477,4
Rilee Rossouw ,c Mayers b Ravi Bishnoi,30,20,24,3,1,150.00,1359477,5
Rovman Powell ,lbw b Ravi Bishnoi,1,3,11,0,0,33.33,1359477,6
Aman Hakim Khan ,c †Pooran b Avesh Khan,4,5,11,0,0,80.00,1359477,7
Axar Patel ,c sub (PN Mankad) b Wood,16,11,21,1,1,145.45,1359477,8
Kuldeep Yadav ,not out ,6,10,22,0,0,60.00,1359477,9
Chetan Sakariya ,c Pandya b Wood,4,4,5,1,0,100.00,1359477,10
Mukesh Kumar ,not out ,0,1,1,0,0,0.00,1359477,11
Extras,"(nb 1, w 9)",10,,,,,,1359477,12
TOTAL,20 Ov (RR: 7.15),143/9,,,,,,1359477,13
Mandeep Singh ,c Curran b Arshdeep Singh,2,4,7,0,0,50.00,1359476,1
Rahmanullah Gurbaz †, b Ellis,22,16,26,3,1,137.50,1359476,2
Anukul Roy ,c Sikandar Raza b Arshdeep Singh,4,5,5,1,0,80.00,1359476,3
Venkatesh Iyer ,c Chahar b Arshdeep Singh,34,28,66,3,1,121.42,1359476,4
Nitish Rana (c),c Chahar b Sikandar Raza,24,17,23,3,1,141.17,1359476,5
Rinku Singh ,c Sikandar Raza b Chahar,4,4,5,0,0,100.00,1359476,6
Andre Russell ,c Sikandar Raza b Curran,35,19,24,3,2,184.21,1359476,7
Shardul Thakur ,not out ,8,3,8,0,1,266.66,1359476,8
Sunil Narine ,not out ,7,2,4,0,1,350.00,1359476,9
Extras,"(b 1, lb 2, nb 2, w 1)",6,,,,,,1359476,10
TOTAL,16 Ov (RR: 9.12),146/7,,,,,,1359476,11
Wriddhiman Saha †,c Dube b Hangargekar,25,16,-,2,2,156.25,1359475,1
Shubman Gill ,c Gaikwad b Deshpande,63,36,-,6,3,175.00,1359475,2
Sai Sudharsan ,c †Dhoni b Hangargekar,22,17,-,3,0,129.41,1359475,3
Hardik Pandya (c), b Jadeja,8,11,-,0,0,72.72,1359475,4
Vijay Shankar ,c Santner b Hangargekar,27,21,-,2,1,128.57,1359475,5
Rahul Tewatia ,not out ,15,14,-,1,1,107.14,1359475,6
Rashid Khan ,not out ,10,3,-,1,1,333.33,1359475,7
Extras,"(lb 6, nb 2, w 4)",12,,,,,,1359475,8
TOTAL,19.2 Ov (RR: 9.41),182/5,,,,,,1359475,9
